id,analysis_scope,user_id,intent,tag_technique,question,sql_query,rationale
1,global,,Analyse des causes d’un faible score,causal_analysis,Pourquoi la compétence « Organiser ses textes » présente-t-elle des performances faibles au niveau global ?,SELECT AVG(ar.Level) AS avg_score FROM fact_evaluation_results ar JOIN dim_competence c ON ar.competence_id = c.id WHERE c.name = 'Organiser ses textes';,"La performance globale faible sur cette compétence s’explique par une combinaison de facteurs comportementaux et organisationnels. Les indicateurs montrent un effort souvent concentré juste avant les échéances, une faible régularité du travail et un usage partiel des ressources pédagogiques (FCR faible). De plus, le temps de démarrage tardif des activités et une absence de révision de contenu traduisent une stratégie d’apprentissage peu structurée, conduisant à des lacunes persistantes malgré une activité apparente sur la plateforme."
2,individual,1252,Analyse des causes d’un faible score,causal_analysis,Pourquoi l’étudiant avec l’ID 1252 rencontre-t-il des difficultés dans la compétence « Utiliser des reprises » ?,SELECT AVG(ar.Level) AS avg_score FROM fact_evaluation_results ar JOIN dim_competence c ON ar.competence_id = c.id WHERE c.name = 'Utiliser des reprises' AND ar.user_id = 1252;,"L’étudiant 1252 présente un profil actif mais inefficace : malgré une fréquence de connexion élevée et plusieurs tentatives, les scores stagnent. Les indicateurs révèlent un taux d’erreur élevé (TEC) et une répétition d’activités superficielles sans réelle révision du contenu. Le temps moyen passé par activité reste court, suggérant une compréhension partielle et une difficulté à transférer les connaissances acquises."
3,group,,Analyse des causes d’un faible score,causal_analysis,Pourquoi un groupe d’apprenants montre-t-il une progression lente en « Choisir ses mots et ses expressions » ?,SELECT AVG(ar.Level) AS avg_score FROM fact_evaluation_results ar JOIN dim_competence c ON ar.competence_id = c.id WHERE c.name = 'Choisir ses mots et ses expressions';,"La progression lente observée dans ce groupe est liée à un engagement irrégulier et à une faible consultation des micro-ressources. Les apprenants démarrent souvent tardivement les activités et concentrent l’effort avant les échéances. Cette stratégie limite l’entraînement progressif, entraînant des tentatives répétées sans amélioration significative des scores."
4,global,,Analyse des causes d’une baisse de performance,causal_analysis,Pourquoi observe-t-on une baisse de performance en « Construire ses phrases » ce trimestre ?,SELECT AVG(ar.Level) AS avg_score FROM fact_evaluation_results ar JOIN dim_competence c ON ar.competence_id = c.id JOIN dim_time t ON ar.time_id = t.id WHERE c.name = 'Construire ses phrases' AND t.quarter = 'Q2';,"La baisse de performance s’explique par une diminution de l’engagement continu. Les indicateurs montrent une augmentation de la durée moyenne d’absence de progrès (DMAP) et une réduction de la complétion des activités non notées. Les apprenants adoptent un comportement passif mais stratégique, ciblant uniquement les évaluations finales sans consolidation intermédiaire."
5,individual,1304,Analyse des causes d’un échec,causal_analysis,Pourquoi l’étudiant 1304 échoue-t-il fréquemment dans « Maîtriser l’orthographe grammaticale » ?,SELECT AVG(ar.Level) AS avg_score FROM fact_evaluation_results ar JOIN dim_competence c ON ar.competence_id = c.id WHERE c.name = 'Maîtriser l’orthographe grammaticale' AND ar.user_id = 1304;,"L’étudiant présente un taux d’échec compétence élevé, associé à un nombre important d’échecs consécutifs. Les indicateurs comportementaux montrent un faible temps total sur la plateforme et une consultation limitée des ressources explicatives. Cette combinaison suggère un manque d’entraînement et une posture d’apprentissage peu persévérante après les premiers échecs."
6,group,,Analyse des causes de stagnation,causal_analysis,Pourquoi certains apprenants stagnent-ils en « Articuler les termes entre eux » malgré une forte activité ?,SELECT AVG(ar.Level) AS avg_score FROM fact_evaluation_results ar JOIN dim_competence c ON ar.competence_id = c.id WHERE c.name = 'Articuler les termes entre eux';,"Cette stagnation correspond à un profil actif mais inefficace. Les apprenants réalisent de nombreuses tentatives et maintiennent une présence en ligne élevée, mais sans amélioration notable des scores. L’analyse montre une faible révision des contenus et une absence d’ajustement stratégique après les erreurs, ce qui limite l’apprentissage en profondeur."
7,global,,Analyse des causes d’une progression lente,causal_analysis,Pourquoi la compétence « Utiliser des reprises » progresse-t-elle lentement à l’échelle globale ?,SELECT AVG(ar.Level) AS avg_score FROM fact_evaluation_results ar JOIN dim_competence c ON ar.competence_id = c.id WHERE c.name = 'Utiliser des reprises';,"La progression lente est liée à la complexité cognitive de la compétence et à un entraînement insuffisant. Les indicateurs montrent un faible nombre de défis complexes relevés et une utilisation partielle des ressources pédagogiques. Les apprenants privilégient la complétion rapide au détriment de la qualité, ce qui ralentit la consolidation des acquis."
8,individual,1410,Analyse des causes d’une baisse individuelle,causal_analysis,Pourquoi l’étudiant 1410 montre-t-il une baisse récente en « Comprendre les mots » ?,SELECT AVG(ar.Level) AS avg_score FROM fact_evaluation_results ar JOIN dim_competence c ON ar.competence_id = c.id JOIN dim_time t ON ar.time_id = t.id WHERE c.name = 'Comprendre les mots' AND ar.user_id = 1410;,"La baisse individuelle est associée à une diminution de l’engagement cognitif. Les indicateurs révèlent une baisse de la consultation des ressources et une augmentation du temps de réponse excessif, signe d’hésitation. Cela suggère des difficultés de compréhension non compensées par un entraînement adapté."
9,group,,Analyse des causes d’échec collectif,causal_analysis,Pourquoi un groupe d’apprenants échoue-t-il en « Organiser ses textes » ?,SELECT AVG(ar.Level) AS avg_score FROM fact_evaluation_results ar JOIN dim_competence c ON ar.competence_id = c.id WHERE c.name = 'Organiser ses textes';,L’échec collectif est principalement lié à une organisation déficiente du travail. Les indicateurs montrent un taux élevé d’activités en retard et un effort concentré juste avant les échéances. Ce mode de travail limite la planification et la structuration progressive des compétences rédactionnelles.
10,global,,Analyse des causes d’un écart de performance,causal_analysis,Pourquoi observe-t-on un écart important de performance en « Jouer avec les effets de style » ?,SELECT AVG(ar.Level) AS avg_score FROM fact_evaluation_results ar JOIN dim_competence c ON ar.competence_id = c.id WHERE c.name = 'Jouer avec les effets de style';,"L’écart de performance s’explique par des différences marquées de préparation et de posture d’apprentissage. Les apprenants persévérants et bien entraînés progressent rapidement, tandis que ceux ayant une faible interaction avec les ressources et peu de révisions stagnent, accentuant la dispersion des scores."
11,global,,Analyse des causes d’un faible score,causal_analysis,Pourquoi la compétence « Choisir ses mots et ses expressions » affiche-t-elle un score moyen modéré ?,SELECT AVG(ar.Level) AS avg_score FROM fact_evaluation_results ar JOIN dim_competence c ON ar.competence_id = c.id WHERE c.name = 'Choisir ses mots et ses expressions';,"Le score modéré s’explique par une compréhension partielle des notions lexicales et un entraînement insuffisant. Les indicateurs montrent un faible taux de révision du contenu et une utilisation irrégulière des ressources. L’effort est souvent concentré avant les échéances, ce qui limite l’appropriation progressive du vocabulaire."
12,individual,1540,Analyse des causes d’une stagnation,causal_analysis,Pourquoi l’étudiant 1540 stagne-t-il dans « Articuler les termes entre eux » ?,SELECT AVG(ar.Level) AS avg_score FROM fact_evaluation_results ar JOIN dim_competence c ON ar.competence_id = c.id WHERE c.name = 'Articuler les termes entre eux' AND ar.user_id = 1540;,"La stagnation est liée à des tentatives répétées sans ajustement de stratégie. Malgré une activité régulière, l’étudiant présente un taux d’erreur constant et peu de corrections après feedback. Ce comportement traduit un profil actif mais inefficace, avec une faible exploitation des ressources pédagogiques."
13,group,,Analyse des causes d’une progression lente,causal_analysis,Pourquoi certains apprenants progressent-ils lentement en « Comprendre les mots » ?,SELECT AVG(ar.Level) AS avg_score FROM fact_evaluation_results ar JOIN dim_competence c ON ar.competence_id = c.id WHERE c.name = 'Comprendre les mots';,"La progression lente est liée à des difficultés de compréhension initiales non compensées par un entraînement suffisant. Les indicateurs montrent un temps de réponse excessif et une faible fréquence de consultation des ressources explicatives, traduisant une hésitation persistante face aux contenus."
14,global,,Analyse des causes d’une dispersion des scores,causal_analysis,Pourquoi observe-t-on une forte dispersion des scores en « Déterminer les points de vue adoptés » ?,SELECT AVG(ar.Level) AS avg_score FROM fact_evaluation_results ar JOIN dim_competence c ON ar.competence_id = c.id WHERE c.name = 'Déterminer les points de vue adoptés';,"La dispersion s’explique par des profils d’engagement hétérogènes. Les apprenants persévérants, avec une forte interaction avec les ressources, atteignent des scores élevés, tandis que ceux ayant une participation irrégulière et peu de révisions restent en difficulté."
15,individual,1602,Analyse des causes d’un décrochage,causal_analysis,Pourquoi l’étudiant 1602 décroche-t-il après plusieurs échecs en « Organiser ses textes » ?,SELECT AVG(ar.Level) AS avg_score FROM fact_evaluation_results ar JOIN dim_competence c ON ar.competence_id = c.id WHERE c.name = 'Organiser ses textes' AND ar.user_id = 1602;,"Le décrochage est associé à une accumulation d’échecs consécutifs et à une baisse progressive de l’engagement. Les indicateurs révèlent une diminution du temps passé sur la plateforme et un abandon des activités après des résultats négatifs, traduisant un manque de persévérance."
16,group,,Analyse des causes d’inefficacité,causal_analysis,Pourquoi un groupe d’apprenants est-il actif mais peu performant en « Construire ses phrases » ?,SELECT AVG(ar.Level) AS avg_score FROM fact_evaluation_results ar JOIN dim_competence c ON ar.competence_id = c.id WHERE c.name = 'Construire ses phrases';,"Ce groupe présente un fort volume d’activités mais une efficacité limitée. Les indicateurs montrent un grand nombre de tentatives avec peu de révisions et une absence d’amélioration des scores, caractérisant un profil actif mais inefficace."
17,global,,Analyse des causes d’un retard d’apprentissage,causal_analysis,Pourquoi observe-t-on un retard d’apprentissage en « Utiliser des reprises » ?,SELECT AVG(ar.Level) AS avg_score FROM fact_evaluation_results ar JOIN dim_competence c ON ar.competence_id = c.id WHERE c.name = 'Utiliser des reprises';,"Le retard est lié à une faible régularité du travail et à un démarrage tardif des activités. Les indicateurs montrent une concentration de l’effort avant les échéances, ce qui limite l’ancrage progressif des mécanismes de reprise."
18,individual,1688,Analyse des causes d’un faible engagement,causal_analysis,Pourquoi l’étudiant 1688 est-il peu engagé dans « Maîtriser l’orthographe des mots » ?,SELECT AVG(ar.Level) AS avg_score FROM fact_evaluation_results ar JOIN dim_competence c ON ar.competence_id = c.id WHERE c.name = 'Maîtriser l’orthographe des mots' AND ar.user_id = 1688;,"Le faible engagement est visible à travers une fréquence de connexion réduite et un temps total faible sur la plateforme. L’étudiant consulte peu les ressources et abandonne rapidement après les premières difficultés, limitant la progression."
19,group,,Analyse des causes d’échec récurrent,causal_analysis,Pourquoi certains apprenants échouent-ils de manière récurrente en « Maîtriser l’orthographe grammaticale » ?,SELECT AVG(ar.Level) AS avg_score FROM fact_evaluation_results ar JOIN dim_competence c ON ar.competence_id = c.id WHERE c.name = 'Maîtriser l’orthographe grammaticale';,"L’échec récurrent est lié à des lacunes persistantes et à un entraînement insuffisant. Les indicateurs montrent un nombre élevé d’erreurs par tentative et peu de corrections effectives après feedback, ce qui empêche la consolidation des règles grammaticales."
20,global,,Analyse des causes d’une performance inégale,causal_analysis,Pourquoi la performance est-elle inégale en « Maîtriser les modalités et les types de phrases » ?,SELECT AVG(ar.Level) AS avg_score FROM fact_evaluation_results ar JOIN dim_competence c ON ar.competence_id = c.id WHERE c.name = 'Maîtriser les modalités et les types de phrases';,"La performance inégale reflète des différences marquées de stratégies d’apprentissage. Les apprenants bien entraînés et réguliers progressent rapidement, tandis que ceux qui ignorent partiellement les ressources pédagogiques restent en difficulté."
41,individual,1752,Analyse des causes d’un retard dans les compétences,causal_analysis,Pourquoi l’étudiant 1752 a-t-il un retard en « Articuler les termes entre eux » ?,SELECT AVG(ar.Level) AS avg_score FROM fact_evaluation_results ar JOIN dim_competence c ON ar.competence_id = c.id WHERE c.name = 'Articuler les termes entre eux' AND ar.user_id = 1752;,"Le retard est principalement dû à une faible participation aux discussions et une faible révision des contenus. Le suivi des activités est irrégulier, et les erreurs fréquentes sont souvent ignorées, entraînant une stagnation."
42,group,,Analyse des causes d’une faible participation,causal_analysis,Pourquoi la participation en groupe est-elle faible en « Construire ses phrases » ?,SELECT AVG(ar.Level) AS avg_score FROM fact_evaluation_results ar JOIN dim_competence c ON ar.competence_id = c.id WHERE c.name = 'Construire ses phrases';,La faible participation est liée à une mauvaise gestion du temps et à un démarrage lent des activités. Les apprenants ont tendance à négliger les exercices pratiques en début de session et se concentrent uniquement sur les évaluations finales.
43,global,,Analyse des causes d’une baisse de performance générale,causal_analysis,Pourquoi observe-t-on une baisse de performance générale en « Maîtriser l’orthographe des mots » ?,SELECT AVG(ar.Level) AS avg_score FROM fact_evaluation_results ar JOIN dim_competence c ON ar.competence_id = c.id WHERE c.name = 'Maîtriser l’orthographe des mots';,"La baisse de performance est généralement liée à un manque de révisions et à une utilisation irrégulière des ressources. L’étudiant s’efforce de maîtriser la compétence, mais sa persévérance diminue après des échecs répétés dans les tests."
44,individual,1824,Analyse des causes d’une désengagement,causal_analysis,Pourquoi l’étudiant 1824 semble désengagé en « Déterminer les points de vue adoptés » ?,SELECT AVG(ar.Level) AS avg_score FROM fact_evaluation_results ar JOIN dim_competence c ON ar.competence_id = c.id WHERE c.name = 'Déterminer les points de vue adoptés' AND ar.user_id = 1824;,Le désengagement de l’étudiant est causé par des difficultés de concentration et un retard dans les activités. Les indicateurs montrent qu’il manque souvent de temps pour compléter les tâches et qu’il ne revient pas régulièrement aux modules précédents pour revoir ses erreurs.
45,group,,Analyse des causes d’une échec récurrent,causal_analysis,Pourquoi l’échec est-il récurrent pour certains étudiants en « Maîtriser les modalités et les types de phrases » ?,SELECT AVG(ar.Level) AS avg_score FROM fact_evaluation_results ar JOIN dim_competence c ON ar.competence_id = c.id WHERE c.name = 'Maîtriser les modalités et les types de phrases';,L’échec récurrent est dû à des lacunes dans la compréhension des concepts de base et une préparation insuffisante aux évaluations. Les étudiants ne parviennent pas à réviser efficacement et leurs résultats montrent un écart constant entre les sessions.
46,individual,1941,Analyse des causes de progression lente,causal_analysis,Pourquoi l’étudiant 1941 progresse-t-il lentement en « Enchaîner les phrases » ?,SELECT AVG(ar.Level) AS avg_score FROM fact_evaluation_results ar JOIN dim_competence c ON ar.competence_id = c.id WHERE c.name = 'Enchaîner les phrases' AND ar.user_id = 1941;,"La progression lente est principalement causée par un manque de révision et une utilisation suboptimale des ressources. L’étudiant répond aux questions sans analyser les erreurs passées, ce qui ralentit son apprentissage."
47,global,,Analyse des causes d’un faible taux de participation aux activités,causal_analysis,Pourquoi le taux de participation est-il faible dans « Utiliser des reprises » ?,SELECT AVG(ar.Level) AS avg_score FROM fact_evaluation_results ar JOIN dim_competence c ON ar.competence_id = c.id WHERE c.name = 'Utiliser des reprises';,"Le faible taux de participation est lié à une planification inefficace des activités. Les étudiants manquent souvent d’initiative et attendent la dernière minute pour participer, ce qui mène à une maîtrise partielle des compétences."
48,individual,2045,Analyse des causes d’un décrochage après des échecs consécutifs,causal_analysis,Pourquoi l’étudiant 2045 a-t-il décroché après des échecs répétés en « Maîtriser les marques de la conjugaison » ?,SELECT AVG(ar.Level) AS avg_score FROM fact_evaluation_results ar JOIN dim_competence c ON ar.competence_id = c.id WHERE c.name = 'Maîtriser les marques de la conjugaison' AND ar.user_id = 2045;,"Le décrochage est dû à une frustration accumulée après plusieurs tentatives infructueuses. L’étudiant manque de soutien supplémentaire et préfère ne pas tenter à nouveau, ce qui empêche toute progression."
49,global,,Analyse des causes de dispersion des scores,causal_analysis,Pourquoi les scores sont-ils aussi dispersés en « Développer un vocabulaire étendu » ?,SELECT AVG(ar.Level) AS avg_score FROM fact_evaluation_results ar JOIN dim_competence c ON ar.competence_id = c.id WHERE c.name = 'Développer un vocabulaire étendu';,"La dispersion des scores est causée par des comportements d’engagement variables. Certains étudiants sont très impliqués et révisent fréquemment, tandis que d’autres n’investissent pas assez de temps et ne parviennent pas à maîtriser le vocabulaire efficacement."
50,group,,Analyse des causes de mauvaises performances globales,causal_analysis,Pourquoi observe-t-on de mauvaises performances globales dans « Articuler les termes entre eux » ?,SELECT AVG(ar.Level) AS avg_score FROM fact_evaluation_results ar JOIN dim_competence c ON ar.competence_id = c.id WHERE c.name = 'Articuler les termes entre eux';,Les mauvaises performances sont dues à une compréhension insuffisante des relations sémantiques entre les termes. Un manque de révisions et des erreurs non corrigées ont conduit à une maîtrise incomplète du concept.
71,individual,1252,Analyse des causes d’un faible score,causal_analysis,Pourquoi l’étudiant 1252 a-t-il un faible score en « Organiser ses textes » ?,SELECT AVG(ar.Level) FROM fact_evaluation_results ar JOIN dim_competence c ON ar.competence_id = c.id WHERE c.name = 'Organiser ses textes' AND ar.user_id = 1252;,"Le faible score s’explique par une organisation de l’effort insuffisante. Les indicateurs montrent un effort concentré juste avant les échéances (TAR élevé), une faible régularité du travail et un taux d’échec compétence (TEC) supérieur à 35 %. L’étudiant adopte un profil actif mais inefficace : forte activité, mais peu de consolidation des connaissances."
72,group,,Analyse des causes d’échecs répétés,causal_analysis,Pourquoi observe-t-on des échecs répétés en « Utiliser des reprises » ?,SELECT AVG(ar.Level) FROM fact_evaluation_results ar JOIN dim_competence c ON ar.competence_id = c.id WHERE c.name = 'Utiliser des reprises';,"Les échecs répétés sont liés à un faible usage des ressources pédagogiques (FCR bas) et à un manque d’entraînement écrit. Le nombre d’échecs consécutifs par compétence (NECC) est élevé, indiquant des tentatives répétées sans amélioration significative."
73,global,,Analyse des causes d’une stagnation des scores,causal_analysis,Pourquoi les scores stagnent-ils en « Construire ses phrases » ?,SELECT AVG(ar.Level) FROM fact_evaluation_results ar JOIN dim_competence c ON ar.competence_id = c.id WHERE c.name = 'Construire ses phrases';,"La stagnation est due à une faible révision de contenu et à une absence de progression dans les indicateurs de processus. Le taux de progression des scores (TPS) est inférieur à 5 %, malgré une présence en ligne correcte, traduisant un engagement passif mais stratégique."
74,individual,1389,Analyse des causes d’un décrochage,causal_analysis,Pourquoi l’étudiant 1389 a-t-il décroché après un échec en « Enchaîner les phrases » ?,SELECT AVG(ar.Level) FROM fact_evaluation_results ar JOIN dim_competence c ON ar.competence_id = c.id WHERE c.name = 'Enchaîner les phrases' AND ar.user_id = 1389;,"Le décrochage s’explique par un manque de persévérance après un échec initial. Les indicateurs montrent une augmentation de la durée moyenne d’absence de progrès (DMAP) et une chute du taux de participation (TPA), indiquant un abandon progressif."
75,group,,Analyse des causes d’erreurs fréquentes,causal_analysis,Pourquoi les erreurs sont-elles fréquentes en « Articuler les termes entre eux » ?,SELECT AVG(ar.Level) FROM fact_evaluation_results ar JOIN dim_competence c ON ar.competence_id = c.id WHERE c.name = 'Articuler les termes entre eux';,"Les erreurs fréquentes sont liées à une compréhension partielle des relations syntaxiques. Le taux d’erreur est élevé et le nombre de tentatives par activité augmente sans amélioration, révélant un entraînement insuffisant."
76,individual,1467,Analyse des causes d’une progression irrégulière,causal_analysis,Pourquoi la progression de l’étudiant 1467 est-elle irrégulière en « Choisir ses mots et ses expressions » ?,SELECT AVG(ar.Level) FROM fact_evaluation_results ar JOIN dim_competence c ON ar.competence_id = c.id WHERE c.name = 'Choisir ses mots et ses expressions' AND ar.user_id = 1467;,"La progression irrégulière est due à des rythmes d’apprentissage instables (FRI élevé). L’étudiant alterne périodes d’activité intense et phases d’inactivité, ce qui nuit à la consolidation des acquis."
77,global,,Analyse des causes d’une baisse récente,causal_analysis,Pourquoi observe-t-on une baisse récente en « Maîtriser l’orthographe grammaticale » ?,SELECT AVG(ar.Level) FROM fact_evaluation_results ar JOIN dim_competence c ON ar.competence_id = c.id WHERE c.name = 'Maîtriser l’orthographe grammaticale';,La baisse récente est liée à une diminution de l’engagement dans les activités de révision. Les indicateurs montrent une baisse du temps total passé sur la plateforme (TTP) et une réduction des activités de réécriture.
78,group,,Analyse des causes d’un faible niveau global,causal_analysis,Pourquoi le niveau global est-il faible en « Organiser ses textes » ?,SELECT AVG(ar.Level) FROM fact_evaluation_results ar JOIN dim_competence c ON ar.competence_id = c.id WHERE c.name = 'Organiser ses textes';,"Le faible niveau global est dû à une mauvaise planification des tâches et à un manque de structuration du travail. Le niveau d’organisation qualitatif (NOQ) est faible, indiquant des difficultés persistantes."
79,individual,1593,Analyse des causes d’une amélioration limitée,causal_analysis,Pourquoi l’amélioration de l’étudiant 1593 reste-t-elle limitée en « Comprendre les mots » ?,SELECT AVG(ar.Level) FROM fact_evaluation_results ar JOIN dim_competence c ON ar.competence_id = c.id WHERE c.name = 'Comprendre les mots' AND ar.user_id = 1593;,"L’amélioration limitée est liée à une utilisation partielle des ressources pédagogiques. L’étudiant consulte les contenus mais ne réalise pas suffisamment d’exercices pratiques, ce qui freine la progression."
80,global,,Analyse des causes d’une forte hétérogénéité,causal_analysis,Pourquoi observe-t-on une forte hétérogénéité des scores en « Déterminer les points de vue adoptés » ?,SELECT AVG(ar.Level) FROM fact_evaluation_results ar JOIN dim_competence c ON ar.competence_id = c.id WHERE c.name = 'Déterminer les points de vue adoptés';,"L’hétérogénéité des scores s’explique par des profils d’apprentissage contrastés. Certains apprenants sont persévérants et bien entraînés, tandis que d’autres présentent un engagement faible et une compréhension partielle des concepts."
81,global,,Analyse des causes,causal_analysis,Pourquoi observe-t-on un faible niveau global en « Choisir ses mots et ses expressions » ?,"SELECT AVG(ar.validated) AS avg_validated_competences, SUM(ar.validated) AS valid_count, SUM(ar.not_validated) AS not_valid_count, SUM(ar.abandoned) AS abandoned_count FROM fact_evaluation_results ar JOIN dim_competence c ON ar.competence_id = c.id WHERE c.name = 'Choisir ses mots et ses expressions';","Le score moyen de compétences validées est de 5/14, avec 5 validées, 7 non validées et 2 abandons. Les apprenants sont actifs mais inefficaces et montrent des difficultés de compréhension, traduisant des lacunes persistantes malgré une présence en ligne régulière."
82,global,,Analyse des causes,causal_analysis,Pourquoi la compétence « Comprendre les mots » reste-t-elle faible à l’échelle globale ?,"SELECT AVG(ar.validated) AS avg_validated_competences, SUM(ar.validated) AS valid_count, SUM(ar.not_validated) AS not_valid_count, SUM(ar.abandoned) AS abandoned_count FROM fact_evaluation_results ar JOIN dim_competence c ON ar.competence_id = c.id WHERE c.name = 'Comprendre les mots';","Le score moyen de compétences validées est de 6/14, avec 6 validées, 6 non validées et 2 abandons. Les apprenants sont persévérants mais montrent une forte activité sans amélioration. L’effort concentré avant les échéances n’a pas permis de combler les lacunes persistantes."
83,global,,Analyse des causes,causal_analysis,Pourquoi observe-t-on une lente progression en « Développer un vocabulaire étendu » ?,"SELECT AVG(ar.validated) AS avg_validated_competences, SUM(ar.validated) AS valid_count, SUM(ar.not_validated) AS not_valid_count, SUM(ar.abandoned) AS abandoned_count FROM fact_evaluation_results ar JOIN dim_competence c ON ar.competence_id = c.id WHERE c.name = 'Développer un vocabulaire étendu';","Le score moyen de compétences validées est de 4/14, avec 4 validées, 8 non validées et 2 abandons. Les apprenants sont passifs mais stratégiques, et malgré une présence en ligne régulière, ils montrent des difficultés de compréhension et des lacunes persistantes."
84,global,,Analyse des causes,causal_analysis,Pourquoi le niveau global en « Maîtriser l’orthographe des mots » reste-t-il limité ?,"SELECT AVG(ar.validated) AS avg_validated_competences, SUM(ar.validated) AS valid_count, SUM(ar.not_validated) AS not_valid_count, SUM(ar.abandoned) AS abandoned_count FROM fact_evaluation_results ar JOIN dim_competence c ON ar.competence_id = c.id WHERE c.name = 'Maîtriser l’orthographe des mots';","Le score moyen de compétences validées est de 7/14, avec 7 validées, 5 non validées et 2 abandons. Les apprenants sont persévérants, mais certaines lacunes persistent malgré un travail régulier et une forte activité sans amélioration."
85,global,,Analyse des causes,causal_analysis,Pourquoi la compétence « Articuler les termes entre eux » est-elle peu maîtrisée globalement ?,"SELECT AVG(ar.validated) AS avg_validated_competences, SUM(ar.validated) AS valid_count, SUM(ar.not_validated) AS not_valid_count, SUM(ar.abandoned) AS abandoned_count FROM fact_evaluation_results ar JOIN dim_competence c ON ar.competence_id = c.id WHERE c.name = 'Articuler les termes entre eux';","Le score moyen de compétences validées est de 6/14, avec 6 validées, 6 non validées et 2 abandons. Les apprenants sont actifs mais inefficaces, montrant des difficultés de compréhension et un effort concentré avant les échéances sans réelle consolidation des acquis."
86,global,,Analyse des causes,causal_analysis,Pourquoi observe-t-on un faible niveau en « Construire ses phrases » à l’échelle globale ?,"SELECT AVG(ar.validated) AS avg_validated_competences, SUM(ar.validated) AS valid_count, SUM(ar.not_validated) AS not_valid_count, SUM(ar.abandoned) AS abandoned_count FROM fact_evaluation_results ar JOIN dim_competence c ON ar.competence_id = c.id WHERE c.name = 'Construire ses phrases';","Le score moyen de compétences validées est de 5/14, avec 5 validées, 7 non validées et 2 abandons. Les apprenants sont passifs mais stratégiques, et malgré une forte activité, ils n’améliorent pas leur maîtrise, révélant des lacunes persistantes."
87,global,,Analyse des causes,causal_analysis,Pourquoi la compétence « Maîtriser l’orthographe grammaticale » reste-t-elle faible globalement ?,"SELECT AVG(ar.validated) AS avg_validated_competences, SUM(ar.validated) AS valid_count, SUM(ar.not_validated) AS not_valid_count, SUM(ar.abandoned) AS abandoned_count FROM fact_evaluation_results ar JOIN dim_competence c ON ar.competence_id = c.id WHERE c.name = 'Maîtriser l’orthographe grammaticale';","Le score moyen de compétences validées est de 6/14, avec 6 validées, 6 non validées et 2 abandons. Les apprenants sont persévérants mais montrent des difficultés de compréhension et un travail irrégulier, entraînant des lacunes persistantes."
88,global,,Analyse des causes,causal_analysis,Pourquoi la compétence « Maîtriser les modalités et les types de phrases » progresse-t-elle lentement ?,"SELECT AVG(ar.validated) AS avg_validated_competences, SUM(ar.validated) AS valid_count, SUM(ar.not_validated) AS not_valid_count, SUM(ar.abandoned) AS abandoned_count FROM fact_evaluation_results ar JOIN dim_competence c ON ar.competence_id = c.id WHERE c.name = 'Maîtriser les modalités et les types de phrases';","Le score moyen de compétences validées est de 5/14, avec 5 validées, 7 non validées et 2 abandons. Les apprenants sont actifs mais inefficaces et montrent un effort concentré avant les échéances sans amélioration durable."
89,global,,Analyse des causes,causal_analysis,Pourquoi la compétence « Enchaîner les phrases » reste-t-elle faible ?,"SELECT AVG(ar.validated) AS avg_validated_competences, SUM(ar.validated) AS valid_count, SUM(ar.not_validated) AS not_valid_count, SUM(ar.abandoned) AS abandoned_count FROM fact_evaluation_results ar JOIN dim_competence c ON ar.competence_id = c.id WHERE c.name = 'Enchaîner les phrases';","Le score moyen de compétences validées est de 4/14, avec 4 validées, 8 non validées et 2 abandons. Les apprenants sont passifs mais stratégiques et montrent des difficultés de compréhension, malgré un travail régulier."
90,global,,Analyse des causes,causal_analysis,Pourquoi observe-t-on une faible maîtrise globale en « Organiser ses textes » ?,"SELECT AVG(ar.validated) AS avg_validated_competences, SUM(ar.validated) AS valid_count, SUM(ar.not_validated) AS not_valid_count, SUM(ar.abandoned) AS abandoned_count FROM fact_evaluation_results ar JOIN dim_competence c ON ar.competence_id = c.id WHERE c.name = 'Organiser ses textes';","Le score moyen de compétences validées est de 5/14, avec 5 validées, 7 non validées et 2 abandons. Les apprenants sont persévérants mais inefficaces, et la forte activité sans amélioration traduit des lacunes persistantes."
91,global,,Analyse des causes,causal_analysis,Pourquoi la compétence « Utiliser des reprises » progresse-t-elle lentement ?,"SELECT AVG(ar.validated) AS avg_validated_competences, SUM(ar.validated) AS valid_count, SUM(ar.not_validated) AS not_valid_count, SUM(ar.abandoned) AS abandoned_count FROM fact_evaluation_results ar JOIN dim_competence c ON ar.competence_id = c.id WHERE c.name = 'Utiliser des reprises';","Le score moyen de compétences validées est de 6/14, avec 6 validées, 6 non validées et 2 abandons. Les apprenants sont passifs mais stratégiques, montrant des lacunes persistantes malgré un effort concentré avant les échéances."
92,global,,Analyse des causes,causal_analysis,Pourquoi la maîtrise des « Marques de la conjugaison » reste limitée globalement ?,"SELECT AVG(ar.validated) AS avg_validated_competences, SUM(ar.validated) AS valid_count, SUM(ar.not_validated) AS not_valid_count, SUM(ar.abandoned) AS abandoned_count FROM fact_evaluation_results ar JOIN dim_competence c ON ar.competence_id = c.id WHERE c.name = 'Maîtriser les marques de la conjugaison';","Le score moyen de compétences validées est de 5/14, avec 5 validées, 7 non validées et 2 abandons. Les apprenants sont actifs mais inefficaces, et malgré un travail régulier, les lacunes persistent."
93,global,,Analyse des causes,causal_analysis,Pourquoi la compétence « Déterminer les points de vue adoptés » progresse-t-elle lentement ?,"SELECT AVG(ar.validated) AS avg_validated_competences, SUM(ar.validated) AS valid_count, SUM(ar.not_validated) AS not_valid_count, SUM(ar.abandoned) AS abandoned_count FROM fact_evaluation_results ar JOIN dim_competence c ON ar.competence_id = c.id WHERE c.name = 'Déterminer les points de vue adoptés';","Le score moyen de compétences validées est de 4/14, avec 4 validées, 8 non validées et 2 abandons. Les apprenants sont passifs mais stratégiques, montrant des difficultés de compréhension et un effort concentré avant les échéances."
94,global,,Analyse des causes,causal_analysis,Pourquoi observe-t-on un faible niveau global en « Jouer avec les effets de style » ?,"SELECT AVG(ar.validated) AS avg_validated_competences, SUM(ar.validated) AS valid_count, SUM(ar.not_validated) AS not_valid_count, SUM(ar.abandoned) AS abandoned_count FROM fact_evaluation_results ar JOIN dim_competence c ON ar.competence_id = c.id WHERE c.name = 'Jouer avec les effets de style';","Le score moyen de compétences validées est de 3/14, avec 3 validées, 9 non validées et 2 abandons. Les apprenants sont passifs mais stratégiques et présentent des lacunes persistantes malgré une forte activité."
95,global,,Niveau global de performance,performance_evaluation,Quel est le score moyen global de compétences validées pour l’ensemble des apprenants ?,"SELECT AVG(ar.validated) AS avg_validated_competences, SUM(ar.validated) AS valid_count, SUM(ar.not_validated) AS not_valid_count, SUM(ar.abandoned) AS abandoned_count FROM fact_evaluation_results ar;","Le score moyen global est de 5,5/14, avec 5,5 compétences validées en moyenne, 7,5 non validées et 2 abandons. Les apprenants sont persévérants mais montrent des difficultés de compréhension et un effort irrégulier, traduisant des lacunes persistantes."
96,global,,Niveau global de performance,performance_evaluation,Quel est le score moyen de compétences validées en « Choisir ses mots et ses expressions » à l’échelle globale ?,"SELECT AVG(ar.validated) AS avg_validated_competences, SUM(ar.validated) AS valid_count, SUM(ar.not_validated) AS not_valid_count, SUM(ar.abandoned) AS abandoned_count FROM fact_evaluation_results ar JOIN dim_competence c ON ar.competence_id = c.id WHERE c.name = 'Choisir ses mots et ses expressions';","Le score moyen global est de 6/14, avec 6 compétences validées, 6 non validées et 2 abandons. Les apprenants sont persévérants mais montrent une forte activité sans amélioration notable, révélant des lacunes persistantes."
97,global,,Niveau global de performance,performance_evaluation,Quel est le score moyen de compétences validées en « Comprendre les mots » ?,"SELECT AVG(ar.validated) AS avg_validated_competences, SUM(ar.validated) AS valid_count, SUM(ar.not_validated) AS not_valid_count, SUM(ar.abandoned) AS abandoned_count FROM fact_evaluation_results ar JOIN dim_competence c ON ar.competence_id = c.id WHERE c.name = 'Comprendre les mots';","Le score moyen global est de 7/14, avec 7 compétences validées, 5 non validées et 2 abandons. Les apprenants sont actifs mais inefficaces, et malgré un travail régulier, certaines lacunes persistent."
98,global,,Niveau global de performance,performance_evaluation,Quel est le score moyen global en « Développer un vocabulaire étendu » ?,"SELECT AVG(ar.validated) AS avg_validated_competences, SUM(ar.validated) AS valid_count, SUM(ar.not_validated) AS not_valid_count, SUM(ar.abandoned) AS abandoned_count FROM fact_evaluation_results ar JOIN dim_competence c ON ar.competence_id = c.id WHERE c.name = 'Développer un vocabulaire étendu';","Le score moyen global est de 5/14, avec 5 validées, 7 non validées et 2 abandons. Les apprenants sont passifs mais stratégiques et présentent des difficultés de compréhension malgré une forte activité."
99,global,,Niveau global de performance,performance_evaluation,Quel est le score moyen global en « Maîtriser l’orthographe des mots » ?,"SELECT AVG(ar.validated) AS avg_validated_competences, SUM(ar.validated) AS valid_count, SUM(ar.not_validated) AS not_valid_count, SUM(ar.abandoned) AS abandoned_count FROM fact_evaluation_results ar JOIN dim_competence c ON ar.competence_id = c.id WHERE c.name = 'Maîtriser l’orthographe des mots';","Le score moyen global est de 6/14, avec 6 validées, 6 non validées et 2 abandons. Les apprenants sont persévérants mais montrent une forte activité sans amélioration notable, traduisant des lacunes persistantes."
100,global,,Niveau global de performance,performance_evaluation,Quel est le score moyen global en « Articuler les termes entre eux » ?,"SELECT AVG(ar.validated) AS avg_validated_competences, SUM(ar.validated) AS valid_count, SUM(ar.not_validated) AS not_valid_count, SUM(ar.abandoned) AS abandoned_count FROM fact_evaluation_results ar JOIN dim_competence c ON ar.competence_id = c.id WHERE c.name = 'Articuler les termes entre eux';","Le score moyen global est de 5/14, avec 5 validées, 7 non validées et 2 abandons. Les apprenants sont actifs mais inefficaces, et malgré une forte activité, certaines lacunes persistent."
101,global,,Niveau global de performance,performance_evaluation,Quel est le score moyen global en « Construire ses phrases » ?,"SELECT AVG(ar.validated) AS avg_validated_competences, SUM(ar.validated) AS valid_count, SUM(ar.not_validated) AS not_valid_count, SUM(ar.abandoned) AS abandoned_count FROM fact_evaluation_results ar JOIN dim_competence c ON ar.competence_id = c.id WHERE c.name = 'Construire ses phrases';","Le score moyen global est de 6/14, avec 6 validées, 6 non validées et 2 abandons. Les apprenants sont persévérants mais montrent une forte activité sans amélioration, révélant des lacunes persistantes."
102,global,,Niveau global de performance,performance_evaluation,Quel est le score moyen global en « Maîtriser l’orthographe grammaticale » ?,"SELECT AVG(ar.validated) AS avg_validated_competences, SUM(ar.validated) AS valid_count, SUM(ar.not_validated) AS not_valid_count, SUM(ar.abandoned) AS abandoned_count FROM fact_evaluation_results ar JOIN dim_competence c ON ar.competence_id = c.id WHERE c.name = 'Maîtriser l’orthographe grammaticale';","Le score moyen global est de 5/14, avec 5 validées, 7 non validées et 2 abandons. Les apprenants sont actifs mais inefficaces, malgré un effort concentré avant les échéances."
103,global,,Niveau global de performance,performance_evaluation,Quel est le score moyen global en « Maîtriser les modalités et les types de phrases » ?,"SELECT AVG(ar.validated) AS avg_validated_competences, SUM(ar.validated) AS valid_count, SUM(ar.not_validated) AS not_valid_count, SUM(ar.abandoned) AS abandoned_count FROM fact_evaluation_results ar JOIN dim_competence c ON ar.competence_id = c.id WHERE c.name = 'Maîtriser les modalités et les types de phrases';","Le score moyen global est de 4/14, avec 4 validées, 8 non validées et 2 abandons. Les apprenants sont passifs mais stratégiques et montrent des difficultés de compréhension."
104,global,,Niveau global de performance,performance_evaluation,Quel est le score moyen global en « Enchaîner les phrases » ?,"SELECT AVG(ar.validated) AS avg_validated_competences, SUM(ar.validated) AS valid_count, SUM(ar.not_validated) AS not_valid_count, SUM(ar.abandoned) AS abandoned_count FROM fact_evaluation_results ar JOIN dim_competence c ON ar.competence_id = c.id WHERE c.name = 'Enchaîner les phrases';","Le score moyen global est de 5/14, avec 5 validées, 7 non validées et 2 abandons. Les apprenants sont actifs mais inefficaces, malgré un travail régulier."
105,global,,Niveau global de performance,performance_evaluation,Quel est le score moyen global en « Organiser ses textes » ?,"SELECT AVG(ar.validated) AS avg_validated_competences, SUM(ar.validated) AS valid_count, SUM(ar.not_validated) AS not_valid_count, SUM(ar.abandoned) AS abandoned_count FROM fact_evaluation_results ar JOIN dim_competence c ON ar.competence_id = c.id WHERE c.name = 'Organiser ses textes';","Le score moyen global est de 6/14, avec 6 validées, 6 non validées et 2 abandons. Les apprenants sont persévérants mais montrent des lacunes persistantes."
106,global,,Niveau global de performance,performance_evaluation,Quel est le score moyen global en « Utiliser des reprises » ?,"SELECT AVG(ar.validated) AS avg_validated_competences, SUM(ar.validated) AS valid_count, SUM(ar.not_validated) AS not_valid_count, SUM(ar.abandoned) AS abandoned_count FROM fact_evaluation_results ar JOIN dim_competence c ON ar.competence_id = c.id WHERE c.name = 'Utiliser des reprises';","Le score moyen global est de 5/14, avec 5 validées, 7 non validées et 2 abandons. Les apprenants sont passifs mais stratégiques, malgré un effort concentré avant les échéances."
107,global,,Niveau global de performance,performance_evaluation,Quel est le score moyen global en « Maîtriser les marques de la conjugaison » ?,"SELECT AVG(ar.validated) AS avg_validated_competences, SUM(ar.validated) AS valid_count, SUM(ar.not_validated) AS not_valid_count, SUM(ar.abandoned) AS abandoned_count FROM fact_evaluation_results ar JOIN dim_competence c ON ar.competence_id = c.id WHERE c.name = 'Maîtriser les marques de la conjugaison';","Le score moyen global est de 4/14, avec 4 validées, 8 non validées et 2 abandons. Les apprenants sont passifs mais stratégiques et montrent des lacunes persistantes."
108,global,,Niveau global de performance,performance_evaluation,Quel est le score moyen global en « Déterminer les points de vue adoptés » ?,"SELECT AVG(ar.validated) AS avg_validated_competences, SUM(ar.validated) AS valid_count, SUM(ar.not_validated) AS not_valid_count, SUM(ar.abandoned) AS abandoned_count FROM fact_evaluation_results ar JOIN dim_competence c ON ar.competence_id = c.id WHERE c.name = 'Déterminer les points de vue adoptés';","Le score moyen global est de 3/14, avec 3 validées, 9 non validées et 2 abandons. Les apprenants sont passifs mais stratégiques et présentent des lacunes persistantes."
109,global,,Niveau global de performance,performance_evaluation,Quel est le score moyen global en « Jouer avec les effets de style » ?,"SELECT AVG(ar.validated) AS avg_validated_competences, SUM(ar.validated) AS valid_count, SUM(ar.not_validated) AS not_valid_count, SUM(ar.abandoned) AS abandoned_count FROM fact_evaluation_results ar JOIN dim_competence c ON ar.competence_id = c.id WHERE c.name = 'Jouer avec les effets de style';","Le score moyen global est de 2/14, avec 2 validées, 10 non validées et 2 abandons. Les apprenants sont passifs mais stratégiques, et la forte activité n’a pas permis d’améliorer la maîtrise de cette compétence."
110,global,,Niveau global de performance,performance_evaluation,Quel est le score moyen global de toutes les compétences validées ?,"SELECT AVG(ar.validated) AS avg_validated_competences, SUM(ar.validated) AS valid_count, SUM(ar.not_validated) AS not_valid_count, SUM(ar.abandoned) AS abandoned_count FROM fact_evaluation_results ar;","Le score moyen global toutes compétences confondues est de 5/14, avec 5 validées en moyenne, 7 non validées et 2 abandons. Les apprenants sont persévérants mais montrent des difficultés de compréhension et un effort irrégulier, traduisant des lacunes persistantes."
111,global,,Niveau global de performance,performance_evaluation,Quel est le score moyen global en « Construire ses phrases » ?,"SELECT AVG(ar.validated) AS avg_validated_competences, SUM(ar.validated) AS valid_count, SUM(ar.not_validated) AS not_valid_count, SUM(ar.abandoned) AS abandoned_count FROM fact_evaluation_results ar JOIN dim_competence c ON ar.competence_id = c.id WHERE c.name = 'Construire ses phrases';","Le score moyen global est de 6/14, avec 6 compétences validées, 6 non validées et 2 abandons. Les apprenants sont persévérants, mais certains exercices ont été abandonnés et l’effort a été concentré avant les échéances, révélant des lacunes persistantes malgré une forte activité."
112,global,,Niveau global de performance,performance_evaluation,Quel est le score moyen global en « Maîtriser l’orthographe grammaticale » ?,"SELECT AVG(ar.validated) AS avg_validated_competences, SUM(ar.validated) AS valid_count, SUM(ar.not_validated) AS not_valid_count, SUM(ar.abandoned) AS abandoned_count FROM fact_evaluation_results ar JOIN dim_competence c ON ar.competence_id = c.id WHERE c.name = 'Maîtriser l’orthographe grammaticale';","Le score moyen global est de 5/14, avec 5 validées, 7 non validées et 2 abandons. Les apprenants ont montré une activité régulière mais inefficace, avec un taux d’erreur élevé et certaines compétences non validées malgré un travail concentré avant les échéances."
113,global,,Niveau global de performance,performance_evaluation,Quel est le score moyen global en « Jouer avec les effets de style » ?,"SELECT AVG(ar.validated) AS avg_validated_competences, SUM(ar.validated) AS valid_count, SUM(ar.not_validated) AS not_valid_count, SUM(ar.abandoned) AS abandoned_count FROM fact_evaluation_results ar JOIN dim_competence c ON ar.competence_id = c.id WHERE c.name = 'Jouer avec les effets de style';","Le score moyen global est de 2/14, avec 2 validées, 10 non validées et 2 abandons. Les apprenants sont passifs mais stratégiques, avec des réponses parfois abandonnées et une forte activité sans amélioration. Des lacunes persistantes et un taux d’erreur élevé sont observés."
111,global,,Niveau global de performance,performance_evaluation,Quel est le score moyen global en « Choisir ses mots et ses expressions » ?,"SELECT AVG(ar.validated) AS avg_validated_competences, SUM(ar.validated) AS valid_count, SUM(ar.not_validated) AS not_valid_count, SUM(ar.abandoned) AS abandoned_count, AVG(ar.error_rate) AS avg_error_rate, AVG(ar.time_spent) AS avg_time_spent FROM fact_evaluation_results ar JOIN dim_competence c ON ar.competence_id = c.id WHERE c.name = 'Choisir ses mots et ses expressions';","Le score moyen global est de 5/14, avec 5 compétences validées, 6 non validées et 3 abandons. Les apprenants ont commencé les activités irrégulièrement, certains terminant précipitamment. L’effort s’est concentré avant les échéances, avec forte activité sans amélioration notable, ce qui a généré des lacunes persistantes et un taux d’erreur modéré."
112,global,,Niveau global de performance,performance_evaluation,Quel est le score moyen global en « Comprendre les mots » ?,"SELECT AVG(ar.validated) AS avg_validated_competences, SUM(ar.validated) AS valid_count, SUM(ar.not_validated) AS not_valid_count, SUM(ar.abandoned) AS abandoned_count, AVG(ar.error_rate) AS avg_error_rate, AVG(ar.time_spent) AS avg_time_spent FROM fact_evaluation_results ar JOIN dim_competence c ON ar.competence_id = c.id WHERE c.name = 'Comprendre les mots';","Le score moyen global est de 4/14, avec 4 compétences validées, 7 non validées et 3 abandons. Malgré une présence en ligne régulière, beaucoup ont commencé les activités tardivement et ont travaillé de manière irrégulière. L’effort concentré avant les échéances a limité l’amélioration et augmenté le taux d’erreur, reflétant des lacunes persistantes."
113,global,,Niveau global de performance,performance_evaluation,Quel est le score moyen global en « Développer un vocabulaire étendu » ?,"SELECT AVG(ar.validated) AS avg_validated_competences, SUM(ar.validated) AS valid_count, SUM(ar.not_validated) AS not_valid_count, SUM(ar.abandoned) AS abandoned_count, AVG(ar.error_rate) AS avg_error_rate, AVG(ar.time_spent) AS avg_time_spent FROM fact_evaluation_results ar JOIN dim_competence c ON ar.competence_id = c.id WHERE c.name = 'Développer un vocabulaire étendu';","Le score moyen global est de 6/14, avec 6 compétences validées, 5 non validées et 3 abandons. Les apprenants ont été actifs mais inefficaces, avec effort concentré avant les échéances. La fréquence des erreurs et l’abandon de certaines questions indiquent des difficultés de compréhension et un travail irrégulier."
114,global,,Niveau global de performance,performance_evaluation,Quel est le score moyen global en « Maîtriser l’orthographe des mots » ?,"SELECT AVG(ar.validated) AS avg_validated_competences, SUM(ar.validated) AS valid_count, SUM(ar.not_validated) AS not_valid_count, SUM(ar.abandoned) AS abandoned_count, AVG(ar.error_rate) AS avg_error_rate, AVG(ar.time_spent) AS avg_time_spent FROM fact_evaluation_results ar JOIN dim_competence c ON ar.competence_id = c.id WHERE c.name = 'Maîtriser l’orthographe des mots';","Le score moyen global est de 7/14, avec 7 compétences validées, 4 non validées et 3 abandons. Les participants ont montré un travail régulier mais avec des lacunes persistantes. La présence en ligne est correcte mais certains temps de complétion sont précipités, entraînant des erreurs et des abandons sporadiques."
115,global,,Niveau global de performance,performance_evaluation,Quel est le score moyen global en « Articuler les termes entre eux » ?,"SELECT AVG(ar.validated) AS avg_validated_competences, SUM(ar.validated) AS valid_count, SUM(ar.not_validated) AS not_valid_count, SUM(ar.abandoned) AS abandoned_count, AVG(ar.error_rate) AS avg_error_rate, AVG(ar.time_spent) AS avg_time_spent FROM fact_evaluation_results ar JOIN dim_competence c ON ar.competence_id = c.id WHERE c.name = 'Articuler les termes entre eux';","Le score moyen global est de 3/14, avec 3 compétences validées, 8 non validées et 3 abandons. Beaucoup ont commencé les activités tardivement et terminé irrégulièrement. L’effort concentré avant échéances n’a pas suffi à compenser la forte activité sans amélioration, entraînant un taux d’erreur élevé."
116,global,,Niveau global de performance,performance_evaluation,Quel est le score moyen global en « Construire ses phrases » ?,"SELECT AVG(ar.validated) AS avg_validated_competences, SUM(ar.validated) AS valid_count, SUM(ar.not_validated) AS not_valid_count, SUM(ar.abandoned) AS abandoned_count, AVG(ar.error_rate) AS avg_error_rate, AVG(ar.time_spent) AS avg_time_spent FROM fact_evaluation_results ar JOIN dim_competence c ON ar.competence_id = c.id WHERE c.name = 'Construire ses phrases';","Le score moyen global est de 8/14, avec 8 compétences validées, 3 non validées et 3 abandons. Les apprenants ont été persévérants, avec travail régulier et présence en ligne satisfaisante. Les abandons restent concentrés sur des questions complexes, indiquant des difficultés de compréhension ciblées."
117,global,,Niveau global de performance,performance_evaluation,Quel est le score moyen global en « Maîtriser l’orthographe grammaticale » ?,"SELECT AVG(ar.validated) AS avg_validated_competences, SUM(ar.validated) AS valid_count, SUM(ar.not_validated) AS not_valid_count, SUM(ar.abandoned) AS abandoned_count, AVG(ar.error_rate) AS avg_error_rate, AVG(ar.time_spent) AS avg_time_spent FROM fact_evaluation_results ar JOIN dim_competence c ON ar.competence_id = c.id WHERE c.name = 'Maîtriser l’orthographe grammaticale';","Le score moyen global est de 5/14, avec 5 compétences validées, 6 non validées et 3 abandons. La plupart ont travaillé irrégulièrement, certains surperformant ponctuellement mais sans amélioration durable. Le taux d’erreur reste modéré mais certaines questions sont abandonnées, reflétant une gestion irrégulière de l’effort."
118,global,,Niveau global de performance,performance_evaluation,Quel est le score moyen global en « Maîtriser les modalités et les types de phrases » ?,"SELECT AVG(ar.validated) AS avg_validated_competences, SUM(ar.validated) AS valid_count, SUM(ar.not_validated) AS not_valid_count, SUM(ar.abandoned) AS abandoned_count, AVG(ar.error_rate) AS avg_error_rate, AVG(ar.time_spent) AS avg_time_spent FROM fact_evaluation_results ar JOIN dim_competence c ON ar.competence_id = c.id WHERE c.name = 'Maîtriser les modalités et les types de phrases';","Le score moyen global est de 6/14, avec 6 compétences validées, 5 non validées et 3 abandons. Les participants ont montré un effort irrégulier, avec forte activité concentrée avant échéances. Les abandons et le taux d’erreur révèlent des difficultés de compréhension ciblées."
121,global,,Niveau global de performance,performance_evaluation,Quel est le score moyen global en « Choisir ses mots et ses expressions » et quelles difficultés sont observées ?,"SELECT AVG(ar.validated) AS avg_validated_competences, SUM(ar.not_validated) AS not_valid_count, SUM(ar.abandoned) AS abandoned_count, AVG(ar.error_rate) AS avg_error_rate, AVG(ar.time_spent) AS avg_time_spent FROM fact_evaluation_results ar JOIN dim_competence c ON ar.competence_id = c.id WHERE c.name = 'Choisir ses mots et ses expressions';","Le score moyen global est de 5/14, avec 5 compétences validées, 6 non validées et 3 abandons. Les apprenants ont commencé les activités irrégulièrement, terminé certaines précipitamment, et se sont concentrés surtout avant les échéances. Les abandons et le taux d’erreur indiquent des difficultés de compréhension et un effort irrégulier, malgré une forte activité."
122,global,,Analyse causale,causal_analysis,Pourquoi le score moyen en « Comprendre les mots » est-il faible ?,"SELECT AVG(ar.validated) AS avg_validated_competences, SUM(ar.not_validated) AS not_valid_count, SUM(ar.abandoned) AS abandoned_count, AVG(ar.error_rate) AS avg_error_rate, AVG(ar.time_spent) AS avg_time_spent, AVG(ar.start_time) AS avg_start_time FROM fact_evaluation_results ar JOIN dim_competence c ON ar.competence_id = c.id WHERE c.name = 'Comprendre les mots';","Le score moyen est de 4/14, avec 7 compétences non validées. L’analyse montre que beaucoup ont commencé les activités tardivement et terminé de manière irrégulière. L’effort concentré avant les échéances n’a pas suffi à compenser le faible engagement régulier. Les erreurs fréquentes et certains abandons révèlent des difficultés de compréhension persistantes."
123,global,,Impact pédagogique,impact_assessment,Comment améliorer les performances globales en « Développer un vocabulaire étendu » ?,"SELECT AVG(ar.validated) AS avg_validated_competences, SUM(ar.not_validated) AS not_valid_count, SUM(ar.abandoned) AS abandoned_count, AVG(ar.error_rate) AS avg_error_rate, AVG(ar.time_spent) AS avg_time_spent, AVG(ar.online_presence) AS avg_online_presence FROM fact_evaluation_results ar JOIN dim_competence c ON ar.competence_id = c.id WHERE c.name = 'Développer un vocabulaire étendu';","Le score moyen est de 6/14, avec 5 compétences non validées et 3 abandons. Les apprenants ont été actifs mais inefficaces, avec effort concentré avant échéances. Pour améliorer les performances, il est conseillé d’adopter un travail régulier, planifier l’étude en sessions progressives, renforcer la présence en ligne et réduire le nombre de réponses abandonnées pour mieux consolider les acquis."
124,global,,Niveau global de performance,performance_evaluation,Quel est le score moyen global en « Maîtriser l’orthographe des mots » et combien d’activités ont été abandonnées ?,"SELECT AVG(ar.validated) AS avg_validated_competences, SUM(ar.abandoned) AS abandoned_count, AVG(ar.error_rate) AS avg_error_rate, AVG(ar.time_spent) AS avg_time_spent FROM fact_evaluation_results ar JOIN dim_competence c ON ar.competence_id = c.id WHERE c.name = 'Maîtriser l’orthographe des mots';","Le score moyen est de 7/14, avec 4 activités abandonnées. Les apprenants ont été persévérants mais certaines compétences montrent des lacunes persistantes. L’effort concentré avant les échéances a permis de valider certaines compétences, mais la fréquence irrégulière des activités explique les abandons et le taux d’erreur moyen."
125,global,,Analyse causale,causal_analysis,Pourquoi le score en « Construire ses phrases » reste faible malgré une forte activité ?,"SELECT AVG(ar.validated) AS avg_validated_competences, AVG(ar.time_spent) AS avg_time_spent, AVG(ar.error_rate) AS avg_error_rate, AVG(ar.online_presence) AS avg_online_presence FROM fact_evaluation_results ar JOIN dim_competence c ON ar.competence_id = c.id WHERE c.name = 'Construire ses phrases';","Bien que l’activité en ligne soit élevée, le score moyen est de 5/14. Les apprenants sont actifs mais inefficaces, avec des erreurs fréquentes et des lacunes persistantes. L’organisation de l’effort est irrégulière et le travail concentré avant échéances ne suffit pas à améliorer durablement les performances."
126,global,,Impact pédagogique,impact_assessment,Comment améliorer l’acquisition en « Organiser ses textes » pour l’ensemble des apprenants ?,"SELECT AVG(ar.validated) AS avg_validated_competences, SUM(ar.not_validated) AS not_valid_count, SUM(ar.abandoned) AS abandoned_count, AVG(ar.time_spent) AS avg_time_spent, AVG(ar.online_presence) AS avg_online_presence FROM fact_evaluation_results ar JOIN dim_competence c ON ar.competence_id = c.id WHERE c.name = 'Organiser ses textes';","Le score moyen est de 6/14, avec 5 compétences non validées et 2 abandons. Les apprenants ont montré un travail irrégulier et un engagement en ligne modéré. Pour améliorer les résultats, il est recommandé de planifier des sessions régulières, de renforcer le suivi des activités et de réduire le nombre de réponses abandonnées pour consolider les compétences."
127,global,,Analyse descriptive & statistique,distribution_analysis,Quelle est la répartition des scores pour « Maîtriser les modalités et les types de phrases » ?,"SELECT ar.score, COUNT(*) AS frequency FROM fact_evaluation_results ar JOIN dim_competence c ON ar.competence_id = c.id WHERE c.name = 'Maîtriser les modalités et les types de phrases' GROUP BY ar.score ORDER BY ar.score;","La distribution montre que la majorité des apprenants ont un score compris entre 4 et 8/14. Certaines compétences sont régulièrement non validées, avec des abandons sporadiques. Les temps de démarrage et de complétion des activités varient fortement, révélant un effort irrégulier et des difficultés de compréhension pour certains."
128,global,,Engagement & comportement,activity_level,Quel est le niveau moyen d’activité globale des apprenants sur « Déterminer les points de vue adoptés » ?,"SELECT AVG(ar.time_spent) AS avg_time_spent, AVG(ar.online_presence) AS avg_online_presence, SUM(ar.abandoned) AS abandoned_count FROM fact_evaluation_results ar JOIN dim_competence c ON ar.competence_id = c.id WHERE c.name = 'Déterminer les points de vue adoptés';","Le niveau moyen d’activité est modéré, avec quelques abandons et une présence en ligne irrégulière. Les apprenants montrent un effort concentré avant les échéances mais restent passifs sur certaines compétences. Il existe des lacunes persistantes et des erreurs fréquentes malgré un engagement variable."
129,global,,Niveau global de performance,performance_evaluation,Quel est le score global moyen pour les 4 compétences évaluées ?,"SELECT SUM(ar.validated_score) AS total_score FROM fact_evaluation_results ar WHERE ar.competence_id IN (1,2,3,4);","Le score total moyen est de 48 points sur un maximum de 64 pour ces 4 compétences. Les apprenants sont persévérants, mais certaines activités ont été abandonnées et certaines réponses montrent des lacunes persistantes malgré une activité régulière."
130,global,,Niveau global de performance,performance_evaluation,Quel est le score global moyen pour les 7 compétences évaluées ?,"SELECT SUM(ar.validated_score) AS total_score FROM fact_evaluation_results ar WHERE ar.competence_id IN (1,2,3,4,5,6,7);","Le score total moyen est de 96 points sur un maximum possible de 112. Les apprenants sont actifs mais inefficaces sur certaines compétences, avec un effort concentré avant les échéances et des réponses parfois abandonnées."
131,global,,Niveau global de performance,performance_evaluation,Quel est le score global moyen pour les 9 compétences évaluées ?,"SELECT SUM(ar.validated_score) AS total_score FROM fact_evaluation_results ar WHERE ar.competence_id IN (1,2,3,4,5,6,7,8,9);","Le score total moyen est de 130 points sur 144. Les apprenants sont surperformants et très motivés. Cependant, certaines activités ont été commencées tardivement et certaines réponses montrent des difficultés de compréhension malgré une forte activité."
132,global,,Niveau global de performance,performance_evaluation,Quel est le score global moyen pour l’ensemble des 14 compétences ?,SELECT SUM(ar.validated_score) AS total_score FROM fact_evaluation_results ar;,"Le score total moyen est de 180 points sur 224. Les apprenants sont persévérants et travaillent régulièrement. Quelques lacunes persistantes apparaissent, certaines questions ont été abandonnées, et le temps de connexion montre une activité irrégulière."
133,global,,Niveau global de performance,performance_evaluation,Quel est le score global moyen pour 7 compétences évaluées avec suivi du temps d’activité ?,"SELECT SUM(ar.validated_score) AS total_score, AVG(ar.time_spent) AS avg_time FROM fact_evaluation_results ar WHERE ar.competence_id IN (1,2,3,4,5,6,7);","Le score total moyen est de 100 points sur 112. Les apprenants sont bien entraînés et montrent un effort concentré avant les échéances. Le temps moyen passé par activité est élevé, certaines activités ont été abandonnées et le taux d’erreurs reste modéré."
134,global,,Niveau global de performance,performance_evaluation,Quel est le score global moyen pour 4 compétences évaluées avec suivi des abandons de questions ?,"SELECT SUM(ar.validated_score) AS total_score, COUNT(ar.abandoned_questions) AS abandoned FROM fact_evaluation_results ar WHERE ar.competence_id IN (2,4,6,8);","Le score total moyen est de 52 sur 64. Les apprenants sont actifs mais inefficaces sur certaines compétences, avec quelques questions abandonnées. Le travail régulier est présent mais certaines lacunes persistent."
135,global,,Niveau global de performance,performance_evaluation,Quel est le score global moyen pour 9 compétences avec prise en compte du temps moyen de complétion ?,"SELECT SUM(ar.validated_score) AS total_score, AVG(ar.time_spent) AS avg_time FROM fact_evaluation_results ar WHERE ar.competence_id IN (1,2,3,4,5,6,7,8,9);","Le score total moyen est de 138 sur 144. Les apprenants sont surperformants et très motivés. L’activité est forte, mais certaines compétences montrent des erreurs fréquentes et un effort concentré avant les échéances."
136,global,,Niveau global de performance,performance_evaluation,Quel est le score global moyen pour 7 compétences évaluées et combien de réponses ont été abandonnées ?,"SELECT SUM(ar.validated_score) AS total_score, COUNT(ar.abandoned_questions) AS abandoned FROM fact_evaluation_results ar WHERE ar.competence_id IN (1,3,5,6,8,10,12);",Le score total moyen est de 98 sur 112. Les apprenants sont persévérants mais certaines activités ont été commencées tardivement. Plusieurs réponses ont été abandonnées et certaines compétences montrent des lacunes persistantes.
137,global,,Niveau global de performance,performance_evaluation,Quel est le score global moyen pour les 14 compétences et le taux d’erreurs global ?,"SELECT SUM(ar.validated_score) AS total_score, AVG(ar.error_rate) AS avg_error FROM fact_evaluation_results ar;","Le score total moyen est de 175 sur 224. Les apprenants sont bien entraînés et persévérants, avec un travail régulier. Le taux d’erreurs est modéré et certaines activités ont été réalisées en retard, montrant une activité irrégulière."
138,global,,Niveau global de performance,performance_evaluation,Quel est le score global moyen pour 9 compétences évaluées et le temps moyen passé par activité ?,"SELECT SUM(ar.validated_score) AS total_score, AVG(ar.time_spent) AS avg_time FROM fact_evaluation_results ar WHERE ar.competence_id IN (1,2,3,4,5,6,7,10,12);","Le score total moyen est de 132 sur 144. Les apprenants sont très motivés, mais certaines activités ont été abandonnées. Le temps moyen passé par activité est élevé et certains répondants montrent une activité irrégulière malgré un effort concentré avant les échéances."
139,global,,Niveau global de performance,performance_evaluation,Quel est le score global moyen pour 4 compétences avec analyse de fréquence de tentative ?,"SELECT SUM(ar.validated_score) AS total_score, AVG(ar.attempt_frequency) AS avg_freq FROM fact_evaluation_results ar WHERE ar.competence_id IN (2,4,7,9);","Le score total moyen est de 50 sur 64. Les apprenants sont persévérants mais montrent un effort concentré surtout avant les échéances. La fréquence des tentatives est variable, et certaines réponses ont été abandonnées."
140,global,,Niveau global de performance,performance_evaluation,Quel est le score global moyen pour 14 compétences avec suivi des temps de connexion ?,"SELECT SUM(ar.validated_score) AS total_score, AVG(ar.connection_time) AS avg_conn_time FROM fact_evaluation_results ar;","Le score total moyen est de 182 sur 224. Les apprenants sont persévérants et actifs. La connexion régulière montre un engagement constant, bien que certaines activités aient été abandonnées et que des erreurs apparaissent sur certaines compétences."
141,global,,Niveau global de performance,performance_evaluation,Quel est le score global moyen pour 7 compétences évaluées et le taux d’erreurs sur ces compétences ?,"SELECT SUM(ar.validated_score) AS total_score, AVG(ar.error_rate) AS avg_error FROM fact_evaluation_results ar WHERE ar.competence_id IN (1,2,3,4,5,6,7);",Le score total moyen est de 100 sur 112. Les apprenants sont surperformants mais certaines compétences montrent des erreurs fréquentes. L’effort est concentré avant les échéances et les réponses abandonnées sont peu nombreuses.
142,global,,Niveau global de performance,performance_evaluation,Quel est le score global moyen pour 9 compétences et la régularité des connexions ?,"SELECT SUM(ar.validated_score) AS total_score, AVG(ar.connection_regular) AS regularity FROM fact_evaluation_results ar WHERE ar.competence_id IN (1,2,3,4,5,6,7,8,9);","Le score total moyen est de 128 sur 144. Les apprenants sont persévérants et travaillent régulièrement, mais certaines activités ont été commencées tardivement. La régularité des connexions montre des efforts inégaux."
143,global,,Niveau global de performance,performance_evaluation,Quel est le score global moyen pour 4 compétences avec suivi du temps moyen par activité ?,"SELECT SUM(ar.validated_score) AS total_score, AVG(ar.time_spent) AS avg_time FROM fact_evaluation_results ar WHERE ar.competence_id IN (5,6,7,8);","Le score total moyen est de 56 sur 64. Les apprenants sont persévérants mais certains abandons de questions ont été observés. Le temps moyen passé sur chaque activité est élevé, montrant un effort concentré avant les échéances."
144,global,,Niveau global de performance,performance_evaluation,Quel est le score global moyen pour 14 compétences avec analyse des abandons et erreurs ?,"SELECT SUM(ar.validated_score) AS total_score, COUNT(ar.abandoned_questions) AS abandoned, AVG(ar.error_rate) AS avg_error FROM fact_evaluation_results ar;",Le score total moyen est de 178 sur 224. Les apprenants sont actifs mais inefficaces sur certaines compétences. Plusieurs activités ont été abandonnées et le taux d’erreurs est modéré. Le travail régulier montre un engagement moyen.
145,global,,Niveau global de performance,performance_evaluation,Quel est le score global moyen pour 7 compétences et combien de réponses abandonnées ont été observées ?,"SELECT SUM(ar.validated_score) AS total_score, COUNT(ar.abandoned_questions) AS abandoned FROM fact_evaluation_results ar WHERE ar.competence_id IN (1,3,5,6,8,10,12);","Le score total moyen est de 102 sur 112. Les apprenants sont persévérants et montrent un effort concentré avant les échéances. Certaines réponses ont été abandonnées, mais le travail régulier est globalement satisfaisant."
146,global,,Niveau global de performance,performance_evaluation,Quel est le score global moyen pour 5 compétences avec suivi du temps de démarrage des activités ?,"SELECT SUM(ar.validated_score) AS total_score, AVG(ar.start_time) AS avg_start FROM fact_evaluation_results ar WHERE ar.competence_id IN (1,3,5,7,9);",Le score total moyen est de 70 sur 80. Les apprenants sont persévérants mais certaines activités ont été commencées tardivement. L’effort concentré avant les échéances compense partiellement les abandons de questions.
147,global,,Niveau global de performance,performance_evaluation,Quel est le score global moyen pour 10 compétences avec analyse des réponses abandonnées et fréquence des tentatives ?,"SELECT SUM(ar.validated_score) AS total_score, COUNT(ar.abandoned_questions) AS abandoned, AVG(ar.attempt_frequency) AS avg_freq FROM fact_evaluation_results ar WHERE ar.competence_id IN (1,2,3,4,5,6,7,8,9,10);","Le score total moyen est de 150 sur 160. Les apprenants sont très motivés et actifs. Certaines réponses ont été abandonnées et la fréquence des tentatives montre un effort irrégulier, avec un travail concentré avant les échéances."
148,global,,Niveau global de performance,performance_evaluation,Quel est le score global moyen pour 6 compétences avec suivi du temps moyen passé par activité ?,"SELECT SUM(ar.validated_score) AS total_score, AVG(ar.time_spent) AS avg_time FROM fact_evaluation_results ar WHERE ar.competence_id IN (2,4,6,8,10,12);","Le score total moyen est de 86 sur 96. Les apprenants sont persévérants et montrent un effort concentré avant les échéances. Certaines activités ont été abandonnées et le temps moyen passé est élevé, indiquant un engagement soutenu."
149,global,,Niveau global de performance,performance_evaluation,Quel est le score global moyen pour 14 compétences avec analyse du taux d’erreur et du temps moyen de complétion ?,"SELECT SUM(ar.validated_score) AS total_score, AVG(ar.error_rate) AS avg_error, AVG(ar.time_spent) AS avg_time FROM fact_evaluation_results ar;",Le score total moyen est de 180 sur 224. Les apprenants sont actifs mais inefficaces sur certaines compétences. Le taux d’erreurs est modéré et le temps moyen de complétion montre un effort concentré avant les échéances avec une régularité variable des connexions.
150,global,,Niveau global de performance,performance_evaluation,Quel est le score global moyen pour 8 compétences avec suivi du nombre de tentatives et abandon de questions ?,"SELECT SUM(ar.validated_score) AS total_score, AVG(ar.attempt_frequency) AS avg_freq, COUNT(ar.abandoned_questions) AS abandoned FROM fact_evaluation_results ar WHERE ar.competence_id IN (1,3,5,6,7,8,9,10);","Le score total moyen est de 112 sur 128. Les apprenants sont persévérants et montrent une forte activité. Cependant, certaines réponses ont été abandonnées et la fréquence des tentatives est inégale, montrant un travail irrégulier."
151,global,,Niveau global de performance,performance_evaluation,Quel est le score global moyen pour 4 compétences avec analyse des réponses abandonnées et erreurs fréquentes ?,"SELECT SUM(ar.validated_score) AS total_score, COUNT(ar.abandoned_questions) AS abandoned, AVG(ar.error_rate) AS avg_error FROM fact_evaluation_results ar WHERE ar.competence_id IN (2,4,6,8);","Le score total moyen est de 52 sur 64. Les apprenants sont passifs mais stratégiques. Certaines réponses ont été abandonnées et les erreurs sont fréquentes, avec un effort concentré avant les échéances."
152,global,,Niveau global de performance,performance_evaluation,Quel est le score global moyen pour 9 compétences avec suivi du temps moyen passé et régularité de connexion ?,"SELECT SUM(ar.validated_score) AS total_score, AVG(ar.time_spent) AS avg_time, AVG(ar.connection_regular) AS regularity FROM fact_evaluation_results ar WHERE ar.competence_id IN (1,2,3,4,5,6,7,8,9);","Le score total moyen est de 130 sur 144. Les apprenants sont persévérants et surperformants. Le temps moyen passé est satisfaisant, mais certaines activités ont été commencées tardivement, montrant un engagement inégal malgré la régularité de connexion."
153,global,,Niveau global de performance,performance_evaluation,Quel est le score global moyen pour 6 compétences et le taux de réponses abandonnées ?,"SELECT SUM(ar.validated_score) AS total_score, COUNT(ar.abandoned_questions) AS abandoned FROM fact_evaluation_results ar WHERE ar.competence_id IN (1,3,5,6,8,10);","Le score total moyen est de 86 sur 96. Les apprenants sont persévérants et montrent un effort concentré avant les échéances. Quelques réponses ont été abandonnées, et certaines compétences présentent des lacunes persistantes."
154,global,,Niveau global de performance,performance_evaluation,Quel est le score global moyen pour 14 compétences avec analyse des erreurs et abandons ?,"SELECT SUM(ar.validated_score) AS total_score, AVG(ar.error_rate) AS avg_error, COUNT(ar.abandoned_questions) AS abandoned FROM fact_evaluation_results ar;","Le score total moyen est de 185 sur 224. Les apprenants sont très motivés et persévérants. Certaines réponses ont été abandonnées et le taux d’erreurs est modéré, avec un effort concentré avant les échéances mais une régularité de connexion variable."
155,global,,Niveau global de performance,performance_evaluation,Quel est le score global moyen pour 7 compétences avec suivi du temps moyen et activité en ligne ?,"SELECT SUM(ar.validated_score) AS total_score, AVG(ar.time_spent) AS avg_time, AVG(ar.online_presence) AS online FROM fact_evaluation_results ar WHERE ar.competence_id IN (2,4,5,6,7,8,9);",Le score total moyen est de 102 sur 112. Les apprenants sont persévérants et actifs mais inefficaces sur certaines compétences. L’activité en ligne est régulière mais certaines activités ont été abandonnées ou réalisées tardivement.
156,global,,Niveau global de performance,performance_evaluation,Quel est le score global moyen pour 5 compétences avec analyse du nombre de tentatives et du temps moyen ?,"SELECT SUM(ar.validated_score) AS total_score, AVG(ar.attempt_frequency) AS avg_freq, AVG(ar.time_spent) AS avg_time FROM fact_evaluation_results ar WHERE ar.competence_id IN (1,2,4,6,8);","Le score total moyen est de 68 sur 80. Les apprenants sont persévérants et montrent un effort concentré avant les échéances. La fréquence des tentatives est variable, et quelques réponses ont été abandonnées."
157,global,,Niveau global de performance,performance_evaluation,Quel est le score global moyen pour 10 compétences avec analyse du taux d’erreur et du temps moyen ?,"SELECT SUM(ar.validated_score) AS total_score, AVG(ar.error_rate) AS avg_error, AVG(ar.time_spent) AS avg_time FROM fact_evaluation_results ar WHERE ar.competence_id IN (1,2,3,4,5,6,7,8,9,10);",Le score total moyen est de 152 sur 160. Les apprenants sont très motivés et persévérants. Certaines erreurs apparaissent sur les compétences les plus complexes et le temps moyen de complétion montre un effort concentré avant les échéances.
158,global,,Niveau global de performance,performance_evaluation,Quel est le score global moyen pour 6 compétences avec suivi des réponses abandonnées et du temps moyen par activité ?,"SELECT SUM(ar.validated_score) AS total_score, COUNT(ar.abandoned_questions) AS abandoned, AVG(ar.time_spent) AS avg_time FROM fact_evaluation_results ar WHERE ar.competence_id IN (1,3,5,6,8,10);","Le score total moyen est de 88 sur 96. Les apprenants sont persévérants et surperformants. Quelques réponses ont été abandonnées, mais le temps moyen par activité indique un engagement soutenu et régulier."
159,global,,Niveau global de performance,performance_evaluation,Quel est le score global moyen pour 14 compétences avec suivi des erreurs et abandon de questions ?,"SELECT SUM(ar.validated_score) AS total_score, AVG(ar.error_rate) AS avg_error, COUNT(ar.abandoned_questions) AS abandoned FROM fact_evaluation_results ar;","Le score total moyen est de 190 sur 224. Les apprenants sont très motivés et persévérants. Le taux d’erreurs est faible, mais quelques questions ont été abandonnées. La régularité de connexion est variable et certaines compétences montrent des lacunes persistantes."
160,global,,Niveau global de performance,performance_evaluation,Quel est le score global moyen pour 8 compétences avec suivi du temps de complétion et fréquence des tentatives ?,"SELECT SUM(ar.validated_score) AS total_score, AVG(ar.time_spent) AS avg_time, AVG(ar.attempt_frequency) AS avg_freq FROM fact_evaluation_results ar WHERE ar.competence_id IN (1,2,3,4,5,6,7,8);","Le score total moyen est de 114 sur 128. Les apprenants sont actifs mais inefficaces sur certaines compétences. Le temps moyen passé est correct, mais la fréquence des tentatives montre un effort irrégulier, avec quelques abandons."
161,global,,Niveau global de performance,performance_evaluation,Quel est le score global moyen pour 4 compétences avec suivi du temps de complétion et taux d’erreur ?,"SELECT SUM(ar.validated_score) AS total_score, AVG(ar.time_spent) AS avg_time, AVG(ar.error_rate) AS avg_error FROM fact_evaluation_results ar WHERE ar.competence_id IN (1,2,3,4);","Le score total moyen est de 50 sur 64. Les apprenants sont persévérants mais montrent des difficultés de compréhension. Le temps moyen de complétion indique un effort concentré avant les échéances, mais quelques réponses ont été abandonnées."
162,global,,Niveau global de performance,performance_evaluation,Quel est le score global moyen pour 6 compétences avec suivi de la fréquence des tentatives et des abandons ?,"SELECT SUM(ar.validated_score) AS total_score, AVG(ar.attempt_frequency) AS avg_freq, COUNT(ar.abandoned_questions) AS abandoned FROM fact_evaluation_results ar WHERE ar.competence_id IN (1,3,5,6,8,10);","Le score total moyen est de 84 sur 96. Les apprenants sont très motivés et persévérants. La fréquence des tentatives est inégale et certaines questions ont été abandonnées, mais le travail régulier compense partiellement les lacunes."
163,global,,Niveau global de performance,performance_evaluation,Quel est le score global moyen pour 7 compétences avec analyse du temps moyen passé et régularité des connexions ?,"SELECT SUM(ar.validated_score) AS total_score, AVG(ar.time_spent) AS avg_time, AVG(ar.connection_regular) AS regularity FROM fact_evaluation_results ar WHERE ar.competence_id IN (2,4,5,6,7,8,9);","Le score total moyen est de 110 sur 112. Les apprenants sont persévérants et surperformants. Le temps moyen passé par activité est correct, mais certaines activités ont été commencées tardivement, montrant un effort irrégulier malgré une régularité globale satisfaisante."
164,global,,Niveau global de performance,performance_evaluation,Quel est le score global moyen pour 5 compétences avec suivi des abandons et des erreurs ?,"SELECT SUM(ar.validated_score) AS total_score, COUNT(ar.abandoned_questions) AS abandoned, AVG(ar.error_rate) AS avg_error FROM fact_evaluation_results ar WHERE ar.competence_id IN (1,2,4,5,6);",Le score total moyen est de 68 sur 80. Les apprenants sont actifs mais inefficaces sur certaines compétences. Quelques réponses ont été abandonnées et le taux d’erreur reste modéré. L’effort est concentré avant les échéances.
165,global,,Niveau global de performance,performance_evaluation,Quel est le score global moyen pour 10 compétences avec suivi du temps moyen et fréquence des tentatives ?,"SELECT SUM(ar.validated_score) AS total_score, AVG(ar.time_spent) AS avg_time, AVG(ar.attempt_frequency) AS avg_freq FROM fact_evaluation_results ar WHERE ar.competence_id IN (1,2,3,4,5,6,7,8,9,10);","Le score total moyen est de 148 sur 160. Les apprenants sont persévérants et très motivés. La fréquence des tentatives est variable, avec quelques abandons, mais le temps moyen passé est satisfaisant et montre un effort concentré avant les échéances."
166,global,,Niveau global de performance,performance_evaluation,Quel est le score global moyen pour 14 compétences avec analyse des abandons et du taux d’erreur ?,"SELECT SUM(ar.validated_score) AS total_score, AVG(ar.error_rate) AS avg_error, COUNT(ar.abandoned_questions) AS abandoned FROM fact_evaluation_results ar;",Le score total moyen est de 182 sur 224. Les apprenants sont très motivés et persévérants. Certaines réponses ont été abandonnées et le taux d’erreur est modéré. La régularité des connexions est variable et certaines compétences présentent des lacunes persistantes.
167,global,,Niveau global de performance,performance_evaluation,Quel est le score global moyen pour 8 compétences avec suivi du temps moyen et régularité de l’activité ?,"SELECT SUM(ar.validated_score) AS total_score, AVG(ar.time_spent) AS avg_time, AVG(ar.online_presence) AS online FROM fact_evaluation_results ar WHERE ar.competence_id IN (1,2,3,4,5,6,7,8);","Le score total moyen est de 112 sur 128. Les apprenants sont persévérants et actifs. Le temps moyen passé est satisfaisant, mais quelques activités ont été abandonnées. Le comportement est régulier mais certaines compétences montrent des lacunes."
168,global,,Niveau global de performance,performance_evaluation,Quel est le score global moyen pour 6 compétences avec analyse du nombre de tentatives et temps de complétion ?,"SELECT SUM(ar.validated_score) AS total_score, AVG(ar.attempt_frequency) AS avg_freq, AVG(ar.time_spent) AS avg_time FROM fact_evaluation_results ar WHERE ar.competence_id IN (2,3,5,6,8,10);","Le score total moyen est de 88 sur 96. Les apprenants sont persévérants et surperformants. La fréquence des tentatives est inégale, mais le temps moyen de complétion indique un effort concentré avant les échéances."
169,global,,Niveau global de performance,performance_evaluation,Quel est le score global moyen pour 5 compétences avec suivi des abandons et erreurs fréquentes ?,"SELECT SUM(ar.validated_score) AS total_score, COUNT(ar.abandoned_questions) AS abandoned, AVG(ar.error_rate) AS avg_error FROM fact_evaluation_results ar WHERE ar.competence_id IN (1,3,4,5,6);",Le score total moyen est de 70 sur 80. Les apprenants sont passifs mais stratégiques. Certaines réponses ont été abandonnées et le taux d’erreurs est élevé sur certaines compétences. L’effort est concentré avant les échéances.
170,global,,Niveau global de performance,performance_evaluation,"Quel est le score global moyen pour 9 compétences avec suivi du temps moyen, régularité de connexion et fréquence des tentatives ?","SELECT SUM(ar.validated_score) AS total_score, AVG(ar.time_spent) AS avg_time, AVG(ar.connection_regular) AS regularity, AVG(ar.attempt_frequency) AS avg_freq FROM fact_evaluation_results ar WHERE ar.competence_id IN (1,2,3,4,5,6,7,8,9);","Le score total moyen est de 132 sur 144. Les apprenants sont très motivés et persévérants. Le temps moyen passé et la régularité de connexion sont satisfaisants, mais quelques réponses ont été abandonnées et la fréquence des tentatives montre un effort irrégulier."
171,global,,Niveau global de performance,performance_evaluation,Quel est le score global moyen pour 4 compétences avec analyse du temps de complétion et des abandons ?,"SELECT SUM(ar.validated_score) AS total_score, AVG(ar.time_spent) AS avg_time, COUNT(ar.abandoned_questions) AS abandoned FROM fact_evaluation_results ar WHERE ar.competence_id IN (1,2,3,4);","Le score total moyen est de 52 sur 64. Les apprenants sont persévérants mais certaines réponses ont été abandonnées. Le temps moyen de complétion montre un effort concentré avant les échéances, mais avec quelques irrégularités dans le travail."
172,global,,Niveau global de performance,performance_evaluation,Quel est le score global moyen pour 6 compétences avec suivi des erreurs et fréquence des tentatives ?,"SELECT SUM(ar.validated_score) AS total_score, AVG(ar.error_rate) AS avg_error, AVG(ar.attempt_frequency) AS avg_freq FROM fact_evaluation_results ar WHERE ar.competence_id IN (1,2,3,5,6,7);","Le score total moyen est de 90 sur 96. Les apprenants sont actifs mais inefficaces sur certaines compétences. La fréquence des tentatives est inégale et le taux d’erreur reste modéré, montrant un effort irrégulier mais concentré avant les échéances."
173,global,,Niveau global de performance,performance_evaluation,Quel est le score global moyen pour 5 compétences avec suivi de la régularité des connexions et du temps moyen ?,"SELECT SUM(ar.validated_score) AS total_score, AVG(ar.online_presence) AS online, AVG(ar.time_spent) AS avg_time FROM fact_evaluation_results ar WHERE ar.competence_id IN (2,3,5,6,8);","Le score total moyen est de 70 sur 80. Les apprenants sont persévérants et bien entraînés. Le temps moyen passé est correct, mais quelques réponses ont été abandonnées et certaines compétences montrent des lacunes persistantes."
174,global,,Niveau global de performance,performance_evaluation,Quel est le score global moyen pour 7 compétences avec suivi du taux d’erreur et des abandons ?,"SELECT SUM(ar.validated_score) AS total_score, AVG(ar.error_rate) AS avg_error, COUNT(ar.abandoned_questions) AS abandoned FROM fact_evaluation_results ar WHERE ar.competence_id IN (1,2,3,4,5,6,7);",Le score total moyen est de 112 sur 112. Les apprenants sont surperformants et persévérants. Quelques réponses ont été abandonnées et le taux d’erreur est faible. Le travail régulier est bien observé mais certaines compétences nécessitent un effort concentré supplémentaire.
175,global,,Niveau global de performance,performance_evaluation,Quel est le score global moyen pour 9 compétences avec suivi du temps moyen et fréquence des tentatives ?,"SELECT SUM(ar.validated_score) AS total_score, AVG(ar.time_spent) AS avg_time, AVG(ar.attempt_frequency) AS avg_freq FROM fact_evaluation_results ar WHERE ar.competence_id IN (1,2,3,4,5,6,7,8,9);","Le score total moyen est de 135 sur 144. Les apprenants sont très motivés et persévérants. Le temps moyen est satisfaisant, mais quelques réponses ont été abandonnées. La fréquence des tentatives montre un effort concentré avant les échéances."
176,global,,Niveau global de performance,performance_evaluation,"Quel est le score global moyen pour 14 compétences avec suivi des abandons, taux d’erreur et régularité de connexion ?","SELECT SUM(ar.validated_score) AS total_score, COUNT(ar.abandoned_questions) AS abandoned, AVG(ar.error_rate) AS avg_error, AVG(ar.connection_regular) AS regularity FROM fact_evaluation_results ar;",Le score total moyen est de 190 sur 224. Les apprenants sont très motivés et persévérants. Certaines réponses ont été abandonnées et le taux d’erreur est modéré. La régularité des connexions est satisfaisante mais certaines compétences présentent des lacunes persistantes.
177,global,,Niveau global de performance,performance_evaluation,Quel est le score global moyen pour 8 compétences avec analyse du temps moyen et effort concentré ?,"SELECT SUM(ar.validated_score) AS total_score, AVG(ar.time_spent) AS avg_time FROM fact_evaluation_results ar WHERE ar.competence_id IN (1,2,3,4,5,6,7,8);","Le score total moyen est de 120 sur 128. Les apprenants sont persévérants et surperformants. Le temps moyen passé est correct et le travail régulier est bien observé. Quelques réponses ont été abandonnées, mais l’effort concentré compense partiellement."
178,global,,Niveau global de performance,performance_evaluation,Quel est le score global moyen pour 6 compétences avec suivi de la fréquence des tentatives et régularité de l’activité ?,"SELECT SUM(ar.validated_score) AS total_score, AVG(ar.attempt_frequency) AS avg_freq, AVG(ar.online_presence) AS online FROM fact_evaluation_results ar WHERE ar.competence_id IN (2,3,4,5,6,7);","Le score total moyen est de 92 sur 96. Les apprenants sont persévérants et bien entraînés. La fréquence des tentatives est correcte et la régularité des activités est satisfaisante, mais quelques questions ont été abandonnées."
179,global,,Niveau global de performance,performance_evaluation,Quel est le score global moyen pour 5 compétences avec suivi des abandons et taux d’erreur élevé ?,"SELECT SUM(ar.validated_score) AS total_score, COUNT(ar.abandoned_questions) AS abandoned, AVG(ar.error_rate) AS avg_error FROM fact_evaluation_results ar WHERE ar.competence_id IN (1,2,4,5,6);",Le score total moyen est de 65 sur 80. Les apprenants sont passifs mais stratégiques. Certaines réponses ont été abandonnées et le taux d’erreur est élevé sur certaines compétences. L’effort est concentré avant les échéances mais irrégulier.
180,global,,Niveau global de performance,performance_evaluation,"Quel est le score global moyen pour 7 compétences avec suivi du temps moyen, régularité et effort concentré ?","SELECT SUM(ar.validated_score) AS total_score, AVG(ar.time_spent) AS avg_time, AVG(ar.connection_regular) AS regularity FROM fact_evaluation_results ar WHERE ar.competence_id IN (1,2,3,4,5,6,7);",Le score total moyen est de 110 sur 112. Les apprenants sont persévérants et surperformants. Le temps moyen est satisfaisant et le travail régulier est observé. Quelques réponses ont été abandonnées mais l’effort concentré compense les lacunes.
181,global,,Niveau global de performance,performance_evaluation,Quel est le score global moyen pour l’ensemble des compétences évaluées et le taux d’abandon des questions ?,"SELECT SUM(ar.validated_score) AS total_score, COUNT(ar.abandoned_questions) AS abandoned, AVG(ar.error_rate) AS avg_error FROM fact_evaluation_results ar;",Le score total moyen est de 152 sur 224. Les apprenants sont engagés mais certaines compétences montrent des lacunes persistantes. Quelques questions ont été abandonnées et le taux d’erreur moyen reste modéré.
182,global,,Évolution dans le temps,evolution_trend,Comment les scores moyens de compétence ont-ils évolué sur le dernier trimestre ?,"SELECT SUM(ar.validated_score) AS total_score, AVG(ar.error_rate) AS avg_error, AVG(ar.time_spent) AS avg_time FROM fact_evaluation_results ar JOIN dim_time t ON ar.time_id = t.id WHERE t.quarter = 'Q4';","Le total moyen des scores a augmenté de 12 points par rapport au trimestre précédent. Les apprenants restent très engagés et montrent un effort concentré avant les échéances, malgré quelques abandons isolés."
183,global,,Taux d’erreurs,error_rate_analysis,Quel est le taux d’erreurs moyen sur toutes les compétences évaluées ?,SELECT AVG(ar.error_rate) AS avg_error FROM fact_evaluation_results ar;,"Le taux d’erreurs moyen est de 18 %. Les apprenants sont engagés et persévérants, mais certaines compétences montrent des lacunes persistantes. Le temps de connexion régulier a permis de limiter les abandons."
184,global,,Répartition des scores,distribution_analysis,Quelle est la répartition des scores sur les compétences évaluées ?,"SELECT ar.validated_score, COUNT(*) AS freq FROM fact_evaluation_results ar GROUP BY ar.validated_score;","La majorité des apprenants ont obtenu un score entre 140 et 180 sur 224. Les apprenants sont engagés, montrent une forte activité sans amélioration sur certaines compétences et quelques abandons sont observés."
185,global,,Impact pédagogique,impact_assessment,Quel est l’impact pédagogique global des activités sur les compétences évaluées ?,"SELECT SUM(ar.validated_score) AS total_score, AVG(ar.time_spent) AS avg_time, AVG(ar.error_rate) AS avg_error FROM fact_evaluation_results ar;","Le score total moyen est de 170 sur 224. Les apprenants sont engagés, le travail régulier et l’effort concentré avant les échéances ont contribué à réduire les abandons et améliorer la compréhension des compétences."
186,global,,Mesure engagement,engagement_measure,Quel est le niveau global d’engagement des apprenants sur les activités et évaluations ?,"SELECT AVG(ar.online_presence) AS avg_presence, AVG(ar.time_spent) AS avg_time, SUM(ar.abandoned_questions) AS abandoned FROM fact_evaluation_results ar;","Les apprenants sont très engagés et persévérants. La majorité ont une présence régulière en ligne. Les abandons restent faibles, mais certaines compétences montrent des difficultés de compréhension."
187,global,,Comparaison groupes,group_performance,Comment se comparent les scores moyens des différents groupes d’apprenants ?,"SELECT g.group_id, SUM(ar.validated_score) AS total_score, AVG(ar.error_rate) AS avg_error FROM fact_evaluation_results ar JOIN dim_user u ON ar.user_id = u.id JOIN dim_group g ON u.group_id = g.id GROUP BY g.group_id;","Les groupes A et B ont des scores moyens plus élevés, les apprenants sont engagés et montrent un effort concentré avant les échéances. Les groupes C et D ont des abandons plus fréquents et une régularité de connexion irrégulière."
188,global,,Parcours d’apprentissage,learning_path,Quel est le parcours d’apprentissage moyen des apprenants sur toutes les compétences ?,"SELECT AVG(ar.completed_activities) AS avg_completed, SUM(ar.abandoned_questions) AS abandoned FROM fact_evaluation_results ar;","Les apprenants sont engagés et ont complété en moyenne 12 activités par compétence. Quelques abandons ont été enregistrés, mais le travail régulier et la régularité de connexion ont limité les impacts négatifs."
189,global,,Facteurs d’échec / réussite,motivation_analysis,Quels facteurs influencent globalement la réussite ou l’échec des apprenants ?,"SELECT SUM(ar.validated_score) AS total_score, AVG(ar.error_rate) AS avg_error, AVG(ar.time_spent) AS avg_time FROM fact_evaluation_results ar;",Le score total moyen est de 160 sur 224. Les apprenants sont engagés mais certains sont actifs mais inefficaces. Les abandons et les erreurs montrent que la gestion du temps et l’organisation de l’effort restent des axes d’amélioration.
190,global,,Analyse des causes,causal_analysis,Quelles sont les causes principales des écarts de performance globale ?,"SELECT SUM(ar.validated_score) AS total_score, AVG(ar.error_rate) AS avg_error, AVG(ar.time_spent) AS avg_time FROM fact_evaluation_results ar;","Les écarts sont principalement dus à une forte activité sans amélioration pour certains apprenants. La majorité reste engagée et persévérante, mais les abandons et le temps irrégulier consacré aux activités impactent les scores."
191,global,,Taux de complétion,completion_rate,Quel est le taux de complétion moyen des compétences évaluées ?,"SELECT SUM(ar.completed_activities) AS completed, COUNT(ar.id) AS total_activities FROM fact_evaluation_results ar;",Le taux de complétion moyen est de 87 %. Les apprenants sont engagés et réguliers dans leurs connexions. Les abandons sont rares et concernent principalement les activités plus complexes.
192,global,,Analyse par profil,user_profile_analysis,Quels profils d’apprenants se dégagent à partir des scores de compétences et de l’engagement ?,"SELECT u.profile_type, SUM(ar.validated_score) AS total_score, AVG(ar.error_rate) AS avg_error FROM fact_evaluation_results ar JOIN dim_user u ON ar.user_id = u.id GROUP BY u.profile_type;","Trois profils se distinguent : engagés très performants, engagés mais avec quelques lacunes persistantes, et passifs mais stratégiques. Les abandons et la régularité de connexion expliquent ces différences."
193,global,,Niveau d’activité,activity_level,Quel est le niveau moyen d’activité des apprenants sur les compétences évaluées ?,"SELECT AVG(ar.completed_activities) AS avg_completed, AVG(ar.time_spent) AS avg_time FROM fact_evaluation_results ar;","Les apprenants sont engagés et persévérants, avec un travail régulier sur toutes les compétences. Les abandons sont faibles, mais quelques compétences montrent des difficultés de compréhension malgré la forte activité."
194,global,,Comparaison temporelle,temporal_comparison,Comment les scores moyens ont-ils varié entre les deux derniers semestres ?,"SELECT SUM(ar.validated_score) AS total_score, AVG(ar.error_rate) AS avg_error FROM fact_evaluation_results ar JOIN dim_time t ON ar.time_id = t.id WHERE t.semester IN ('S1','S2') GROUP BY t.semester;","Les scores moyens ont légèrement augmenté au semestre 2. Les apprenants restent engagés et persévérants, avec un effort concentré avant les échéances. Les abandons et le temps de connexion irrégulier expliquent les écarts."
195,global,,Répartition des scores,distribution_analysis,Quelle est la distribution des scores cumulés sur toutes les compétences ?,"SELECT SUM(ar.validated_score) AS total_score, COUNT(*) AS freq FROM fact_evaluation_results ar GROUP BY ar.validated_score;","La majorité des apprenants ont des scores entre 140 et 190 sur 224. Les apprenants sont engagés et persévérants, avec quelques abandons et lacunes persistantes sur certaines compétences."
196,global,,Identification des difficultés,difficulty_identification,Quelles compétences posent globalement le plus de difficultés aux apprenants ?,"SELECT ar.competence_id, AVG(ar.error_rate) AS avg_error FROM fact_evaluation_results ar GROUP BY ar.competence_id ORDER BY avg_error DESC;",Les compétences 3 et 7 présentent les taux d’erreurs les plus élevés. Les apprenants sont engagés mais certains sont actifs mais inefficaces. Les abandons sont concentrés sur ces compétences plus complexes.
197,global,,Temps passé,time_spent_analysis,Quel est le temps moyen passé par compétence et par apprenant ?,SELECT AVG(ar.time_spent) AS avg_time FROM fact_evaluation_results ar;,Les apprenants sont engagés et persévérants. Le temps moyen par compétence est de 45 minutes. Quelques abandons et erreurs sont observés sur les activités les plus longues.
198,global,,Parcours d’apprentissage,learning_path,Quel est le parcours moyen suivi par les apprenants sur toutes les compétences ?,"SELECT AVG(ar.completed_activities) AS avg_completed, SUM(ar.abandoned_questions) AS abandoned FROM fact_evaluation_results ar;",Les apprenants sont engagés et ont complété en moyenne 13 activités par compétence. Les abandons restent limités. Les efforts concentrés avant les échéances expliquent la réussite globale.
199,global,,Classement utilisateurs,get_top_performers,Quels sont les apprenants les mieux classés sur toutes les compétences ?,"SELECT ar.user_id, SUM(ar.validated_score) AS total_score FROM fact_evaluation_results ar GROUP BY ar.user_id ORDER BY total_score DESC LIMIT 10;",Les apprenants les mieux classés sont engagés et persévérants. Leur régularité dans les connexions et le travail concentré avant les échéances a permis de minimiser les abandons et les erreurs.
200,global,,Segmentation socio-démographique,group_performance,Comment les performances varient-elles selon les groupes socio-démographiques ?,"SELECT u.group_id, SUM(ar.validated_score) AS total_score, AVG(ar.error_rate) AS avg_error FROM fact_evaluation_results ar JOIN dim_user u ON ar.user_id = u.id GROUP BY u.group_id;","Les groupes socio-démographiques montrent des performances différentes. Les apprenants sont généralement engagés, mais certains groupes ont plus d’abandons et un temps de connexion irrégulier, ce qui explique les écarts de scores."
201,global,,Analyse par profil,user_profile_analysis,Quels profils d’apprenants se dégagent selon le score total obtenu et le niveau d’engagement global ?,"SELECT u.profile_type, SUM(ar.validated_score) AS total_score, AVG(ar.online_presence) AS avg_presence FROM fact_evaluation_results ar JOIN dim_user u ON ar.user_id = u.id GROUP BY u.profile_type;","Trois profils se distinguent : engagés très performants, engagés mais avec lacunes persistantes, et passifs mais stratégiques. Les abandons sont rares chez les très performants et plus fréquents dans le groupe passif. Le temps moyen passé sur les activités explique ces différences."
202,global,,Analyse par profil,user_profile_analysis,Comment caractériser les apprenants avec les scores les plus bas sur plusieurs compétences ?,"SELECT SUM(ar.validated_score) AS total_score, COUNT(ar.abandoned_questions) AS abandoned, AVG(ar.time_spent) AS avg_time FROM fact_evaluation_results ar WHERE ar.validated_score < 100;",Ces apprenants sont engagés mais inefficaces. Le temps de connexion est irrégulier et les abandons fréquents. Leurs difficultés de compréhension persistent sur plusieurs compétences malgré les efforts concentrés avant les échéances.
203,global,,Analyse par profil,user_profile_analysis,Quels sont les caractéristiques des apprenants qui réussissent les scores les plus élevés sur toutes les compétences évaluées ?,"SELECT SUM(ar.validated_score) AS total_score, AVG(ar.online_presence) AS avg_presence, AVG(ar.completed_activities) AS avg_completed FROM fact_evaluation_results ar WHERE ar.validated_score > 200;","Les apprenants très engagés montrent un travail régulier et persévérant, avec une forte présence en ligne et une complétion quasi totale des activités. Les abandons sont quasi inexistants et la progression est constante."
204,global,,Analyse par profil,user_profile_analysis,Comment se comportent les apprenants avec un score moyen mais une activité élevée ?,"SELECT SUM(ar.validated_score) AS total_score, AVG(ar.time_spent) AS avg_time, AVG(ar.completed_activities) AS avg_completed FROM fact_evaluation_results ar WHERE ar.validated_score BETWEEN 120 AND 160;",Ces apprenants sont engagés et actifs mais inefficaces. Le travail régulier est présent mais certaines compétences restent lacunaires. Les abandons sont modérés et le temps moyen passé indique une tentative d’amélioration.
205,global,,Analyse par profil,user_profile_analysis,Quels profils montrent des abandons fréquents et des scores faibles ?,"SELECT SUM(ar.validated_score) AS total_score, COUNT(ar.abandoned_questions) AS abandoned, AVG(ar.error_rate) AS avg_error FROM fact_evaluation_results ar WHERE ar.validated_score < 100;",Ces apprenants sont peu engagés et passifs mais stratégiques. Les abandons fréquents et le taux d’erreur élevé montrent un manque de régularité et des difficultés persistantes sur plusieurs compétences.
206,global,,Analyse par profil,user_profile_analysis,Comment caractériser les apprenants qui sont très engagés mais avec un score moyen faible ?,"SELECT SUM(ar.validated_score) AS total_score, AVG(ar.completed_activities) AS avg_completed, AVG(ar.time_spent) AS avg_time FROM fact_evaluation_results ar WHERE ar.validated_score BETWEEN 100 AND 140;","Ces apprenants sont engagés mais inefficaces. La forte activité n’entraîne pas une amélioration significative. Les abandons restent faibles, mais la compréhension des compétences est limitée malgré l’effort concentré avant les échéances."
207,global,,Analyse par profil,user_profile_analysis,Quels sont les comportements des apprenants avec une régularité de connexion faible et des scores moyens ?,"SELECT SUM(ar.validated_score) AS total_score, AVG(ar.online_presence) AS avg_presence, AVG(ar.abandoned_questions) AS abandoned FROM fact_evaluation_results ar WHERE ar.validated_score BETWEEN 120 AND 160;","Ces apprenants sont engagés mais la régularité irrégulière de leur connexion limite les progrès. Les abandons sont modérés et le temps passé sur les activités est variable, expliquant les scores moyens."
208,global,,Analyse par profil,user_profile_analysis,Comment se caractérisent les apprenants avec des scores élevés sur certaines compétences et faibles sur d’autres ?,"SELECT ar.user_id, SUM(ar.validated_score) AS total_score, AVG(ar.error_rate) AS avg_error FROM fact_evaluation_results ar GROUP BY ar.user_id HAVING MAX(ar.validated_score) - MIN(ar.validated_score) > 50;",Ces apprenants sont engagés et persévérants mais présentent des lacunes persistantes sur certaines compétences. Le temps de connexion et le travail régulier influencent fortement ces écarts.
209,global,,Analyse par profil,user_profile_analysis,Quels profils d’apprenants abandonnent le plus souvent les questions sans y répondre ?,"SELECT SUM(ar.abandoned_questions) AS abandoned, AVG(ar.validated_score) AS avg_score FROM fact_evaluation_results ar GROUP BY ar.user_id ORDER BY abandoned DESC LIMIT 10;",Les apprenants identifiés sont engagés mais actifs mais inefficaces. Leurs abandons fréquents et le temps irrégulier passé sur les activités expliquent les scores relativement faibles malgré un effort concentré avant les échéances.
210,global,,Analyse par profil,user_profile_analysis,Comment caractériser les apprenants très engagés avec un score intermédiaire et une activité soutenue ?,"SELECT SUM(ar.validated_score) AS total_score, AVG(ar.completed_activities) AS avg_completed, AVG(ar.time_spent) AS avg_time FROM fact_evaluation_results ar WHERE ar.validated_score BETWEEN 140 AND 180;","Ces apprenants sont engagés et persévérants. Le travail régulier et le temps moyen consacré aux activités montrent une bonne stratégie, mais certaines compétences nécessitent encore un effort concentré avant les échéances."
211,global,,Analyse comparative,compare_scores,Comment se compare la performance globale des apprenants entre leurs évaluations internes et les certifications obtenues ?,"SELECT SUM(ar.validated_score) AS eval_score, SUM(cc.score) AS cert_score FROM fact_evaluation_results ar JOIN dim_certification_candidate cc ON ar.user_id = cc.user_id;","On observe des écarts selon les profils : les apprenants très engagés surperformant dans l’évaluation interne mais avec un léger retard sur la certification. Les moins réguliers présentent des écarts plus importants, indiquant un besoin de suivi personnalisé."
212,global,,Analyse par profil,user_profile_analysis,Quels profils d’apprenants montrent la meilleure cohérence entre les résultats d’évaluation et de certification ?,"SELECT u.profile_type, SUM(ar.validated_score) AS eval_score, SUM(cc.score) AS cert_score FROM fact_evaluation_results ar JOIN dim_certification_candidate cc ON ar.user_id = cc.user_id JOIN dim_user u ON ar.user_id = u.id GROUP BY u.profile_type;","Les profils très engagés et persévérants montrent une forte cohérence entre évaluation et certification. Les profils actifs mais inefficaces présentent des lacunes persistantes et des écarts plus importants, malgré un effort concentré avant les échéances."
213,global,,Analyse temporelle,evolution_trend,Comment a évolué l’engagement des apprenants vis-à-vis de l’outil Ecri+ sur la période d’utilisation ?,"SELECT EXTRACT(MONTH FROM t.date) AS month, AVG(ar.online_presence) AS avg_presence FROM fact_evaluation_results ar JOIN dim_time t ON ar.time_id = t.id GROUP BY month;","On constate une augmentation progressive de l’engagement pour les apprenants persévérants et très motivés. Les apprenants passifs mais stratégiques montrent une utilisation irrégulière, tandis que les abandons diminuent légèrement avec la familiarisation à l’outil."
214,global,,Analyse temporelle,evolution_trend,Quels changements de comportement se remarquent selon la fréquence de connexion et la régularité de l’usage d’Ecri+ ?,"SELECT AVG(ar.online_presence) AS avg_presence, AVG(ar.time_spent) AS avg_time FROM fact_evaluation_results ar GROUP BY ar.user_id;","Les apprenants très engagés montrent une régularité croissante, tandis que les apprenants actifs mais inefficaces alternent forte activité sans amélioration et périodes de passivité. L’adaptation du dispositif est essentielle pour répondre aux profils variés."
215,global,,Analyse par profil,user_profile_analysis,Comment le dispositif s’adapte-t-il à la variété des profils identifiés en termes de score et de régularité ?,"SELECT u.profile_type, AVG(ar.validated_score) AS avg_score, AVG(ar.online_presence) AS avg_presence FROM fact_evaluation_results ar JOIN dim_user u ON ar.user_id = u.id GROUP BY u.profile_type;","Les profils très motivés et persévérants bénéficient d’une adaptation efficace du dispositif, tandis que les profils passifs montrent que certaines fonctionnalités nécessitent une flexibilité accrue pour soutenir l’engagement et réduire les abandons."
216,global,,Analyse causale,impact_assessment,Quels facteurs expliquent l’écart entre les résultats de l’évaluation et ceux de la certification ?,"SELECT ar.user_id, SUM(ar.validated_score) AS eval_score, SUM(cc.score) AS cert_score, AVG(ar.online_presence) AS avg_presence FROM fact_evaluation_results ar JOIN dim_certification_candidate cc ON ar.user_id = cc.user_id GROUP BY ar.user_id;","Les écarts sont liés à la régularité de connexion, au temps passé sur les activités et à l’effort concentré avant les échéances. Les apprenants persévérants mais irréguliers montrent une surperformance ponctuelle sur certaines compétences mais un score global inférieur à la certification."
217,global,,Analyse comparative,compare_scores,Comment se répartissent les apprenants selon l’écart entre score évalué et score certifié ?,"SELECT CASE WHEN (cc.score - ar.validated_score) > 20 THEN 'Sous-performant' WHEN (cc.score - ar.validated_score) < -20 THEN 'Surperformant' ELSE 'Cohérent' END AS profile_gap, COUNT(*) AS count FROM fact_evaluation_results ar JOIN dim_certification_candidate cc ON ar.user_id = cc.user_id GROUP BY profile_gap;","Les profils surperformants sont très engagés et persévérants. Les sous-performants, malgré une activité soutenue, présentent des lacunes persistantes et des abandons fréquents. Les profils cohérents montrent un bon alignement entre effort et résultats."
218,global,,Analyse temporelle,temporal_comparison,L’utilisation d’Ecri+ a-t-elle favorisé une diminution des abandons au fil du temps ?,"SELECT EXTRACT(MONTH FROM t.date) AS month, SUM(ar.abandoned_questions) AS abandoned FROM fact_evaluation_results ar JOIN dim_time t ON ar.time_id = t.id GROUP BY month;","Les abandons diminuent pour les apprenants très engagés, persévérants et réguliers. Les apprenants actifs mais inefficaces continuent d’abandonner certaines questions, montrant une adaptation incomplète du dispositif pour ces profils."
219,global,,Analyse par profil,user_profile_analysis,Quels comportements observe-t-on chez les apprenants qui s’adaptent le mieux au dispositif selon leur profil ?,"SELECT u.profile_type, AVG(ar.validated_score) AS avg_score, AVG(ar.online_presence) AS avg_presence, AVG(ar.completed_activities) AS avg_completed FROM fact_evaluation_results ar JOIN dim_user u ON ar.user_id = u.id GROUP BY u.profile_type;","Les profils très engagés et persévérants s’adaptent le mieux au dispositif. Leur régularité, faible taux d’abandon et participation active aux activités démontrent une adaptation réussie, contrairement aux profils passifs qui nécessitent un suivi renforcé."
220,global,,Analyse causale,motivation_analysis,Quels éléments du dispositif influencent le plus la capacité d’adaptation des apprenants selon leur profil ?,"SELECT u.profile_type, AVG(ar.completed_activities) AS avg_completed, AVG(ar.online_presence) AS avg_presence, AVG(ar.abandoned_questions) AS abandoned FROM fact_evaluation_results ar JOIN dim_user u ON ar.user_id = u.id GROUP BY u.profile_type;","La régularité de connexion, le temps passé sur les activités et la variété des contenus adaptés aux compétences des apprenants sont les facteurs principaux. Les profils très engagés s’adaptent facilement, tandis que les profils passifs mais stratégiques nécessitent un suivi plus personnalisé."
221,global,,Analyse comparative,compare_scores,Comment la corrélation entre résultats d’évaluation et de certification varie-t-elle selon les profils d’apprenants ?,"SELECT u.profile_type, SUM(ar.validated_score) AS eval_score, SUM(cc.score) AS cert_score, COUNT(ar.competence_id) AS nb_competences FROM fact_evaluation_results ar JOIN dim_certification_candidate cc ON ar.user_id = cc.user_id JOIN dim_user u ON ar.user_id = u.id GROUP BY u.profile_type;","La corrélation globale est forte (r=0.93). Les apprenants très engagés montrent une concordance élevée entre évaluation et certification, validant plus de compétences. Les profils passifs ou irréguliers affichent des écarts significatifs, révélant un besoin de suivi ciblé pour éviter l’abandon ou la stagnation."
222,global,,Analyse temporelle,evolution_trend,Comment l’usage d’Ecri+ évolue-t-il au cours du parcours selon la régularité et l’engagement des apprenants ?,"SELECT EXTRACT(MONTH FROM t.date) AS month, AVG(ar.online_presence) AS avg_presence, AVG(ar.completed_activities) AS avg_activities FROM fact_evaluation_results ar JOIN dim_time t ON ar.time_id = t.id GROUP BY month;","Les apprenants certifiables intensifient leur usage progressivement, avec des transitions régulières entre compétences. Certains profils passifs ou hésitants stagnent ou abandonnent, montrant des pics d’activité avant les échéances et des périodes creuses ensuite. L’adaptation du dispositif est nécessaire pour maintenir l’engagement."
223,global,,Analyse causale,motivation_analysis,Quels facteurs comportementaux expliquent la réussite ou l’échec des apprenants sur Ecri+ ?,"SELECT u.profile_type, AVG(ar.completed_activities) AS avg_activities, AVG(ar.time_spent) AS avg_time, AVG(ar.abandoned_questions) AS abandoned FROM fact_evaluation_results ar JOIN dim_user u ON ar.user_id = u.id GROUP BY u.profile_type;","Les apprenants très engagés et persévérants réussissent grâce à un usage régulier, plus de tentatives et un meilleur suivi des compétences. Les actifs mais inefficaces présentent des efforts concentrés avant les échéances mais une progression irrégulière et plus d’abandons. Le dispositif doit s’adapter selon le profil."
224,global,,Analyse par profil,user_profile_analysis,Comment les parcours des apprenants varient-ils selon la validation des compétences et la durée d’activité ?,"SELECT u.profile_type, SUM(ar.validated_score) AS total_score, AVG(ar.time_spent) AS avg_time, COUNT(ar.competence_id) AS nb_competences FROM fact_evaluation_results ar JOIN dim_user u ON ar.user_id = u.id GROUP BY u.profile_type;",Les profils engagés montrent une progression régulière et valident plus de compétences sur l’ensemble du parcours. Les profils hésitants accumulent des abandons et réalisent moins de tentatives. La durée moyenne d’activité est un bon indicateur de persévérance et de réussite.
225,global,,Analyse descriptive & statistique,aggregate_scores,Quel est le score moyen par compétence et global pour l’ensemble des apprenants ?,"SELECT AVG(ar.validated_score) AS avg_score, AVG(ar.competence_score) AS avg_comp_score FROM fact_evaluation_results ar;","Le score moyen global reflète les performances globales et montre des variations selon le nombre de compétences évaluées. Les apprenants certifiables valident un plus grand nombre de compétences et présentent un score supérieur, tandis que les non-certifiables stagnent avec des lacunes persistantes."
226,global,,Analyse comparative,compare_scores,Quels profils d’apprenants ont la plus forte amélioration entre l’évaluation et la certification ?,"SELECT u.profile_type, SUM(cc.score - ar.validated_score) AS improvement FROM fact_evaluation_results ar JOIN dim_certification_candidate cc ON ar.user_id = cc.user_id JOIN dim_user u ON ar.user_id = u.id GROUP BY u.profile_type;","Les profils engagés montrent une amélioration positive significative, corrélée à un usage régulier et à la validation continue des compétences. Les profils hésitants ou passifs montrent des améliorations plus faibles, souvent liées à un usage irrégulier et à des abandons fréquents."
227,global,,Analyse temporelle,temporal_comparison,Comment l’intensité des activités sur Ecri+ change-t-elle du début à la fin du parcours ?,"SELECT EXTRACT(MONTH FROM t.date) AS month, AVG(ar.completed_activities) AS avg_activities FROM fact_evaluation_results ar JOIN dim_time t ON ar.time_id = t.id GROUP BY month;","Les apprenants engagés intensifient progressivement leurs activités. Les hésitants présentent des pics d’activité avant les échéances et stagnent ensuite. Les non-certifiables montrent une baisse continue, nécessitant un ajustement pédagogique pour maintenir la progression."
228,global,,Analyse par profil,user_profile_analysis,Quels comportements-types identifie-t-on selon les transitions de compétence sur Ecri+ ?,"SELECT u.profile_type, COUNT(ar.competence_id) AS nb_transitions FROM fact_evaluation_results ar JOIN dim_user u ON ar.user_id = u.id GROUP BY u.profile_type;","Les profils engagés ont des transitions fréquentes et régulières, validant progressivement les compétences. Les profils hésitants montrent des transitions lentes, et les apprenants en difficulté stagnent avec peu de transitions. L’analyse des transitions permet d’anticiper les blocages."
229,global,,Analyse causale,impact_assessment,Quels éléments de l’outil Ecri+ influencent le plus la réussite des apprenants ?,"SELECT AVG(ar.completed_activities) AS avg_activities, AVG(ar.time_spent) AS avg_time, AVG(ar.abandoned_questions) AS abandoned FROM fact_evaluation_results ar;","Le temps passé, le nombre de tentatives et la régularité de l’usage sont des facteurs clés. Les apprenants persévérants valident plus de compétences et ont moins d’abandons, tandis que les profils passifs ou irréguliers montrent des blocages et nécessitent un suivi personnalisé."
230,global,,Analyse descriptive & statistique,distribution_analysis,Quelle est la répartition des apprenants selon leur score global et le nombre de compétences validées ?,"SELECT ar.validated_score, COUNT(ar.user_id) AS count, COUNT(ar.competence_id) AS nb_competences FROM fact_evaluation_results ar GROUP BY ar.validated_score;","Les apprenants certifiables concentrent les scores élevés et un nombre de compétences validées supérieur à la moyenne. Les non-certifiables affichent des scores plus bas et une validation partielle des compétences, indiquant des profils nécessitant un accompagnement ciblé."
231,global,,Analyse par profil,user_profile_analysis,Quels profils d’apprenants montrent le plus d’engagement régulier et de validation des compétences ?,"SELECT u.profile_type, AVG(ar.validated_score) AS avg_score, COUNT(ar.competence_id) AS nb_competences, AVG(ar.time_spent) AS avg_time FROM fact_evaluation_results ar JOIN dim_user u ON ar.user_id = u.id GROUP BY u.profile_type;","Les profils engagés montrent un usage régulier, valident un grand nombre de compétences et passent plus de temps sur la plateforme. Les profils passifs mais stratégiques réalisent moins de tentatives, validant partiellement, tandis que les hésitants stagnent malgré un effort concentré avant les échéances."
232,global,,Analyse temporelle,evolution_trend,Comment le temps moyen passé sur Ecri+ évolue-t-il selon le nombre de compétences validées ?,"SELECT COUNT(ar.competence_id) AS nb_competences, AVG(ar.time_spent) AS avg_time FROM fact_evaluation_results ar GROUP BY nb_competences;","Les apprenants certifiables augmentent progressivement leur temps d’activité pour valider davantage de compétences. Les non-certifiables montrent un usage irrégulier, souvent avec des abandons et des pics d’activité avant les échéances."
233,global,,Analyse causale,motivation_analysis,Quels facteurs comportementaux sont liés aux blocages dans certaines compétences ?,"SELECT ar.competence_id, AVG(ar.abandoned_questions) AS abandoned, AVG(ar.time_spent) AS avg_time FROM fact_evaluation_results ar GROUP BY ar.competence_id;",Les blocages sont corrélés à un usage irrégulier et à un nombre élevé de questions abandonnées. Les apprenants actifs mais inefficaces montrent un effort concentré avant les échéances mais peu de progression régulière.
234,global,,Analyse descriptive & statistique,distribution_analysis,Quelle est la répartition des apprenants selon la proportion de compétences validées et les tentatives réalisées ?,"SELECT COUNT(ar.user_id) AS nb_apprenants, SUM(ar.validated_score) AS total_score, SUM(ar.attempts) AS total_attempts FROM fact_evaluation_results ar GROUP BY ar.validated_score;",Les profils surperformants combinent un nombre élevé de tentatives et une validation régulière des compétences. Les profils passifs mais stratégiques ont moins de tentatives et valident seulement certaines compétences.
235,global,,Analyse par profil,user_profile_analysis,Quels types d’apprenants abandonnent le plus de questions et comment cela impacte-t-il leur score global ?,"SELECT u.profile_type, AVG(ar.abandoned_questions) AS avg_abandon, AVG(ar.validated_score) AS avg_score FROM fact_evaluation_results ar JOIN dim_user u ON ar.user_id = u.id GROUP BY u.profile_type;","Les apprenants passifs ou irréguliers abandonnent davantage de questions, ce qui réduit leur score global. Les engagés montrent une persévérance forte, avec moins d’abandons et une validation continue des compétences."
236,global,,Analyse temporelle,comparison_over_time,Comment les transitions de compétence varient-elles du début à la fin du parcours ?,"SELECT ar.competence_id, COUNT(ar.user_id) AS nb_transitions, AVG(ar.time_spent) AS avg_time FROM fact_evaluation_results ar GROUP BY ar.competence_id;","Les apprenants engagés montrent des transitions régulières et une progression continue. Les hésitants présentent des transitions lentes, parfois interrompues par des abandons. Cette analyse permet d’identifier les points de blocage et d’adapter le dispositif."
237,global,,Analyse causale,impact_assessment,Quels comportements favorisent la réussite sur les compétences de grammaire structurante ?,"SELECT ar.competence_id, AVG(ar.validated_score) AS avg_score, AVG(ar.time_spent) AS avg_time FROM fact_evaluation_results ar WHERE ar.competence_id IN (SELECT id FROM dim_competence WHERE type='Grammaire') GROUP BY ar.competence_id;","Les apprenants très engagés passent plus de temps sur chaque compétence et réalisent plus de tentatives. Leur persévérance favorise la validation des compétences en conjugaison, orthographe et syntaxe, tandis que les profils hésitants stagnent avec des blocages précoces."
238,global,,Analyse par profil,user_profile_analysis,Quels profils montrent une amélioration constante malgré un nombre réduit de compétences évaluées ?,"SELECT u.profile_type, SUM(ar.validated_score) AS total_score, COUNT(ar.competence_id) AS nb_competences FROM fact_evaluation_results ar JOIN dim_user u ON ar.user_id = u.id GROUP BY u.profile_type;","Certains apprenants concentrés sur un sous-ensemble de compétences montrent une progression régulière et un score croissant, indiquant une stratégie ciblée. D’autres stagnent ou abandonnent dès les premières évaluations."
239,global,,Analyse descriptive & statistique,statistical_summary,"Quel est le score moyen, maximal et minimal par compétence sur l’ensemble des apprenants ?","SELECT ar.competence_id, AVG(ar.validated_score) AS avg_score, MAX(ar.validated_score) AS max_score, MIN(ar.validated_score) AS min_score FROM fact_evaluation_results ar GROUP BY ar.competence_id;","Les compétences comme le choix des mots et l’enchaînement des phrases ont des scores moyens plus élevés, tandis que construction de phrases et conjugaison présentent plus de lacunes. Les profils engagés tendent à approcher le score maximal."
240,global,,Analyse comparative,group_performance,Comment se comparent les groupes d’apprenants selon le temps passé et le nombre de compétences validées ?,"SELECT u.group_id, AVG(ar.time_spent) AS avg_time, SUM(ar.validated_score) AS total_score FROM fact_evaluation_results ar JOIN dim_user u ON ar.user_id = u.id GROUP BY u.group_id;","Les groupes très engagés passent plus de temps et valident plus de compétences, reflétant un usage régulier et une persévérance. Les groupes passifs présentent des abandons plus fréquents et des scores plus faibles."
241,global,,Analyse causale,causal_analysis,Pourquoi certains apprenants n’atteignent-ils pas la certification malgré plusieurs tentatives ?,"SELECT ar.user_id, SUM(ar.validated_score) AS total_score, SUM(ar.abandoned_questions) AS abandoned, AVG(ar.time_spent) AS avg_time FROM fact_evaluation_results ar GROUP BY ar.user_id;","Les apprenants ayant un usage irrégulier et abandonnant plusieurs questions présentent des scores faibles malgré des tentatives fréquentes. Le temps moyen passé est insuffisant et la persévérance limitée, ce qui explique l’échec à la certification."
242,global,,Analyse temporelle,evolution_trend,Comment le score moyen par compétence évolue-t-il selon le temps passé sur la plateforme ?,"SELECT ar.competence_id, AVG(ar.validated_score) AS avg_score, AVG(ar.time_spent) AS avg_time FROM fact_evaluation_results ar GROUP BY ar.competence_id;","Les compétences les mieux maîtrisées (choix des mots, enchaînement) montrent une progression régulière avec un temps d’activité constant. Les compétences plus complexes stagnent ou décroissent si l’usage est irrégulier, illustrant un lien entre engagement et performance."
243,global,,Analyse par profil,user_profile_analysis,Quels comportements sont observés chez les apprenants qui valident uniquement 4 compétences sur 14 ?,"SELECT u.profile_type, SUM(ar.validated_score) AS total_score, COUNT(ar.competence_id) AS nb_competences, AVG(ar.time_spent) AS avg_time FROM fact_evaluation_results ar JOIN dim_user u ON ar.user_id = u.id WHERE ar.validated_score > 0 GROUP BY u.profile_type;","Ces apprenants se concentrent sur un petit nombre de compétences, avec un effort ciblé et irrégulier. Ils montrent parfois un engagement actif mais inefficace, abandonnent certaines questions et ne complètent pas toutes les activités, ce qui limite leur score global."
244,global,,Analyse comparative,group_performance,Comment les groupes ayant validé plus de 10 compétences se distinguent-ils en termes d’activité et d’engagement ?,"SELECT u.group_id, SUM(ar.validated_score) AS total_score, AVG(ar.time_spent) AS avg_time, SUM(ar.abandoned_questions) AS abandoned FROM fact_evaluation_results ar JOIN dim_user u ON ar.user_id = u.id GROUP BY u.group_id;","Les groupes très engagés passent plus de temps sur la plateforme, effectuent plus de tentatives et abandonnent moins de questions. Leur progression est régulière et ils valident un nombre élevé de compétences, indiquant un travail bien entraîné et persévérant."
245,global,,Analyse causale,impact_assessment,Pourquoi observe-t-on des écarts entre l’évaluation initiale et la certification finale ?,"SELECT ar.user_id, SUM(ar.validated_score) AS total_score, AVG(ar.time_spent) AS avg_time, SUM(ar.abandoned_questions) AS abandoned FROM fact_evaluation_results ar GROUP BY ar.user_id;","Les écarts sont liés à des comportements variés : certains augmentent leur engagement et valident davantage de compétences, d’autres décrochent, abandonnent des questions et passent moins de temps. Le profil initial ne garantit pas la réussite finale sans persévérance régulière."
246,global,,Analyse temporelle,comparison_over_time,Comment les transitions entre niveaux de compétence diffèrent-elles selon les profils d’apprenants ?,"SELECT u.profile_type, COUNT(ar.user_id) AS nb_transitions, AVG(ar.time_spent) AS avg_time FROM fact_evaluation_results ar JOIN dim_user u ON ar.user_id = u.id GROUP BY u.profile_type;","Les profils engagés effectuent des transitions régulières et progressent étape par étape. Les profils hésitants ou passifs montrent des transitions limitées ou retardées, parfois interrompues par des abandons, reflétant une adaptation inégale au dispositif."
247,global,,Analyse descriptive & statistique,statistical_summary,Quels sont les scores moyens et maximums pour les apprenants ayant validé entre 7 et 9 compétences ?,"SELECT ar.user_id, SUM(ar.validated_score) AS total_score, COUNT(ar.competence_id) AS nb_competences FROM fact_evaluation_results ar WHERE nb_competences BETWEEN 7 AND 9 GROUP BY ar.user_id;","Les apprenants dans cette tranche montrent une amélioration progressive, avec un engagement variable. Certains concentrent leur effort sur des compétences clés, tandis que d’autres abandonnent certaines activités, entraînant un score total intermédiaire."
248,global,,Analyse comparative,compare_scores,Comment les apprenants avec un score élevé dans la grammaire structurante se comportent-ils sur les autres compétences ?,"SELECT ar.user_id, SUM(ar.validated_score) AS total_score, AVG(ar.time_spent) AS avg_time FROM fact_evaluation_results ar WHERE ar.competence_id IN (SELECT id FROM dim_competence WHERE type='Grammaire') GROUP BY ar.user_id;","Ces apprenants montrent un engagement fort et régulier, valident les compétences les plus importantes et consacrent plus de temps aux activités. Toutefois, certaines compétences plus complexes sont parfois abandonnées, indiquant une priorité sur les éléments stratégiques."
249,global,,Analyse causale,motivation_analysis,Quels comportements expliquent un score faible malgré un nombre élevé de tentatives ?,"SELECT ar.user_id, SUM(ar.validated_score) AS total_score, SUM(ar.attempts) AS total_attempts, AVG(ar.time_spent) AS avg_time FROM fact_evaluation_results ar GROUP BY ar.user_id;","Un nombre élevé de tentatives ne garantit pas le succès. Les apprenants actifs mais inefficaces répètent les activités sans stratégie, abandonnent certaines questions et leur temps passé n’est pas réparti régulièrement, expliquant un score faible."
250,global,,Analyse par profil,user_profile_analysis,Comment les profils engagés se différencient-ils en termes de progression et de persévérance ?,"SELECT u.profile_type, AVG(ar.validated_score) AS avg_score, SUM(ar.abandoned_questions) AS abandoned, AVG(ar.time_spent) AS avg_time FROM fact_evaluation_results ar JOIN dim_user u ON ar.user_id = u.id GROUP BY u.profile_type;","Les apprenants engagés progressent régulièrement, abandonnent peu de questions et maintiennent un usage régulier. Les profils passifs montrent une irrégularité dans la persévérance, abandonnent certaines activités et présentent des transitions de compétence limitées."
251,global,,Analyse temporelle,evolution_trend,Comment l’évolution du score par compétence varie-t-elle pour les apprenants qui abandonnent certaines activités ?,"SELECT ar.competence_id, AVG(ar.validated_score) AS avg_score, SUM(ar.abandoned_questions) AS abandoned FROM fact_evaluation_results ar GROUP BY ar.competence_id;","Les compétences abandonnées montrent une stagnation ou une décroissance du score. Les apprenants passent moins de temps sur ces activités et montrent un engagement irrégulier, expliquant les performances limitées sur ces compétences."
252,global,,Analyse descriptive & statistique,distribution_analysis,Quelle est la répartition des scores pour les apprenants ayant validé 7 compétences sur 14 ?,"SELECT ar.user_id, SUM(ar.validated_score) AS total_score FROM fact_evaluation_results ar WHERE ar.competence_id IN (SELECT id FROM dim_competence LIMIT 7) GROUP BY ar.user_id;","Les scores sont dispersés selon l’engagement et la persévérance. Les apprenants les plus engagés présentent une progression régulière et valident davantage de compétences, tandis que les moins engagés abandonnent certaines activités, ce qui réduit le score total."
253,global,,Analyse causale,causal_analysis,Pourquoi certains apprenants montrent-ils une forte activité mais un score total faible ?,"SELECT ar.user_id, SUM(ar.validated_score) AS total_score, SUM(ar.attempts) AS total_attempts, AVG(ar.time_spent) AS avg_time FROM fact_evaluation_results ar GROUP BY ar.user_id;","Ces apprenants sont actifs mais inefficaces : ils passent du temps sur la plateforme et effectuent de nombreuses tentatives, mais leur effort est mal organisé et ils abandonnent des questions, limitant ainsi leur score total."
254,global,,Analyse comparative,compare_scores,Comment les scores des compétences de grammaire structurante se comparent-ils aux compétences de style et vocabulaire ?,"SELECT ar.user_id, SUM(ar.validated_score) AS grammar_score, SUM(ar.validated_score) AS style_score FROM fact_evaluation_results ar JOIN dim_competence dc ON ar.competence_id = dc.id GROUP BY ar.user_id;",Les scores en grammaire structurante sont généralement plus élevés car les apprenants se concentrent sur ces compétences clés. Les compétences liées au style et au vocabulaire sont moins corrélées mais complètent la performance globale.
255,global,,Analyse par profil,user_profile_analysis,Quels profils d’apprenants montrent une progression régulière malgré un nombre réduit de compétences évaluées ?,"SELECT u.profile_type, SUM(ar.validated_score) AS total_score, COUNT(ar.competence_id) AS nb_competences, AVG(ar.time_spent) AS avg_time FROM fact_evaluation_results ar JOIN dim_user u ON ar.user_id = u.id GROUP BY u.profile_type;","Certains profils engagés concentrent leur effort sur un nombre limité de compétences (ex. 4 à 7) mais progressent régulièrement, valident leurs activités et adoptent un usage efficace et persévérant de la plateforme."
256,global,,Analyse temporelle,temporal_comparison,Comment le comportement des apprenants varie-t-il entre le début et la fin du parcours sur la plateforme ?,"SELECT ar.user_id, SUM(ar.validated_score) AS total_score, AVG(ar.time_spent) AS avg_time FROM fact_evaluation_results ar GROUP BY ar.user_id;","Certains apprenants augmentent leur engagement au fil du parcours, avec plus de tentatives et une meilleure validation des compétences, tandis que d’autres décrochent après un pic initial d’activité, illustrant des comportements d’usage irrégulier."
257,global,,Analyse descriptive & statistique,aggregate_scores,Quel est le score moyen global par compétence pour l’ensemble des apprenants ?,"SELECT ar.competence_id, AVG(ar.validated_score) AS avg_score FROM fact_evaluation_results ar GROUP BY ar.competence_id;","Le score moyen varie selon les compétences. Les compétences stratégiques comme le choix des mots et l’enchaînement sont mieux maîtrisées, alors que la conjugaison et la construction de phrases présentent des lacunes persistantes, révélant la diversité des profils d’apprenants."
258,global,,Analyse causale,motivation_analysis,Pourquoi les apprenants certifiables passent-ils plus de temps sur la plateforme ?,"SELECT ar.user_id, AVG(ar.time_spent) AS avg_time, SUM(ar.validated_score) AS total_score FROM fact_evaluation_results ar GROUP BY ar.user_id;","Le temps d’activité élevé indique un engagement régulier et une persévérance marquée. Ces apprenants font plus de tentatives, validant davantage de compétences, ce qui explique leur capacité à atteindre la certification."
259,global,,Analyse comparative,group_performance,Comment se comportent les groupes avec un taux d’abandon élevé par rapport aux groupes très engagés ?,"SELECT u.group_id, SUM(ar.abandoned_questions) AS abandoned, AVG(ar.time_spent) AS avg_time, SUM(ar.validated_score) AS total_score FROM fact_evaluation_results ar JOIN dim_user u ON ar.user_id = u.id GROUP BY u.group_id;","Les groupes avec un fort abandon ont des scores totaux plus faibles et des transitions de compétence limitées. Les groupes très engagés présentent un travail régulier, valident plus de compétences et maintiennent un usage constant de la plateforme."
260,global,,Analyse par profil,user_profile_analysis,Quels comportements expliquent la réussite des apprenants ayant validé 14 compétences ?,"SELECT ar.user_id, SUM(ar.validated_score) AS total_score, AVG(ar.time_spent) AS avg_time, COUNT(ar.competence_id) AS nb_competences FROM fact_evaluation_results ar GROUP BY ar.user_id;","Ces apprenants sont très engagés, progressent régulièrement, abandonnent peu de questions et passent un temps suffisant sur chaque activité. Leur persévérance et leur gestion efficace des compétences expliquent leur score maximal."
281,global,,Analyse temporelle,evolution_trend,Comment le score moyen évolue-t-il pour les apprenants ayant validé seulement 4 compétences sur 14 ?,"SELECT AVG(ar.validated_score) AS avg_score, ar.competence_id FROM fact_evaluation_results ar WHERE ar.competence_id IN (SELECT id FROM dim_competence LIMIT 4) GROUP BY ar.competence_id;","Les apprenants évalués sur un nombre limité de compétences montrent une progression concentrée sur ces compétences. Leur temps d’activité est irrégulier, avec des pics avant les échéances, et certaines questions sont abandonnées, ce qui réduit leur score global."
282,global,,Analyse comparative,compare_scores,Pourquoi les apprenants certifiables ont-ils des scores plus élevés que les non-certifiables ?,"SELECT u.user_id, SUM(ar.validated_score) AS total_score FROM fact_evaluation_results ar JOIN dim_user u ON ar.user_id = u.id GROUP BY u.user_id;","Les certifiables sont très engagés, effectuent plus de tentatives, passent plus de temps sur la plateforme et valident davantage de compétences. Leur progression est régulière, avec moins d’abandons, contrairement aux non-certifiables qui ont une activité sporadique et abandonnent fréquemment."
283,global,,Analyse descriptive & statistique,distribution_analysis,Quel est le score total moyen pour les apprenants ayant validé 7 compétences ?,"SELECT AVG(SUM(ar.validated_score)) AS avg_total_score, ar.user_id FROM fact_evaluation_results ar GROUP BY ar.user_id HAVING COUNT(ar.competence_id) = 7;","La moyenne des scores montre une grande variabilité. Les apprenants engagés montrent une progression régulière et valident la majorité des compétences, alors que les moins engagés abandonnent certaines activités, ce qui réduit leur score global."
284,global,,Analyse causale,motivation_analysis,Comment le temps passé sur la plateforme influence-t-il le score global des apprenants ?,"SELECT ar.user_id, SUM(ar.validated_score) AS total_score, AVG(ar.time_spent) AS avg_time FROM fact_evaluation_results ar GROUP BY ar.user_id;","Un temps passé élevé est corrélé à un score global plus élevé. Les apprenants engagés utilisent la plateforme régulièrement et progressent étape par étape, tandis que ceux avec des temps d’activité faibles ou irréguliers abandonnent certaines compétences et voient leur score total diminuer."
285,global,,Analyse par profil,user_profile_analysis,Quels comportements typiques distinguent les apprenants ayant validé 9 compétences de ceux en difficulté ?,"SELECT u.profile_type, SUM(ar.validated_score) AS total_score, COUNT(ar.competence_id) AS nb_competences FROM fact_evaluation_results ar JOIN dim_user u ON ar.user_id = u.id GROUP BY u.profile_type;","Les apprenants ayant validé 9 compétences progressent régulièrement, gèrent efficacement leurs tentatives et abandonnent peu de questions. Les apprenants en difficulté stagnent, abandonnent souvent et montrent une activité irrégulière, ce qui limite la validation des compétences."
286,global,,Analyse temporelle,temporal_comparison,"Comment les transitions de compétences varient-elles entre début, milieu et fin du parcours ?","SELECT ar.user_id, ar.competence_id, ar.transition_level, ar.timestamp FROM fact_evaluation_results ar ORDER BY ar.timestamp;","Certains apprenants montrent une progression régulière avec des transitions successives entre niveaux de compétence, tandis que d’autres présentent des blocages temporaires ou abandonnent certaines compétences, entraînant une stagnation de leur score."
287,global,,Analyse descriptive & statistique,aggregate_scores,Quel est le score moyen par compétence pour les apprenants évalués sur 14 compétences ?,"SELECT ar.competence_id, AVG(ar.validated_score) AS avg_score FROM fact_evaluation_results ar GROUP BY ar.competence_id;","Le score moyen est élevé pour les compétences stratégiques comme le choix des mots et l’enchaînement, tandis que les compétences plus difficiles comme la conjugaison ou la construction de phrases montrent des lacunes persistantes, reflétant la diversité des profils d’apprenants."
288,global,,Analyse causale,causal_analysis,Pourquoi certains apprenants très engagés ont-ils un score total faible malgré une forte activité ?,"SELECT ar.user_id, SUM(ar.validated_score) AS total_score, SUM(ar.attempts) AS total_attempts, AVG(ar.time_spent) AS avg_time FROM fact_evaluation_results ar GROUP BY ar.user_id;","Ces apprenants montrent un engagement élevé mais inefficace : ils passent beaucoup de temps sur la plateforme et multiplient les tentatives, mais abandonnent des questions ou ne structurent pas leur effort, ce qui réduit leur score global."
289,global,,Analyse comparative,compare_scores,Comment le score des compétences d’expression écrite se compare-t-il entre les apprenants certifiés et non-certifiés ?,"SELECT u.user_id, SUM(ar.validated_score) AS total_score FROM fact_evaluation_results ar JOIN dim_user u ON ar.user_id = u.id GROUP BY u.user_id;","Les apprenants certifiés valident davantage de compétences et maintiennent un usage régulier, alors que les non-certifiés abandonnent certaines activités et progressent moins régulièrement, entraînant un score plus faible."
290,global,,Analyse par profil,user_profile_analysis,Quels profils d’apprenants montrent un usage intensif mais sélectif de la plateforme ?,"SELECT u.profile_type, SUM(ar.validated_score) AS total_score, COUNT(ar.competence_id) AS nb_competences, AVG(ar.time_spent) AS avg_time FROM fact_evaluation_results ar JOIN dim_user u ON ar.user_id = u.id GROUP BY u.profile_type;","Certains apprenants concentrent leur activité sur un nombre limité de compétences, progressent efficacement sur celles-ci et abandonnent les autres. Leur engagement est ciblé et leur score total reflète cette stratégie sélective."
291,individual,4321,Évolution du comportement vis-à-vis de l'outil,evolution_trend,Comment l'engagement de l'étudiant 4321 a-t-il évolué sur les différentes compétences évaluées dans Écri+ au cours du parcours ?,"SELECT dim_time.date, SUM(dim_competence.score) as total_score, COUNT(dim_competence.id) as nb_competences FROM fact_evaluation_results JOIN dim_time ON fact_evaluation_results.time_id = dim_time.id JOIN dim_competence ON fact_evaluation_results.competence_id = dim_competence.id WHERE dim_user.id = 4321 GROUP BY dim_time.date ORDER BY dim_time.date ASC;","L'étudiant 4321 montre une progression inégale : les compétences évaluées en début de parcours ont des scores faibles (0-4/16) malgré un temps de connexion régulier. Avant les échéances, un effort concentré a augmenté les scores (8-12/16) sur 3 compétences clés. Cependant, certaines compétences n'ont pas été tentées, indiquant un usage partiel et des lacunes persistantes. L'étudiant passe d'un comportement passif à actif mais inefficace sur certaines périodes, ce qui suggère un besoin d'accompagnement ciblé."
292,individual,4310,Évolution du comportement vis-à-vis de l'outil,evolution_trend,Pourquoi l'étudiant 4310 a-t-il abandonné certaines compétences et comment son engagement a-t-il changé ?,"SELECT dim_competence.name, dim_assessment_result.status, dim_time.date, dim_competence.score FROM fact_evaluation_results JOIN dim_time ON fact_evaluation_results.time_id = dim_time.id JOIN dim_competence ON fact_evaluation_results.competence_id = dim_competence.id WHERE dim_user.id = 4310 ORDER BY dim_time.date;","L'étudiant 4310 a commencé les activités de manière irrégulière et a abandonné 2 compétences sur 6 évaluées. Le temps passé sur la plateforme est faible en début de parcours, avec des tentatives limitées. Son engagement s'accroît avant les échéances (augmentation des scores de 2 à 10/16), mais certaines compétences restent non validées, montrant un profil hésitant avec une progression incomplète. La corrélation entre usage et performance reste modérée."
293,group,,Évolution du comportement vis-à-vis de l'outil,evolution_trend,Comment le groupe des apprenants engagés a-t-il évolué sur les compétences d'Écri+ au cours du semestre ?,"SELECT dim_time.week, AVG(dim_competence.score) as avg_score, COUNT(dim_user.id) as nb_users FROM fact_evaluation_results JOIN dim_time ON fact_evaluation_results.time_id = dim_time.id JOIN dim_competence ON fact_evaluation_results.competence_id = dim_competence.id JOIN dim_user ON fact_evaluation_results.user_id = dim_user.id WHERE dim_user.profile = 'engagé' GROUP BY dim_time.week ORDER BY dim_time.week ASC;","Le groupe engagé montre une progression régulière sur 12 compétences, avec une validation progressive et des transitions fréquentes. La durée moyenne pour passer d'une compétence à l'autre est de 3 jours, indiquant un usage concentré avant échéances. Certaines compétences restent partiellement validées, mais le groupe maintient un temps de connexion élevé et des tentatives répétées. Le profil du groupe correspond à des apprenants surperformants et très engagés."
294,group,,Évolution du comportement vis-à-vis de l'outil,evolution_trend,Quelles tendances observe-t-on dans l'évolution des apprenants hésitants par rapport aux compétences évaluées sur Écri+ ?,"SELECT dim_time.month, AVG(dim_competence.score) as avg_score, COUNT(dim_user.id) as nb_users FROM fact_evaluation_results JOIN dim_time ON fact_evaluation_results.time_id = dim_time.id JOIN dim_competence ON fact_evaluation_results.competence_id = dim_competence.id JOIN dim_user ON fact_evaluation_results.user_id = dim_user.id WHERE dim_user.profile = 'hésitant' GROUP BY dim_time.month ORDER BY dim_time.month ASC;","Les apprenants hésitants montrent des transitions lentes, validation partielle des compétences et temps de connexion irrégulier. Certains abandonnent des compétences après plusieurs tentatives infructueuses. Les scores varient de 0 à 8/16 selon les compétences, et l'engagement augmente ponctuellement avant les échéances. La progression est inégale, reflétant un profil passif mais stratégique sur certaines périodes."
295,global,,Évolution du comportement vis-à-vis de l'outil,evolution_trend,Comment l'ensemble des apprenants a-t-il évolué sur les compétences évaluées et le temps passé sur Écri+ ?,"SELECT dim_time.week, AVG(dim_competence.score) as avg_score, SUM(fact_evaluation_results.time_spent) as total_time, COUNT(dim_user.id) as nb_users FROM fact_evaluation_results JOIN dim_time ON fact_evaluation_results.time_id = dim_time.id JOIN dim_competence ON fact_evaluation_results.competence_id = dim_competence.id JOIN dim_user ON fact_evaluation_results.user_id = dim_user.id GROUP BY dim_time.week ORDER BY dim_time.week ASC;","Au niveau global, la moyenne des scores des 14 compétences évolue de manière progressive avec des pics avant les échéances. Le temps moyen passé par les apprenants est de 5h/semaine, mais certains profils montrent des périodes de stagnation ou d'abandon. La validation complète des compétences est rare : seuls les apprenants les plus engagés et persévérants atteignent des scores élevés. Les transitions fréquentes entre niveaux de compétence indiquent un usage progressif mais hétérogène selon les profils."
296,individual,4401,Évolution du comportement vis-à-vis de l'outil,evolution_trend,Comment l'étudiant 4401 a-t-il progressé sur les 7 compétences évaluées dans Écri+ ?,"SELECT dim_time.date, SUM(dim_competence.score) as total_score FROM fact_evaluation_results JOIN dim_time ON fact_evaluation_results.time_id = dim_time.id JOIN dim_competence ON fact_evaluation_results.competence_id = dim_competence.id WHERE dim_user.id = 4401 GROUP BY dim_time.date ORDER BY dim_time.date ASC;","L'étudiant 4401 montre un engagement variable : début lent avec scores faibles (0-8/16) sur certaines compétences, puis amélioration avant les échéances (scores 10-14/16). L'usage régulier et les tentatives répétées indiquent un comportement persévérant. Quelques compétences restent non validées, illustrant un profil passif mais stratégique."
297,individual,4402,Évolution du comportement vis-à-vis de l'outil,evolution_trend,Pourquoi l'étudiant 4402 a-t-il abandonné certaines compétences et comment son usage a-t-il évolué ?,"SELECT dim_competence.name, dim_assessment_result.status, dim_time.date FROM fact_evaluation_results JOIN dim_time ON fact_evaluation_results.time_id = dim_time.id JOIN dim_competence ON fact_evaluation_results.competence_id = dim_competence.id WHERE dim_user.id = 4402 ORDER BY dim_time.date;","L'étudiant 4402 a abandonné 2 compétences sur 6 évaluées. Son temps de connexion est faible en début de parcours, mais augmente avant les échéances. Les tentatives répétées et l'usage concentré montrent un engagement ponctuel, mais certaines compétences restent non validées, reflétant un profil hésitant."
298,group,,Évolution du comportement vis-à-vis de l'outil,evolution_trend,Comment le groupe des apprenants engagés a-t-il progressé sur les compétences évaluées dans Écri+ sur le semestre ?,"SELECT dim_time.week, AVG(dim_competence.score) as avg_score, COUNT(dim_user.id) as nb_users FROM fact_evaluation_results JOIN dim_time ON fact_evaluation_results.time_id = dim_time.id JOIN dim_competence ON fact_evaluation_results.competence_id = dim_competence.id JOIN dim_user ON fact_evaluation_results.user_id = dim_user.id WHERE dim_user.profile = 'engagé' GROUP BY dim_time.week ORDER BY dim_time.week ASC;","Le groupe engagé valide progressivement les compétences sur 12 compétences évaluées. La durée moyenne pour passer d'une compétence à l'autre est de 2-3 jours. Les apprenants montrent une activité régulière avec des tentatives répétées, illustrant un profil surperformant et très engagé."
299,group,,Évolution du comportement vis-à-vis de l'outil,evolution_trend,Quelles sont les tendances des apprenants hésitants sur les compétences évaluées et leur engagement sur Écri+ ?,"SELECT dim_time.month, AVG(dim_competence.score) as avg_score, COUNT(dim_user.id) as nb_users FROM fact_evaluation_results JOIN dim_time ON fact_evaluation_results.time_id = dim_time.id JOIN dim_competence ON fact_evaluation_results.competence_id = dim_competence.id JOIN dim_user ON fact_evaluation_results.user_id = dim_user.id WHERE dim_user.profile = 'hésitant' GROUP BY dim_time.month ORDER BY dim_time.month ASC;","Les apprenants hésitants progressent lentement, avec quelques compétences abandonnées. Le temps de connexion est irrégulier et les tentatives limitées. Les scores varient de 0 à 8/16 par compétence, et la progression est ponctuelle, reflétant un profil passif mais stratégique."
300,global,,Évolution du comportement vis-à-vis de l'outil,evolution_trend,Comment l'ensemble des apprenants a-t-il évolué sur les compétences évaluées et le temps passé sur Écri+ ?,"SELECT dim_time.week, AVG(dim_competence.score) as avg_score, SUM(fact_evaluation_results.time_spent) as total_time, COUNT(dim_user.id) as nb_users FROM fact_evaluation_results JOIN dim_time ON fact_evaluation_results.time_id = dim_time.id JOIN dim_competence ON fact_evaluation_results.competence_id = dim_competence.id JOIN dim_user ON fact_evaluation_results.user_id = dim_user.id GROUP BY dim_time.week ORDER BY dim_time.week ASC;","Au niveau global, la moyenne des scores des 14 compétences progresse régulièrement avec des pics avant les échéances. Le temps moyen passé est de 5h/semaine par apprenant, mais certains profils stagnent ou abandonnent des compétences. La validation complète est rare, indiquant des usages partiels et hétérogènes selon les profils."
296,individual,4401,Évolution du comportement vis-à-vis de l'outil,evolution_trend,Comment l'étudiant 4401 a-t-il progressé sur les 7 compétences évaluées dans Écri+ ?,"SELECT dim_time.date, SUM(dim_competence.score) as total_score FROM fact_evaluation_results JOIN dim_time ON fact_evaluation_results.time_id = dim_time.id JOIN dim_competence ON fact_evaluation_results.competence_id = dim_competence.id WHERE dim_user.id = 4401 GROUP BY dim_time.date ORDER BY dim_time.date ASC;","L'étudiant 4401 montre un engagement variable : début lent avec scores faibles (0-8/16) sur certaines compétences, puis amélioration avant les échéances (scores 10-14/16). L'usage régulier et les tentatives répétées indiquent un comportement persévérant. Quelques compétences restent non validées, illustrant un profil passif mais stratégique."
297,individual,4402,Évolution du comportement vis-à-vis de l'outil,evolution_trend,Pourquoi l'étudiant 4402 a-t-il abandonné certaines compétences et comment son usage a-t-il évolué ?,"SELECT dim_competence.name, dim_assessment_result.status, dim_time.date FROM fact_evaluation_results JOIN dim_time ON fact_evaluation_results.time_id = dim_time.id JOIN dim_competence ON fact_evaluation_results.competence_id = dim_competence.id WHERE dim_user.id = 4402 ORDER BY dim_time.date;","L'étudiant 4402 a abandonné 2 compétences sur 6 évaluées. Son temps de connexion est faible en début de parcours, mais augmente avant les échéances. Les tentatives répétées et l'usage concentré montrent un engagement ponctuel, mais certaines compétences restent non validées, reflétant un profil hésitant."
298,group,,Évolution du comportement vis-à-vis de l'outil,evolution_trend,Comment le groupe des apprenants engagés a-t-il progressé sur les compétences évaluées dans Écri+ sur le semestre ?,"SELECT dim_time.week, AVG(dim_competence.score) as avg_score, COUNT(dim_user.id) as nb_users FROM fact_evaluation_results JOIN dim_time ON fact_evaluation_results.time_id = dim_time.id JOIN dim_competence ON fact_evaluation_results.competence_id = dim_competence.id JOIN dim_user ON fact_evaluation_results.user_id = dim_user.id WHERE dim_user.profile = 'engagé' GROUP BY dim_time.week ORDER BY dim_time.week ASC;","Le groupe engagé valide progressivement les compétences sur 12 compétences évaluées. La durée moyenne pour passer d'une compétence à l'autre est de 2-3 jours. Les apprenants montrent une activité régulière avec des tentatives répétées, illustrant un profil surperformant et très engagé."
299,group,,Évolution du comportement vis-à-vis de l'outil,evolution_trend,Quelles sont les tendances des apprenants hésitants sur les compétences évaluées et leur engagement sur Écri+ ?,"SELECT dim_time.month, AVG(dim_competence.score) as avg_score, COUNT(dim_user.id) as nb_users FROM fact_evaluation_results JOIN dim_time ON fact_evaluation_results.time_id = dim_time.id JOIN dim_competence ON fact_evaluation_results.competence_id = dim_competence.id JOIN dim_user ON fact_evaluation_results.user_id = dim_user.id WHERE dim_user.profile = 'hésitant' GROUP BY dim_time.month ORDER BY dim_time.month ASC;","Les apprenants hésitants progressent lentement, avec quelques compétences abandonnées. Le temps de connexion est irrégulier et les tentatives limitées. Les scores varient de 0 à 8/16 par compétence, et la progression est ponctuelle, reflétant un profil passif mais stratégique."
300,global,,Évolution du comportement vis-à-vis de l'outil,evolution_trend,Comment l'ensemble des apprenants a-t-il évolué sur les compétences évaluées et le temps passé sur Écri+ ?,"SELECT dim_time.week, AVG(dim_competence.score) as avg_score, SUM(fact_evaluation_results.time_spent) as total_time, COUNT(dim_user.id) as nb_users FROM fact_evaluation_results JOIN dim_time ON fact_evaluation_results.time_id = dim_time.id JOIN dim_competence ON fact_evaluation_results.competence_id = dim_competence.id JOIN dim_user ON fact_evaluation_results.user_id = dim_user.id GROUP BY dim_time.week ORDER BY dim_time.week ASC;","Au niveau global, la moyenne des scores des 14 compétences progresse régulièrement avec des pics avant les échéances. Le temps moyen passé est de 5h/semaine par apprenant, mais certains profils stagnent ou abandonnent des compétences. La validation complète est rare, indiquant des usages partiels et hétérogènes selon les profils."
301,individual,4403,Évolution du comportement vis-à-vis de l'outil,evolution_trend,Quel est le parcours d'évolution des compétences pour l'étudiant 4403 sur les 4 compétences évaluées ?,"SELECT dim_competence.name, dim_time.date, dim_competence.score FROM fact_evaluation_results JOIN dim_competence ON fact_evaluation_results.competence_id = dim_competence.id JOIN dim_time ON fact_evaluation_results.time_id = dim_time.id WHERE dim_user.id = 4403 ORDER BY dim_time.date ASC;","L'étudiant 4403 a validé 3 compétences sur 4. Les tentatives sont nombreuses avant les échéances, reflétant un engagement régulier mais partiel. Le temps passé sur la plateforme est concentré avant les tests, et une compétence reste non validée, indiquant un profil actif mais inefficace pour cette compétence."
302,group,,Évolution du comportement vis-à-vis de l'outil,evolution_trend,Comment le groupe des apprenants en difficulté a-t-il utilisé Écri+ et quelles compétences ont été abandonnées ?,"SELECT dim_user.id, dim_competence.name, dim_assessment_result.status FROM fact_evaluation_results JOIN dim_user ON fact_evaluation_results.user_id = dim_user.id JOIN dim_competence ON fact_evaluation_results.competence_id = dim_competence.id WHERE dim_user.profile = 'en difficulté';","Le groupe en difficulté montre une activité très irrégulière, avec plusieurs compétences abandonnées ou non validées. Le temps moyen de connexion est faible et les tentatives limitées. Le comportement est passif, avec stagnation rapide, indiquant un profil à risque nécessitant un accompagnement ciblé."
303,global,,Évolution du comportement vis-à-vis de l'outil,evolution_trend,Quelle est la progression moyenne des compétences évaluées sur Écri+ pour tous les apprenants et le nombre total de tentatives ?,"SELECT dim_time.week, AVG(dim_competence.score) as avg_score, SUM(fact_evaluation_results.attempts) as total_attempts FROM fact_evaluation_results JOIN dim_time ON fact_evaluation_results.time_id = dim_time.id JOIN dim_competence ON fact_evaluation_results.competence_id = dim_competence.id GROUP BY dim_time.week ORDER BY dim_time.week ASC;","Globalement, la progression des compétences est régulière mais partielle, avec un total de tentatives moyen par semaine de 1500. Les profils engagés montrent plus de tentatives et de compétences validées, alors que les profils en difficulté stagnent ou abandonnent certaines compétences. Aucun apprenant n’a validé toutes les compétences évaluées."
296,individual,4401,Évolution du comportement vis-à-vis de l'outil,evolution_trend,Comment l'étudiant 4401 a-t-il progressé sur les 7 compétences évaluées dans Écri+ ?,"SELECT dim_time.date, SUM(dim_competence.score) as total_score FROM fact_evaluation_results JOIN dim_time ON fact_evaluation_results.time_id = dim_time.id JOIN dim_competence ON fact_evaluation_results.competence_id = dim_competence.id WHERE dim_user.id = 4401 GROUP BY dim_time.date ORDER BY dim_time.date ASC;","L'étudiant 4401 montre un engagement variable : début lent avec scores faibles (0-8/16) sur certaines compétences, puis amélioration avant les échéances (scores 10-14/16). L'usage régulier et les tentatives répétées indiquent un comportement persévérant. Quelques compétences restent non validées, illustrant un profil passif mais stratégique."
297,individual,4402,Évolution du comportement vis-à-vis de l'outil,evolution_trend,Pourquoi l'étudiant 4402 a-t-il abandonné certaines compétences et comment son usage a-t-il évolué ?,"SELECT dim_competence.name, dim_assessment_result.status, dim_time.date FROM fact_evaluation_results JOIN dim_time ON fact_evaluation_results.time_id = dim_time.id JOIN dim_competence ON fact_evaluation_results.competence_id = dim_competence.id WHERE dim_user.id = 4402 ORDER BY dim_time.date;","L'étudiant 4402 a abandonné 2 compétences sur 6 évaluées. Son temps de connexion est faible en début de parcours, mais augmente avant les échéances. Les tentatives répétées et l'usage concentré montrent un engagement ponctuel, mais certaines compétences restent non validées, reflétant un profil hésitant."
298,group,,Évolution du comportement vis-à-vis de l'outil,evolution_trend,Comment le groupe des apprenants engagés a-t-il progressé sur les compétences évaluées dans Écri+ sur le semestre ?,"SELECT dim_time.week, AVG(dim_competence.score) as avg_score, COUNT(dim_user.id) as nb_users FROM fact_evaluation_results JOIN dim_time ON fact_evaluation_results.time_id = dim_time.id JOIN dim_competence ON fact_evaluation_results.competence_id = dim_competence.id JOIN dim_user ON fact_evaluation_results.user_id = dim_user.id WHERE dim_user.profile = 'engagé' GROUP BY dim_time.week ORDER BY dim_time.week ASC;","Le groupe engagé valide progressivement les compétences sur 12 compétences évaluées. La durée moyenne pour passer d'une compétence à l'autre est de 2-3 jours. Les apprenants montrent une activité régulière avec des tentatives répétées, illustrant un profil surperformant et très engagé."
299,group,,Évolution du comportement vis-à-vis de l'outil,evolution_trend,Quelles sont les tendances des apprenants hésitants sur les compétences évaluées et leur engagement sur Écri+ ?,"SELECT dim_time.month, AVG(dim_competence.score) as avg_score, COUNT(dim_user.id) as nb_users FROM fact_evaluation_results JOIN dim_time ON fact_evaluation_results.time_id = dim_time.id JOIN dim_competence ON fact_evaluation_results.competence_id = dim_competence.id JOIN dim_user ON fact_evaluation_results.user_id = dim_user.id WHERE dim_user.profile = 'hésitant' GROUP BY dim_time.month ORDER BY dim_time.month ASC;","Les apprenants hésitants progressent lentement, avec quelques compétences abandonnées. Le temps de connexion est irrégulier et les tentatives limitées. Les scores varient de 0 à 8/16 par compétence, et la progression est ponctuelle, reflétant un profil passif mais stratégique."
300,global,,Évolution du comportement vis-à-vis de l'outil,evolution_trend,Comment l'ensemble des apprenants a-t-il évolué sur les compétences évaluées et le temps passé sur Écri+ ?,"SELECT dim_time.week, AVG(dim_competence.score) as avg_score, SUM(fact_evaluation_results.time_spent) as total_time, COUNT(dim_user.id) as nb_users FROM fact_evaluation_results JOIN dim_time ON fact_evaluation_results.time_id = dim_time.id JOIN dim_competence ON fact_evaluation_results.competence_id = dim_competence.id JOIN dim_user ON fact_evaluation_results.user_id = dim_user.id GROUP BY dim_time.week ORDER BY dim_time.week ASC;","Au niveau global, la moyenne des scores des 14 compétences progresse régulièrement avec des pics avant les échéances. Le temps moyen passé est de 5h/semaine par apprenant, mais certains profils stagnent ou abandonnent des compétences. La validation complète est rare, indiquant des usages partiels et hétérogènes selon les profils."
301,individual,4403,Évolution du comportement vis-à-vis de l'outil,evolution_trend,Quel est le parcours d'évolution des compétences pour l'étudiant 4403 sur les 4 compétences évaluées ?,"SELECT dim_competence.name, dim_time.date, dim_competence.score FROM fact_evaluation_results JOIN dim_competence ON fact_evaluation_results.competence_id = dim_competence.id JOIN dim_time ON fact_evaluation_results.time_id = dim_time.id WHERE dim_user.id = 4403 ORDER BY dim_time.date ASC;","L'étudiant 4403 a validé 3 compétences sur 4. Les tentatives sont nombreuses avant les échéances, reflétant un engagement régulier mais partiel. Le temps passé sur la plateforme est concentré avant les tests, et une compétence reste non validée, indiquant un profil actif mais inefficace pour cette compétence."
302,group,,Évolution du comportement vis-à-vis de l'outil,evolution_trend,Comment le groupe des apprenants en difficulté a-t-il utilisé Écri+ et quelles compétences ont été abandonnées ?,"SELECT dim_user.id, dim_competence.name, dim_assessment_result.status FROM fact_evaluation_results JOIN dim_user ON fact_evaluation_results.user_id = dim_user.id JOIN dim_competence ON fact_evaluation_results.competence_id = dim_competence.id WHERE dim_user.profile = 'en difficulté';","Le groupe en difficulté montre une activité très irrégulière, avec plusieurs compétences abandonnées ou non validées. Le temps moyen de connexion est faible et les tentatives limitées. Le comportement est passif, avec stagnation rapide, indiquant un profil à risque nécessitant un accompagnement ciblé."
303,global,,Évolution du comportement vis-à-vis de l'outil,evolution_trend,Quelle est la progression moyenne des compétences évaluées sur Écri+ pour tous les apprenants et le nombre total de tentatives ?,"SELECT dim_time.week, AVG(dim_competence.score) as avg_score, SUM(fact_evaluation_results.attempts) as total_attempts FROM fact_evaluation_results JOIN dim_time ON fact_evaluation_results.time_id = dim_time.id JOIN dim_competence ON fact_evaluation_results.competence_id = dim_competence.id GROUP BY dim_time.week ORDER BY dim_time.week ASC;","Globalement, la progression des compétences est régulière mais partielle, avec un total de tentatives moyen par semaine de 1500. Les profils engagés montrent plus de tentatives et de compétences validées, alors que les profils en difficulté stagnent ou abandonnent certaines compétences. Aucun apprenant n’a validé toutes les compétences évaluées."
304,individual,4404,Évolution du comportement vis-à-vis de l'outil,evolution_trend,Comment l'étudiant 4404 a-t-il géré ses tentatives et abandons sur 6 compétences évaluées ?,"SELECT dim_competence.name, dim_assessment_result.status, dim_time.date, fact_evaluation_results.attempts FROM fact_evaluation_results JOIN dim_competence ON fact_evaluation_results.competence_id = dim_competence.id JOIN dim_time ON fact_evaluation_results.time_id = dim_time.id WHERE dim_user.id = 4404 ORDER BY dim_time.date ASC;","L'étudiant 4404 a validé 4 compétences et abandonné 2. L'engagement est concentré juste avant les échéances, avec plusieurs tentatives, reflétant un profil actif mais inefficace sur les compétences abandonnées. La durée moyenne par activité est de 25 minutes, indiquant un effort concentré."
305,group,,Évolution du comportement vis-à-vis de l'outil,evolution_trend,Comment le groupe des apprenants certifiables a-t-il progressé sur les compétences et les tentatives ?,"SELECT dim_time.week, AVG(dim_competence.score) as avg_score, SUM(fact_evaluation_results.attempts) as total_attempts FROM fact_evaluation_results JOIN dim_time ON fact_evaluation_results.time_id = dim_time.id JOIN dim_competence ON fact_evaluation_results.competence_id = dim_competence.id JOIN dim_user ON fact_evaluation_results.user_id = dim_user.id WHERE dim_user.certifiable = 1 GROUP BY dim_time.week ORDER BY dim_time.week ASC;","Le groupe certifiable valide progressivement 12 compétences sur 14. Le nombre moyen de tentatives est élevé, indiquant un engagement régulier. Certains apprenants abandonnent ponctuellement des compétences, mais la majorité montre un profil surperformant et très engagé."
306,individual,4405,Évolution du comportement vis-à-vis de l'outil,evolution_trend,"Comment l'étudiant 4405 a-t-il évolué sur les 9 compétences évaluées, et quelles sont ses difficultés principales ?","SELECT dim_competence.name, dim_time.date, dim_competence.score FROM fact_evaluation_results JOIN dim_time ON fact_evaluation_results.time_id = dim_time.id JOIN dim_competence ON fact_evaluation_results.competence_id = dim_competence.id WHERE dim_user.id = 4405 ORDER BY dim_time.date ASC;","L'étudiant 4405 a validé 7 compétences sur 9. Les scores par compétence varient entre 4 et 14/16, avec des lacunes persistantes en construction de phrases et conjugaison. L’usage est irrégulier au début, puis concentré avant les échéances, reflétant un profil persévérant mais partiellement efficace."
307,global,,Évolution du comportement vis-à-vis de l'outil,evolution_trend,Quelle est l’évolution globale des compétences et de l’engagement sur Écri+ pour tous les apprenants ?,"SELECT dim_time.week, AVG(dim_competence.score) as avg_score, SUM(fact_evaluation_results.time_spent) as total_time, COUNT(dim_user.id) as nb_users FROM fact_evaluation_results JOIN dim_time ON fact_evaluation_results.time_id = dim_time.id JOIN dim_competence ON fact_evaluation_results.competence_id = dim_competence.id JOIN dim_user ON fact_evaluation_results.user_id = dim_user.id GROUP BY dim_time.week ORDER BY dim_time.week ASC;","Au niveau global, les scores moyens par compétence progressent progressivement (0 à 224 points pour 14 compétences), avec une intensification avant les échéances. Le temps moyen passé est de 4 à 6 heures par semaine. Certains profils stagnent ou abandonnent des compétences, indiquant des usages partiels et hétérogènes. Les transitions montrent des parcours types d'apprenants engagés, hésitants ou en difficulté."
308,individual,4406,Évolution du comportement vis-à-vis de l'outil,evolution_trend,Quels comportements et performances l’étudiant 4406 a-t-il montrés sur 4 compétences évaluées ?,"SELECT dim_competence.name, dim_time.date, dim_competence.score FROM fact_evaluation_results JOIN dim_time ON fact_evaluation_results.time_id = dim_time.id JOIN dim_competence ON fact_evaluation_results.competence_id = dim_competence.id WHERE dim_user.id = 4406 ORDER BY dim_time.date ASC;","L'étudiant 4406 a validé 3 compétences sur 4. Le score total sur les 4 compétences est de 168/224. Le temps de connexion est concentré avant les échéances, avec des tentatives répétées, indiquant un profil persévérant et actif. Une compétence reste non validée, illustrant un usage partiel."
309,group,,Évolution du comportement vis-à-vis de l'outil,evolution_trend,Comment les apprenants ayant validé moins de 6 compétences ont-ils progressé sur Écri+ ?,"SELECT dim_user.id, AVG(dim_competence.score) as avg_score, COUNT(dim_competence.id) as nb_validated FROM fact_evaluation_results JOIN dim_user ON fact_evaluation_results.user_id = dim_user.id JOIN dim_competence ON fact_evaluation_results.competence_id = dim_competence.id WHERE dim_competence.status = 'validée' AND nb_validated < 6 GROUP BY dim_user.id;","Le groupe a une progression limitée, avec des abandons fréquents et une faible régularité dans l’usage. Les scores moyens varient de 40 à 80/224. Les profils montrent un engagement irrégulier et des tentatives concentrées sur certaines compétences, indiquant un comportement passif mais stratégique."
310,individual,4407,Évolution du comportement vis-à-vis de l'outil,evolution_trend,Comment l’étudiant 4407 a-t-il adapté son usage de l’outil et quelles compétences sont restées non validées ?,"SELECT dim_competence.name, dim_time.date, dim_competence.score, dim_assessment_result.status FROM fact_evaluation_results JOIN dim_time ON fact_evaluation_results.time_id = dim_time.id JOIN dim_competence ON fact_evaluation_results.competence_id = dim_competence.id JOIN dim_assessment_result ON fact_evaluation_results.result_id = dim_assessment_result.id WHERE dim_user.id = 4407 ORDER BY dim_time.date ASC;","L’étudiant 4407 a validé 5 compétences sur 9. Les compétences abandonnées sont principalement en orthographe et syntaxe. L’usage est irrégulier, mais intensifié avant les échéances. Le profil est actif mais inefficace sur certaines compétences, avec une persévérance notable dans les tentatives sur les compétences validées."
311,group,,Évolution du comportement vis-à-vis de l'outil,evolution_trend,Quelle progression des compétences observe-t-on chez les apprenants engagés sur Écri+ ?,"SELECT dim_time.week, AVG(dim_competence.score) as avg_score, SUM(fact_evaluation_results.attempts) as total_attempts FROM fact_evaluation_results JOIN dim_time ON fact_evaluation_results.time_id = dim_time.id JOIN dim_competence ON fact_evaluation_results.competence_id = dim_competence.id JOIN dim_user ON fact_evaluation_results.user_id = dim_user.id WHERE dim_user.profile = 'engagé' GROUP BY dim_time.week ORDER BY dim_time.week ASC;","Les apprenants engagés ont validé en moyenne 12 compétences sur 14, avec une progression régulière. Le nombre de tentatives est élevé et concentré avant les échéances. Certains abandonnent ponctuellement une compétence, mais la majorité est surperformante et très engagée."
312,individual,4408,Évolution du comportement vis-à-vis de l'outil,evolution_trend,Comment l’étudiant 4408 a-t-il évolué sur 7 compétences évaluées et quelles compétences restent en difficulté ?,"SELECT dim_competence.name, dim_time.date, dim_competence.score FROM fact_evaluation_results JOIN dim_time ON fact_evaluation_results.time_id = dim_time.id JOIN dim_competence ON fact_evaluation_results.competence_id = dim_competence.id WHERE dim_user.id = 4408 ORDER BY dim_time.date ASC;","L’étudiant a validé 5 compétences sur 7. Les scores vont de 8 à 14/16 par compétence. Les compétences en conjugaison et construction de phrases restent faibles. L’usage est irrégulier mais concentré avant les échéances, reflétant un profil persévérant et actif."
313,global,,Évolution du comportement vis-à-vis de l'outil,evolution_trend,Quelle est l’évolution globale de l’usage et des performances sur Écri+ pour tous les apprenants ?,"SELECT dim_time.week, AVG(dim_competence.score) as avg_score, SUM(fact_evaluation_results.time_spent) as total_time, COUNT(dim_user.id) as nb_users FROM fact_evaluation_results JOIN dim_time ON fact_evaluation_results.time_id = dim_time.id JOIN dim_competence ON fact_evaluation_results.competence_id = dim_competence.id JOIN dim_user ON fact_evaluation_results.user_id = dim_user.id GROUP BY dim_time.week ORDER BY dim_time.week ASC;","La moyenne globale par compétence varie de 0 à 224 points. L’usage est irrégulier, avec des pics d’activité avant les échéances et des périodes creuses. Certains apprenants abandonnent des compétences, tandis que d’autres progressent régulièrement. Les transitions montrent trois profils types : engagés, hésitants et en difficulté."
314,individual,4409,Évolution du comportement vis-à-vis de l'outil,evolution_trend,Quelles compétences l’étudiant 4409 a-t-il validées et comment a-t-il géré son temps sur Écri+ ?,"SELECT dim_competence.name, dim_time.date, dim_competence.score FROM fact_evaluation_results JOIN dim_time ON fact_evaluation_results.time_id = dim_time.id JOIN dim_competence ON fact_evaluation_results.competence_id = dim_competence.id WHERE dim_user.id = 4409 ORDER BY dim_time.date ASC;","L’étudiant a validé 4 compétences sur 9. Le score total est de 120/224. Le temps de connexion est irrégulier au début puis concentré avant les échéances, montrant un profil persévérant et engagé. Les compétences non validées indiquent des lacunes persistantes en orthographe et syntaxe."
315,group,,Évolution du comportement vis-à-vis de l'outil,evolution_trend,Comment les apprenants ayant abandonné certaines compétences ont-ils évolué sur Écri+ ?,"SELECT dim_user.id, AVG(dim_competence.score) as avg_score, COUNT(dim_competence.id) as nb_validated FROM fact_evaluation_results JOIN dim_user ON fact_evaluation_results.user_id = dim_user.id JOIN dim_competence ON fact_evaluation_results.competence_id = dim_competence.id WHERE dim_competence.status = 'abandonnée' GROUP BY dim_user.id;","Les apprenants ayant abandonné des compétences montrent un usage irrégulier, des tentatives limitées et des scores faibles (20 à 80/224). Leur engagement est intermittent, avec un effort concentré avant les échéances mais sans validation complète, indiquant un profil passif mais stratégique."
316,individual,4410,Évolution du comportement vis-à-vis de l'outil,evolution_trend,Comment l’étudiant 4410 a-t-il progressé sur 6 compétences et quelles compétences reste-t-il à améliorer ?,"SELECT dim_competence.name, dim_time.date, dim_competence.score FROM fact_evaluation_results JOIN dim_time ON fact_evaluation_results.time_id = dim_time.id JOIN dim_competence ON fact_evaluation_results.competence_id = dim_competence.id WHERE dim_user.id = 4410 ORDER BY dim_time.date ASC;","L’étudiant a validé 5 compétences sur 6, avec un score total de 140/96 (calcul sur 16 points par compétence). L’usage est régulier mais certaines compétences présentent des blocages récurrents. Le profil est persévérant avec un effort concentré avant les échéances."
317,global,,Évolution du comportement vis-à-vis de l'outil,evolution_trend,Quel est le profil global de progression des compétences sur Écri+ sur les dernières semaines ?,"SELECT dim_time.week, AVG(dim_competence.score) as avg_score, SUM(fact_evaluation_results.time_spent) as total_time, COUNT(dim_user.id) as nb_users FROM fact_evaluation_results JOIN dim_time ON fact_evaluation_results.time_id = dim_time.id JOIN dim_competence ON fact_evaluation_results.competence_id = dim_competence.id JOIN dim_user ON fact_evaluation_results.user_id = dim_user.id GROUP BY dim_time.week ORDER BY dim_time.week ASC;","Globalement, les scores moyens augmentent lentement (0 à 224), avec des pics d’activité avant échéances et stagnation pour certains profils. L’usage régulier est corrélé à une meilleure validation des compétences. Trois profils se distinguent : engagés, hésitants et en difficulté."
318,individual,4411,Évolution du comportement vis-à-vis de l'outil,evolution_trend,Quels comportements et performances l’étudiant 4411 a-t-il montrés sur 5 compétences évaluées ?,"SELECT dim_competence.name, dim_time.date, dim_competence.score FROM fact_evaluation_results JOIN dim_time ON fact_evaluation_results.time_id = dim_time.id JOIN dim_competence ON fact_evaluation_results.competence_id = dim_competence.id WHERE dim_user.id = 4411 ORDER BY dim_time.date ASC;","L’étudiant 4411 a validé 4 compétences sur 5, score total 128/80 (16 pts par compétence). Les tentatives sont concentrées avant échéances. Usage irrégulier au début. Profil persévérant mais partiellement efficace sur certaines compétences. Une compétence reste non validée, indiquant un besoin d’ajustement pédagogique."
291,individual,4501,Évolution du comportement vis-à-vis de l'outil,evolution_trend,Comment l’étudiant 4501 a-t-il progressé sur 6 compétences évaluées et quelles compétences restent en difficulté ?,"SELECT dim_competence.name, dim_time.date, dim_competence.score FROM fact_evaluation_results JOIN dim_time ON fact_evaluation_results.time_id = dim_time.id JOIN dim_competence ON fact_evaluation_results.competence_id = dim_competence.id WHERE dim_user.id = 4501 ORDER BY dim_time.date ASC;","L’étudiant a validé 5 compétences sur 6, avec un score total de 140/96. Le temps de connexion est irrégulier mais concentré avant les échéances. Les compétences non validées indiquent des lacunes persistantes en orthographe et construction de phrases. Profil persévérant et engagé."
292,individual,4502,Évolution du comportement vis-à-vis de l'outil,evolution_trend,Quels comportements et performances l’étudiant 4502 a-t-il montrés sur 4 compétences évaluées ?,"SELECT dim_competence.name, dim_time.date, dim_competence.score FROM fact_evaluation_results JOIN dim_time ON fact_evaluation_results.time_id = dim_time.id JOIN dim_competence ON fact_evaluation_results.competence_id = dim_competence.id WHERE dim_user.id = 4502 ORDER BY dim_time.date ASC;","L’étudiant 4502 a validé 3 compétences sur 4, score total 96/64. Usage irrégulier au début mais activité concentrée avant échéances. Une compétence reste non validée, reflétant des lacunes persistantes. Profil persévérant mais efficacité partielle."
293,group,,Évolution du comportement vis-à-vis de l'outil,evolution_trend,Comment les apprenants engagés ont-ils évolué sur Écri+ ?,"SELECT dim_time.week, AVG(dim_competence.score) as avg_score, SUM(fact_evaluation_results.attempts) as total_attempts FROM fact_evaluation_results JOIN dim_time ON fact_evaluation_results.time_id = dim_time.id JOIN dim_competence ON fact_evaluation_results.competence_id = dim_competence.id JOIN dim_user ON fact_evaluation_results.user_id = dim_user.id WHERE dim_user.profile = 'engagé' GROUP BY dim_time.week ORDER BY dim_time.week ASC;","Les apprenants engagés ont validé en moyenne 12 compétences sur 14, progression régulière. Tentatives concentrées avant échéances. Quelques abandons ponctuels mais majorité surperformante et très engagée."
294,individual,4503,Évolution du comportement vis-à-vis de l'outil,evolution_trend,Quelles compétences l’étudiant 4503 a-t-il validées et comment a-t-il géré son temps ?,"SELECT dim_competence.name, dim_time.date, dim_competence.score FROM fact_evaluation_results JOIN dim_time ON fact_evaluation_results.time_id = dim_time.id JOIN dim_competence ON fact_evaluation_results.competence_id = dim_competence.id WHERE dim_user.id = 4503 ORDER BY dim_time.date ASC;","L’étudiant 4503 a validé 6 compétences sur 9, score total 144/144. Usage concentré avant échéances mais irrégulier au début. Profil persévérant, actif mais efficacité variable sur certaines compétences."
295,global,,Évolution du comportement vis-à-vis de l'outil,evolution_trend,Quel est le profil global de progression des compétences sur Écri+ pour tous les apprenants ?,"SELECT dim_time.week, AVG(dim_competence.score) as avg_score, SUM(fact_evaluation_results.time_spent) as total_time, COUNT(dim_user.id) as nb_users FROM fact_evaluation_results JOIN dim_time ON fact_evaluation_results.time_id = dim_time.id JOIN dim_competence ON fact_evaluation_results.competence_id = dim_competence.id JOIN dim_user ON fact_evaluation_results.user_id = dim_user.id GROUP BY dim_time.week ORDER BY dim_time.week ASC;","Score moyen global varie de 0 à 224. Usage irrégulier avec pics avant échéances. Certains abandons et stagnations. Trois profils : engagés, hésitants et en difficulté."
296,group,,Évolution du comportement vis-à-vis de l'outil,evolution_trend,Comment les apprenants ayant abandonné certaines compétences ont-ils évolué ?,"SELECT dim_user.id, AVG(dim_competence.score) as avg_score, COUNT(dim_competence.id) as nb_validated FROM fact_evaluation_results JOIN dim_user ON fact_evaluation_results.user_id = dim_user.id JOIN dim_competence ON fact_evaluation_results.competence_id = dim_competence.id WHERE dim_competence.status = 'abandonnée' GROUP BY dim_user.id;","Apprenants ayant abandonné montrent usage irrégulier, tentatives limitées et scores faibles (20 à 80/224). Effort concentré avant échéances mais validation incomplète. Profil passif mais stratégique."
297,individual,4504,Évolution du comportement vis-à-vis de l'outil,evolution_trend,Comment l’étudiant 4504 a-t-il progressé sur 8 compétences et quelles compétences reste-t-il à améliorer ?,"SELECT dim_competence.name, dim_time.date, dim_competence.score FROM fact_evaluation_results JOIN dim_time ON fact_evaluation_results.time_id = dim_time.id JOIN dim_competence ON fact_evaluation_results.competence_id = dim_competence.id WHERE dim_user.id = 4504 ORDER BY dim_time.date ASC;","L’étudiant 4504 a validé 7 compétences sur 8, score total 112/128. Usage régulier mais blocage sur une compétence persistante. Profil persévérant et engagé, effort concentré avant échéances."
298,individual,4505,Évolution du comportement vis-à-vis de l'outil,evolution_trend,Quels comportements et performances l’étudiant 4505 a-t-il montrés sur 5 compétences évaluées ?,"SELECT dim_competence.name, dim_time.date, dim_competence.score FROM fact_evaluation_results JOIN dim_time ON fact_evaluation_results.time_id = dim_time.id JOIN dim_competence ON fact_evaluation_results.competence_id = dim_competence.id WHERE dim_user.id = 4505 ORDER BY dim_time.date ASC;","L’étudiant 4505 a validé 4 compétences sur 5, score total 128/80. Tentatives concentrées avant échéances, usage irrégulier au départ. Profil persévérant mais partiellement efficace, une compétence non validée."
299,group,,Évolution du comportement vis-à-vis de l'outil,evolution_trend,Quelle est l’évolution des compétences chez les apprenants les plus engagés ?,"SELECT dim_time.week, AVG(dim_competence.score) as avg_score, SUM(fact_evaluation_results.attempts) as total_attempts FROM fact_evaluation_results JOIN dim_time ON fact_evaluation_results.time_id = dim_time.id JOIN dim_competence ON fact_evaluation_results.competence_id = dim_competence.id JOIN dim_user ON fact_evaluation_results.user_id = dim_user.id WHERE dim_user.profile = 'engagé' GROUP BY dim_time.week ORDER BY dim_time.week ASC;","Apprenants engagés valident en moyenne 12 compétences sur 14, progression régulière. Tentatives concentrées avant échéances. Quelques abandons ponctuels, majorité surperformante et très engagée."
300,individual,4506,Évolution du comportement vis-à-vis de l'outil,evolution_trend,Comment l’étudiant 4506 a-t-il évolué sur 7 compétences et quelles compétences restent à améliorer ?,"SELECT dim_competence.name, dim_time.date, dim_competence.score FROM fact_evaluation_results JOIN dim_time ON fact_evaluation_results.time_id = dim_time.id JOIN dim_competence ON fact_evaluation_results.competence_id = dim_competence.id WHERE dim_user.id = 4506 ORDER BY dim_time.date ASC;","L’étudiant 4506 a validé 6 compétences sur 7, score total 144/112. Usage irrégulier, tentatives concentrées avant échéances. Profil persévérant et engagé, une compétence non validée indique un blocage temporaire."
301,individual,4507,Évolution du comportement vis-à-vis de l'outil,evolution_trend,Comment l’étudiant 4507 a-t-il progressé sur 4 compétences et quelles compétences restent à améliorer ?,"SELECT dim_competence.name, dim_time.date, dim_competence.score FROM fact_evaluation_results JOIN dim_time ON fact_evaluation_results.time_id = dim_time.id JOIN dim_competence ON fact_evaluation_results.competence_id = dim_competence.id WHERE dim_user.id = 4507 ORDER BY dim_time.date ASC;","L’étudiant 4507 a validé 3 compétences sur 4, score total 96/64. Usage concentré avant échéances mais irrégulier au début. Profil persévérant, actif mais efficacité partielle, une compétence non validée montre des difficultés de compréhension."
302,individual,4508,Évolution du comportement vis-à-vis de l'outil,evolution_trend,Quels comportements et performances l’étudiant 4508 a-t-il montrés sur 6 compétences évaluées ?,"SELECT dim_competence.name, dim_time.date, dim_competence.score FROM fact_evaluation_results JOIN dim_time ON fact_evaluation_results.time_id = dim_time.id JOIN dim_competence ON fact_evaluation_results.competence_id = dim_competence.id WHERE dim_user.id = 4508 ORDER BY dim_time.date ASC;","L’étudiant 4508 a validé 5 compétences sur 6, score total 160/192. Tentatives concentrées avant échéances, usage irrégulier. Profil persévérant et engagé, une compétence non validée indique un blocage temporaire."
303,group,,Évolution du comportement vis-à-vis de l'outil,evolution_trend,Comment les apprenants en difficulté ont-ils progressé sur Écri+ ?,"SELECT dim_user.id, AVG(dim_competence.score) as avg_score, COUNT(dim_competence.id) as nb_validated FROM fact_evaluation_results JOIN dim_user ON fact_evaluation_results.user_id = dim_user.id JOIN dim_competence ON fact_evaluation_results.competence_id = dim_competence.id WHERE dim_user.profile = 'en difficulté' GROUP BY dim_user.id;","Les apprenants en difficulté valident peu de compétences (score 0-80/224), usage irrégulier et tentatives limitées. Profil passif, effort concentré seulement avant échéances. Blocages fréquents et lacunes persistantes."
304,individual,4509,Évolution du comportement vis-à-vis de l'outil,evolution_trend,Quelles compétences l’étudiant 4509 a-t-il validées et comment a-t-il géré son temps sur 5 compétences évaluées ?,"SELECT dim_competence.name, dim_time.date, dim_competence.score FROM fact_evaluation_results JOIN dim_time ON fact_evaluation_results.time_id = dim_time.id JOIN dim_competence ON fact_evaluation_results.competence_id = dim_competence.id WHERE dim_user.id = 4509 ORDER BY dim_time.date ASC;","L’étudiant 4509 a validé 4 compétences sur 5, score total 128/80. Usage irrégulier au début, activité concentrée avant échéances. Profil persévérant mais partiellement efficace, une compétence non validée reflète difficultés persistantes."
305,individual,4510,Évolution du comportement vis-à-vis de l'outil,evolution_trend,Comment l’étudiant 4510 a-t-il progressé sur 7 compétences évaluées et quelles sont les compétences en difficulté ?,"SELECT dim_competence.name, dim_time.date, dim_competence.score FROM fact_evaluation_results JOIN dim_time ON fact_evaluation_results.time_id = dim_time.id JOIN dim_competence ON fact_evaluation_results.competence_id = dim_competence.id WHERE dim_user.id = 4510 ORDER BY dim_time.date ASC;","L’étudiant 4510 a validé 6 compétences sur 7, score total 192/112. Usage irrégulier, tentatives concentrées avant échéances. Profil persévérant et engagé, une compétence non validée indique blocage temporaire et lacunes persistantes."
306,group,,Évolution du comportement vis-à-vis de l'outil,evolution_trend,Quelle est l’évolution globale des compétences des apprenants hésitants ?,"SELECT dim_time.week, AVG(dim_competence.score) as avg_score, SUM(fact_evaluation_results.attempts) as total_attempts FROM fact_evaluation_results JOIN dim_time ON fact_evaluation_results.time_id = dim_time.id JOIN dim_competence ON fact_evaluation_results.competence_id = dim_competence.id JOIN dim_user ON fact_evaluation_results.user_id = dim_user.id WHERE dim_user.profile = 'hésitant' GROUP BY dim_time.week ORDER BY dim_time.week ASC;","Les apprenants hésitants valident en moyenne 8 compétences sur 14. Usage irrégulier et tentatives limitées. Profil passif mais stratégique, progression lente et blocages fréquents."
307,individual,4511,Évolution du comportement vis-à-vis de l'outil,evolution_trend,Comment l’étudiant 4511 a-t-il géré son temps et ses compétences évaluées sur 6 compétences ?,"SELECT dim_competence.name, dim_time.date, dim_competence.score FROM fact_evaluation_results JOIN dim_time ON fact_evaluation_results.time_id = dim_time.id JOIN dim_competence ON fact_evaluation_results.competence_id = dim_competence.id WHERE dim_user.id = 4511 ORDER BY dim_time.date ASC;","L’étudiant 4511 a validé 5 compétences sur 6, score total 160/96. Usage concentré avant échéances, activité irrégulière au début. Profil persévérant et actif mais efficacité partielle, une compétence non validée."
308,individual,4512,Évolution du comportement vis-à-vis de l'outil,evolution_trend,Quels comportements et performances l’étudiant 4512 a-t-il montrés sur 4 compétences évaluées ?,"SELECT dim_competence.name, dim_time.date, dim_competence.score FROM fact_evaluation_results JOIN dim_time ON fact_evaluation_results.time_id = dim_time.id JOIN dim_competence ON fact_evaluation_results.competence_id = dim_competence.id WHERE dim_user.id = 4512 ORDER BY dim_time.date ASC;","L’étudiant 4512 a validé 3 compétences sur 4, score total 96/64. Usage irrégulier, tentatives concentrées avant échéances. Profil persévérant, actif mais efficacité partielle, une compétence non validée reflète lacunes persistantes."
309,group,,Évolution du comportement vis-à-vis de l'outil,evolution_trend,Comment évoluent les apprenants certifiables sur l’outil Écri+ ?,"SELECT dim_time.week, AVG(dim_competence.score) as avg_score, SUM(fact_evaluation_results.attempts) as total_attempts FROM fact_evaluation_results JOIN dim_time ON fact_evaluation_results.time_id = dim_time.id JOIN dim_competence ON fact_evaluation_results.competence_id = dim_competence.id JOIN dim_user ON fact_evaluation_results.user_id = dim_user.id WHERE dim_user.profile = 'certifiable' GROUP BY dim_time.week ORDER BY dim_time.week ASC;","Les apprenants certifiables valident en moyenne 12 compétences sur 14, usage régulier, tentatives nombreuses et concentrées. Profil très engagé, persévérant et surperformant."
310,individual,4513,Évolution du comportement vis-à-vis de l’outil,evolution_trend,Comment l’étudiant 4513 a-t-il progressé sur 5 compétences et quelles sont les compétences en difficulté ?,"SELECT dim_competence.name, dim_time.date, dim_competence.score FROM fact_evaluation_results JOIN dim_time ON fact_evaluation_results.time_id = dim_time.id JOIN dim_competence ON fact_evaluation_results.competence_id = dim_competence.id WHERE dim_user.id = 4513 ORDER BY dim_time.date ASC;","L’étudiant 4513 a validé 4 compétences sur 5, score total 128/80 si l’on normalise sur 224 points pour les 14 compétences. Usage irrégulier, tentatives concentrées avant échéances. Profil persévérant et engagé, une compétence non validée montre un blocage temporaire et des lacunes persistantes."
311,group,,Évolution du comportement vis-à-vis de l’outil,evolution_trend,Quelle est l’évolution des compétences des apprenants hésitants et en difficulté ?,"SELECT dim_time.week, AVG(dim_competence.score) as avg_score, SUM(fact_evaluation_results.attempts) as total_attempts FROM fact_evaluation_results JOIN dim_time ON fact_evaluation_results.time_id = dim_time.id JOIN dim_competence ON fact_evaluation_results.competence_id = dim_competence.id JOIN dim_user ON fact_evaluation_results.user_id = dim_user.id WHERE dim_user.profile IN ('hésitant','en difficulté') GROUP BY dim_time.week ORDER BY dim_time.week ASC;","Les apprenants hésitants et en difficulté valident peu de compétences (score moyen 64-112/224). Usage irrégulier, tentatives limitées. Profil passif mais stratégique, progression lente, blocages fréquents et lacunes persistantes."
312,individual,4514,Évolution du comportement vis-à-vis de l’outil,evolution_trend,Quelles compétences l’étudiant 4514 a-t-il validées sur 6 compétences évaluées et quel a été son engagement ?,"SELECT dim_competence.name, dim_time.date, dim_competence.score FROM fact_evaluation_results JOIN dim_time ON fact_evaluation_results.time_id = dim_time.id JOIN dim_competence ON fact_evaluation_results.competence_id = dim_competence.id WHERE dim_user.id = 4514 ORDER BY dim_time.date ASC;","L’étudiant 4514 a validé 5 compétences sur 6, score total 160/224. Usage irrégulier, tentatives concentrées avant échéances. Profil persévérant, engagé et actif mais efficacité partielle, une compétence non validée reflète blocages temporaires."
313,individual,4515,Évolution du comportement vis-à-vis de l’outil,evolution_trend,Comment l’étudiant 4515 a-t-il progressé sur 4 compétences évaluées et quelles compétences restent à travailler ?,"SELECT dim_competence.name, dim_time.date, dim_competence.score FROM fact_evaluation_results JOIN dim_time ON fact_evaluation_results.time_id = dim_time.id JOIN dim_competence ON fact_evaluation_results.competence_id = dim_competence.id WHERE dim_user.id = 4515 ORDER BY dim_time.date ASC;","L’étudiant 4515 a validé 3 compétences sur 4, score total 96/224. Usage irrégulier, tentatives concentrées avant échéances. Profil persévérant, actif mais efficacité partielle, une compétence non validée montre des lacunes persistantes."
314,group,,Évolution du comportement vis-à-vis de l’outil,evolution_trend,Comment les apprenants certifiables ont-ils évolué au cours des 4 dernières semaines ?,"SELECT dim_time.week, AVG(dim_competence.score) as avg_score, SUM(fact_evaluation_results.attempts) as total_attempts FROM fact_evaluation_results JOIN dim_time ON fact_evaluation_results.time_id = dim_time.id JOIN dim_competence ON fact_evaluation_results.competence_id = dim_competence.id JOIN dim_user ON fact_evaluation_results.user_id = dim_user.id WHERE dim_user.profile = 'certifiable' GROUP BY dim_time.week ORDER BY dim_time.week ASC;","Les apprenants certifiables ont validé en moyenne 12 compétences sur 14, score total 192-224/224, usage régulier et tentatives nombreuses. Profil très engagé et persévérant, progression continue et performances élevées."
315,individual,4516,Évolution du comportement vis-à-vis de l’outil,evolution_trend,Quels comportements et résultats l’étudiant 4516 a-t-il montrés sur 7 compétences évaluées ?,"SELECT dim_competence.name, dim_time.date, dim_competence.score FROM fact_evaluation_results JOIN dim_time ON fact_evaluation_results.time_id = dim_time.id JOIN dim_competence ON fact_evaluation_results.competence_id = dim_competence.id WHERE dim_user.id = 4516 ORDER BY dim_time.date ASC;","L’étudiant 4516 a validé 6 compétences sur 7, score total 192/224. Usage irrégulier, tentatives concentrées avant échéances. Profil persévérant et engagé, une compétence non validée indique blocage temporaire et lacunes persistantes."
316,group,,Évolution du comportement vis-à-vis de l’outil,evolution_trend,Comment les apprenants engagés progressent-ils sur les 14 compétences évaluées ?,"SELECT dim_time.week, AVG(dim_competence.score) as avg_score, SUM(fact_evaluation_results.attempts) as total_attempts FROM fact_evaluation_results JOIN dim_time ON fact_evaluation_results.time_id = dim_time.id JOIN dim_competence ON fact_evaluation_results.competence_id = dim_competence.id JOIN dim_user ON fact_evaluation_results.user_id = dim_user.id WHERE dim_user.profile = 'engagé' GROUP BY dim_time.week ORDER BY dim_time.week ASC;","Les apprenants engagés valident en moyenne 12-14 compétences sur 14, score total 192-224/224, usage régulier et tentatives fréquentes. Profil persévérant, très engagé, progression continue et performances élevées."
317,individual,4517,Évolution du comportement vis-à-vis de l’outil,evolution_trend,Comment l’étudiant 4517 a-t-il géré son temps et ses tentatives sur 4 compétences évaluées ?,"SELECT dim_competence.name, dim_time.date, dim_competence.score FROM fact_evaluation_results JOIN dim_time ON fact_evaluation_results.time_id = dim_time.id JOIN dim_competence ON fact_evaluation_results.competence_id = dim_competence.id WHERE dim_user.id = 4517 ORDER BY dim_time.date ASC;","L’étudiant 4517 a validé 3 compétences sur 4, score total 96/224. Usage irrégulier, tentatives concentrées avant échéances. Profil persévérant, actif mais efficacité partielle, une compétence non validée indique lacunes persistantes."
318,individual,4518,Évolution du comportement vis-à-vis de l’outil,evolution_trend,Quelles compétences l’étudiant 4518 a-t-il validées sur 5 compétences et quelles compétences restent à améliorer ?,"SELECT dim_competence.name, dim_time.date, dim_competence.score FROM fact_evaluation_results JOIN dim_time ON fact_evaluation_results.time_id = dim_time.id JOIN dim_competence ON fact_evaluation_results.competence_id = dim_competence.id WHERE dim_user.id = 4518 ORDER BY dim_time.date ASC;","L’étudiant 4518 a validé 4 compétences sur 5, score total 128/224. Usage irrégulier, tentatives concentrées avant échéances. Profil persévérant, engagé et actif mais efficacité partielle."
319,group,,Évolution du comportement vis-à-vis de l’outil,evolution_trend,Comment les apprenants non certifiables ont-ils progressé sur 14 compétences ?,"SELECT dim_time.week, AVG(dim_competence.score) as avg_score, SUM(fact_evaluation_results.attempts) as total_attempts FROM fact_evaluation_results JOIN dim_time ON fact_evaluation_results.time_id = dim_time.id JOIN dim_competence ON fact_evaluation_results.competence_id = dim_competence.id JOIN dim_user ON fact_evaluation_results.user_id = dim_user.id WHERE dim_user.profile = 'non certifiable' GROUP BY dim_time.week ORDER BY dim_time.week ASC;","Les apprenants non certifiables valident peu de compétences (score total 64-112/224). Usage irrégulier, tentatives limitées, faible engagement. Profil passif mais stratégique, progression lente et blocages fréquents."
320,individual,4519,Évolution du comportement vis-à-vis de l’outil,evolution_trend,Comment l’étudiant 4519 a-t-il progressé sur 6 compétences et quelles compétences restent à travailler ?,"SELECT dim_competence.name, dim_time.date, dim_competence.score FROM fact_evaluation_results JOIN dim_time ON fact_evaluation_results.time_id = dim_time.id JOIN dim_competence ON fact_evaluation_results.competence_id = dim_competence.id WHERE dim_user.id = 4519 ORDER BY dim_time.date ASC;","L’étudiant 4519 a validé 5 compétences sur 6, score total 160/224. Usage irrégulier et tentatives concentrées avant échéances. Profil persévérant et engagé, une compétence non validée indique lacunes persistantes."
321,individual,4520,Évolution du comportement vis-à-vis de l’outil,evolution_trend,Quels comportements et compétences l’étudiant 4520 a-t-il montrés sur 5 compétences évaluées ?,"SELECT dim_competence.name, dim_time.date, dim_competence.score FROM fact_evaluation_results JOIN dim_time ON fact_evaluation_results.time_id = dim_time.id JOIN dim_competence ON fact_evaluation_results.competence_id = dim_competence.id WHERE dim_user.id = 4520 ORDER BY dim_time.date ASC;","L’étudiant 4520 a validé 4 compétences sur 5, score total 128/224. Usage irrégulier avec pics avant échéances, tentatives concentrées. Profil persévérant et engagé, une compétence non validée montre un blocage temporaire et des lacunes persistantes."
322,group,,Évolution du comportement vis-à-vis de l’outil,evolution_trend,Comment les apprenants hésitants ont-ils progressé sur 6 compétences évaluées ?,"SELECT dim_time.week, AVG(dim_competence.score) as avg_score, SUM(fact_evaluation_results.attempts) as total_attempts FROM fact_evaluation_results JOIN dim_time ON fact_evaluation_results.time_id = dim_time.id JOIN dim_competence ON fact_evaluation_results.competence_id = dim_competence.id JOIN dim_user ON fact_evaluation_results.user_id = dim_user.id WHERE dim_user.profile = 'hésitant' GROUP BY dim_time.week ORDER BY dim_time.week ASC;","Les apprenants hésitants ont validé en moyenne 3-4 compétences sur 6, score total 96-128/224. Usage irrégulier, tentatives limitées, progression lente. Profil passif mais stratégique, lacunes persistantes et blocages fréquents."
323,individual,4521,Évolution du comportement vis-à-vis de l’outil,evolution_trend,Quelles compétences l’étudiant 4521 a-t-il validées sur 7 compétences évaluées et quel a été son engagement ?,"SELECT dim_competence.name, dim_time.date, dim_competence.score FROM fact_evaluation_results JOIN dim_time ON fact_evaluation_results.time_id = dim_time.id JOIN dim_competence ON fact_evaluation_results.competence_id = dim_competence.id WHERE dim_user.id = 4521 ORDER BY dim_time.date ASC;","L’étudiant 4521 a validé 6 compétences sur 7, score total 192/224. Usage irrégulier, tentatives concentrées avant échéances. Profil persévérant et engagé, une compétence non validée reflète blocage temporaire."
324,individual,4522,Évolution du comportement vis-à-vis de l’outil,evolution_trend,Comment l’étudiant 4522 a-t-il progressé sur 4 compétences et quelles compétences restent à travailler ?,"SELECT dim_competence.name, dim_time.date, dim_competence.score FROM fact_evaluation_results JOIN dim_time ON fact_evaluation_results.time_id = dim_time.id JOIN dim_competence ON fact_evaluation_results.competence_id = dim_competence.id WHERE dim_user.id = 4522 ORDER BY dim_time.date ASC;","L’étudiant 4522 a validé 3 compétences sur 4, score total 96/224. Usage irrégulier, tentatives concentrées avant échéances. Profil persévérant, actif mais efficacité partielle, une compétence non validée montre lacunes persistantes."
325,group,,Évolution du comportement vis-à-vis de l’outil,evolution_trend,Comment les apprenants certifiables ont-ils évolué sur 14 compétences ?,"SELECT dim_time.week, AVG(dim_competence.score) as avg_score, SUM(fact_evaluation_results.attempts) as total_attempts FROM fact_evaluation_results JOIN dim_time ON fact_evaluation_results.time_id = dim_time.id JOIN dim_competence ON fact_evaluation_results.competence_id = dim_competence.id JOIN dim_user ON fact_evaluation_results.user_id = dim_user.id WHERE dim_user.profile = 'certifiable' GROUP BY dim_time.week ORDER BY dim_time.week ASC;","Les apprenants certifiables ont validé en moyenne 12-14 compétences sur 14, score total 192-224/224, usage régulier et tentatives nombreuses. Profil très engagé et persévérant, progression continue et performances élevées."
326,individual,4523,Évolution du comportement vis-à-vis de l’outil,evolution_trend,Comment l’étudiant 4523 a-t-il géré son temps et ses tentatives sur 6 compétences évaluées ?,"SELECT dim_competence.name, dim_time.date, dim_competence.score FROM fact_evaluation_results JOIN dim_time ON fact_evaluation_results.time_id = dim_time.id JOIN dim_competence ON fact_evaluation_results.competence_id = dim_competence.id WHERE dim_user.id = 4523 ORDER BY dim_time.date ASC;","L’étudiant 4523 a validé 5 compétences sur 6, score total 160/224. Usage irrégulier, tentatives concentrées avant échéances. Profil persévérant et engagé, une compétence non validée reflète un blocage temporaire."
327,individual,4524,Évolution du comportement vis-à-vis de l’outil,evolution_trend,Quelles compétences l’étudiant 4524 a-t-il validées sur 5 compétences évaluées et quel a été son engagement ?,"SELECT dim_competence.name, dim_time.date, dim_competence.score FROM fact_evaluation_results JOIN dim_time ON fact_evaluation_results.time_id = dim_time.id JOIN dim_competence ON fact_evaluation_results.competence_id = dim_competence.id WHERE dim_user.id = 4524 ORDER BY dim_time.date ASC;","L’étudiant 4524 a validé 4 compétences sur 5, score total 128/224. Usage irrégulier, tentatives concentrées avant échéances. Profil persévérant et engagé, une compétence non validée indique blocage temporaire."
328,group,,Évolution du comportement vis-à-vis de l’outil,evolution_trend,Comment les apprenants en difficulté progressent-ils sur 14 compétences évaluées ?,"SELECT dim_time.week, AVG(dim_competence.score) as avg_score, SUM(fact_evaluation_results.attempts) as total_attempts FROM fact_evaluation_results JOIN dim_time ON fact_evaluation_results.time_id = dim_time.id JOIN dim_competence ON fact_evaluation_results.competence_id = dim_competence.id JOIN dim_user ON fact_evaluation_results.user_id = dim_user.id WHERE dim_user.profile = 'en difficulté' GROUP BY dim_time.week ORDER BY dim_time.week ASC;","Les apprenants en difficulté valident peu de compétences (score total 64-112/224). Usage irrégulier et tentatives limitées. Profil passif mais stratégique, progression lente, blocages fréquents et lacunes persistantes."
329,individual,4525,Évolution du comportement vis-à-vis de l’outil,evolution_trend,Quels comportements et résultats l’étudiant 4525 a-t-il montrés sur 4 compétences évaluées ?,"SELECT dim_competence.name, dim_time.date, dim_competence.score FROM fact_evaluation_results JOIN dim_time ON fact_evaluation_results.time_id = dim_time.id JOIN dim_competence ON fact_evaluation_results.competence_id = dim_competence.id WHERE dim_user.id = 4525 ORDER BY dim_time.date ASC;","L’étudiant 4525 a validé 3 compétences sur 4, score total 96/224. Usage irrégulier, tentatives concentrées avant échéances. Profil persévérant et engagé, une compétence non validée montre des lacunes persistantes."
330,individual,4526,Évolution du comportement vis-à-vis de l’outil,evolution_trend,Comment l’étudiant 4526 a-t-il progressé sur 6 compétences et quelles compétences restent à travailler ?,"SELECT dim_competence.name, dim_time.date, dim_competence.score FROM fact_evaluation_results JOIN dim_time ON fact_evaluation_results.time_id = dim_time.id JOIN dim_competence ON fact_evaluation_results.competence_id = dim_competence.id WHERE dim_user.id = 4526 ORDER BY dim_time.date ASC;","L’étudiant 4526 a validé 5 compétences sur 6, score total 160/224. Usage irrégulier, tentatives concentrées avant échéances. Profil persévérant et engagé, une compétence non validée indique blocage temporaire."
331,individual,4527,Évolution du comportement vis-à-vis de l’outil,evolution_trend,Quels défis l’étudiant 4527 a-t-il rencontrés sur les niveaux 7 et 8 des compétences évaluées ?,"SELECT dim_competence.name, dim_competence.level, dim_time.date, dim_competence.score FROM fact_evaluation_results JOIN dim_time ON fact_evaluation_results.time_id = dim_time.id JOIN dim_competence ON fact_evaluation_results.competence_id = dim_competence.id WHERE dim_user.id = 4527 AND dim_competence.level IN (7,8) ORDER BY dim_time.date ASC;","L’étudiant 4527 a eu des difficultés sur les niveaux 7 et 8, score partiel 24/32 pour ces niveaux. Usage irrégulier et tentatives concentrées avant échéances. Profil persévérant, actif mais inefficace sur les compétences les plus avancées, quelques abandons et blocages observés."
332,individual,4528,Évolution du comportement vis-à-vis de l’outil,evolution_trend,Comment l’étudiant 4528 a-t-il géré les niveaux avancés (7 et 8) et quels sont les obstacles rencontrés ?,"SELECT dim_competence.name, dim_competence.level, dim_time.date, dim_competence.score FROM fact_evaluation_results JOIN dim_time ON fact_evaluation_results.time_id = dim_time.id JOIN dim_competence ON fact_evaluation_results.competence_id = dim_competence.id WHERE dim_user.id = 4528 AND dim_competence.level IN (7,8) ORDER BY dim_time.date ASC;","L’étudiant 4528 a validé seulement 1 compétence sur 2 aux niveaux 7 et 8, score total 16/32. Usage irrégulier, tentatives limitées, profil actif mais inefficace sur compétences avancées, montre lacunes persistantes et blocages ponctuels."
333,group,,Évolution du comportement vis-à-vis de l’outil,evolution_trend,Comment les apprenants certifiables se comportent-ils sur les niveaux 7 et 8 des compétences ?,"SELECT dim_time.week, AVG(dim_competence.score) as avg_score, SUM(fact_evaluation_results.attempts) as total_attempts FROM fact_evaluation_results JOIN dim_time ON fact_evaluation_results.time_id = dim_time.id JOIN dim_competence ON fact_evaluation_results.competence_id = dim_competence.id JOIN dim_user ON fact_evaluation_results.user_id = dim_user.id WHERE dim_user.profile = 'certifiable' AND dim_competence.level IN (7,8) GROUP BY dim_time.week ORDER BY dim_time.week ASC;","Les apprenants certifiables montrent des scores moyens élevés sur niveaux 7 et 8 (28-32/32), usage régulier, tentatives nombreuses et engagement soutenu. Quelques blocages isolés, mais persévérance forte, progression continue."
334,individual,4529,Évolution du comportement vis-à-vis de l’outil,evolution_trend,Quels obstacles l’étudiant 4529 a-t-il rencontrés sur les niveaux 7 et 8 des compétences évaluées et comment a-t-il géré ses tentatives ?,"SELECT dim_competence.name, dim_competence.level, dim_time.date, dim_competence.score FROM fact_evaluation_results JOIN dim_time ON fact_evaluation_results.time_id = dim_time.id JOIN dim_competence ON fact_evaluation_results.competence_id = dim_competence.id WHERE dim_user.id = 4529 AND dim_competence.level IN (7,8) ORDER BY dim_time.date ASC;","L’étudiant 4529 a validé 0 compétence sur 2 aux niveaux 7 et 8, score 0/32. Usage irrégulier, abandon ponctuel sur le niveau 8. Profil passif mais stratégique, difficultés de compréhension et lacunes persistantes sur compétences avancées."
335,group,,Évolution du comportement vis-à-vis de l’outil,evolution_trend,Comment les apprenants hésitants progressent-ils sur les niveaux 7 et 8 des compétences ?,"SELECT dim_time.week, AVG(dim_competence.score) as avg_score, SUM(fact_evaluation_results.attempts) as total_attempts FROM fact_evaluation_results JOIN dim_time ON fact_evaluation_results.time_id = dim_time.id JOIN dim_competence ON fact_evaluation_results.competence_id = dim_competence.id JOIN dim_user ON fact_evaluation_results.user_id = dim_user.id WHERE dim_user.profile = 'hésitant' AND dim_competence.level IN (7,8) GROUP BY dim_time.week ORDER BY dim_time.week ASC;","Les apprenants hésitants montrent une faible progression sur niveaux 7 et 8, score moyen 8-16/32. Usage irrégulier, tentatives limitées, blocages fréquents, profil passif mais stratégique, lacunes persistantes."
336,individual,4530,Évolution du comportement vis-à-vis de l’outil,evolution_trend,Quels comportements l’étudiant 4530 a-t-il sur les niveaux 7 et 8 et quelles compétences restent à travailler ?,"SELECT dim_competence.name, dim_competence.level, dim_time.date, dim_competence.score FROM fact_evaluation_results JOIN dim_time ON fact_evaluation_results.time_id = dim_time.id JOIN dim_competence ON fact_evaluation_results.competence_id = dim_competence.id WHERE dim_user.id = 4530 AND dim_competence.level IN (7,8) ORDER BY dim_time.date ASC;","L’étudiant 4530 a validé 1 compétence sur 2 aux niveaux 7 et 8, score 16/32. Usage irrégulier et tentatives concentrées avant échéances. Profil persévérant et engagé, mais difficultés sur compétences avancées, lacunes persistantes."
337,individual,4531,Évolution du comportement vis-à-vis de l’outil,evolution_trend,Comment l’étudiant 4531 gère-t-il ses tentatives et son engagement sur niveaux 7 et 8 des compétences évaluées ?,"SELECT dim_competence.name, dim_competence.level, dim_time.date, dim_competence.score FROM fact_evaluation_results JOIN dim_time ON fact_evaluation_results.time_id = dim_time.id JOIN dim_competence ON fact_evaluation_results.competence_id = dim_competence.id WHERE dim_user.id = 4531 AND dim_competence.level IN (7,8) ORDER BY dim_time.date ASC;","L’étudiant 4531 a validé 2 compétences sur 2 aux niveaux 7 et 8, score 32/32. Usage régulier, tentatives fréquentes, profil persévérant et très engagé, progression continue et réussite sur compétences avancées."
338,group,,Évolution du comportement vis-à-vis de l’outil,evolution_trend,Comment les apprenants en difficulté progressent-ils sur les niveaux 7 et 8 des compétences ?,"SELECT dim_time.week, AVG(dim_competence.score) as avg_score, SUM(fact_evaluation_results.attempts) as total_attempts FROM fact_evaluation_results JOIN dim_time ON fact_evaluation_results.time_id = dim_time.id JOIN dim_competence ON fact_evaluation_results.competence_id = dim_competence.id JOIN dim_user ON fact_evaluation_results.user_id = dim_user.id WHERE dim_user.profile = 'en difficulté' AND dim_competence.level IN (7,8) GROUP BY dim_time.week ORDER BY dim_time.week ASC;","Les apprenants en difficulté montrent peu de progression sur niveaux 7 et 8, score total 0-16/32. Usage limité, blocages fréquents, tentatives sporadiques. Profil passif mais stratégique, difficultés de compréhension et lacunes persistantes."
339,individual,4532,Évolution du comportement vis-à-vis de l’outil,evolution_trend,Quels résultats et comportements l’étudiant 4532 a-t-il sur niveaux 7 et 8 ?,"SELECT dim_competence.name, dim_competence.level, dim_time.date, dim_competence.score FROM fact_evaluation_results JOIN dim_time ON fact_evaluation_results.time_id = dim_time.id JOIN dim_competence ON fact_evaluation_results.competence_id = dim_competence.id WHERE dim_user.id = 4532 AND dim_competence.level IN (7,8) ORDER BY dim_time.date ASC;","L’étudiant 4532 a validé 1 compétence sur 2 aux niveaux 7 et 8, score 16/32. Usage irrégulier, tentatives concentrées avant échéances. Profil actif mais inefficace, lacunes persistantes et blocage sur compétences avancées."
340,individual,4533,Évolution du comportement vis-à-vis de l’outil,evolution_trend,Comment l’étudiant 4533 progresse-t-il sur niveaux 7 et 8 et quelles sont les compétences restantes à travailler ?,"SELECT dim_competence.name, dim_competence.level, dim_time.date, dim_competence.score FROM fact_evaluation_results JOIN dim_time ON fact_evaluation_results.time_id = dim_time.id JOIN dim_competence ON fact_evaluation_results.competence_id = dim_competence.id WHERE dim_user.id = 4533 AND dim_competence.level IN (7,8) ORDER BY dim_time.date ASC;","L’étudiant 4533 a validé 2 compétences sur 2 aux niveaux 7 et 8, score 32/32. Usage régulier, tentatives fréquentes, profil persévérant et engagé, progression continue et réussite sur compétences avancées."
341,individual,4601,Évolution du comportement vis-à-vis de l’outil,evolution_trend,"Comment l’étudiant 4601, francophone et titulaire du Bac, a-t-il progressé sur les niveaux 7 et 8 des compétences ?","SELECT dim_competence.name, dim_competence.level, dim_time.date, dim_competence.score FROM fact_evaluation_results JOIN dim_time ON fact_evaluation_results.time_id = dim_time.id JOIN dim_competence ON fact_evaluation_results.competence_id = dim_competence.id JOIN dim_user ON fact_evaluation_results.user_id = dim_user.id WHERE dim_user.id = 4601 AND dim_competence.level IN (7,8) ORDER BY dim_time.date ASC;","L’étudiant 4601 a validé 1 compétence sur 2 aux niveaux 7 et 8, score total 16/32. Usage irrégulier, tentatives concentrées avant échéances, profil persévérant mais actif inefficace sur compétences avancées. Temps passé limité et quelques abandons ponctuels. Langue maternelle et profil Bac montrent un impact sur certaines compétences complexes."
342,individual,4602,Évolution du comportement vis-à-vis de l’outil,evolution_trend,"Quels obstacles l’étudiant 4602, non francophone, rencontre-t-il sur les niveaux 7 et 8 des compétences et comment gère-t-il ses tentatives ?","SELECT dim_competence.name, dim_competence.level, dim_time.date, dim_competence.score FROM fact_evaluation_results JOIN dim_time ON fact_evaluation_results.time_id = dim_time.id JOIN dim_competence ON fact_evaluation_results.competence_id = dim_competence.id JOIN dim_user ON fact_evaluation_results.user_id = dim_user.id WHERE dim_user.id = 4602 AND dim_competence.level IN (7,8) ORDER BY dim_time.date ASC;","L’étudiant 4602 a validé 0 compétence sur 2 aux niveaux 7 et 8, score 0/32. Usage irrégulier, abandon ponctuel, blocage sur compétences avancées. Profil passif mais stratégique, lacunes persistantes. Sa langue maternelle non francophone influence sa progression, nécessitant un accompagnement ciblé."
343,group,,Évolution du comportement vis-à-vis de l’outil,evolution_trend,Comment les apprenants diplômés du Bac progressent-ils sur les niveaux 7 et 8 des compétences par rapport aux certifiables ?,"SELECT dim_time.week, AVG(dim_competence.score) as avg_score, SUM(fact_evaluation_results.attempts) as total_attempts FROM fact_evaluation_results JOIN dim_time ON fact_evaluation_results.time_id = dim_time.id JOIN dim_competence ON fact_evaluation_results.competence_id = dim_competence.id JOIN dim_user ON fact_evaluation_results.user_id = dim_user.id WHERE dim_user.education_level = 'Bac' AND dim_competence.level IN (7,8) GROUP BY dim_time.week ORDER BY dim_time.week ASC;","Les Bac montrent des scores moyens 16-24/32 sur niveaux 7-8. Usage irrégulier mais tentatives concentrées avant échéances. Corrélation modérée entre engagement et certification, quelques abandons, progression partielle, blocages fréquents sur compétences avancées."
344,individual,4603,Évolution du comportement vis-à-vis de l’outil,evolution_trend,"Comment l’étudiant 4603, langue maternelle étrangère et niveau Bac, gère-t-il ses activités sur niveaux 7 et 8 ?","SELECT dim_competence.name, dim_competence.level, dim_time.date, dim_competence.score FROM fact_evaluation_results JOIN dim_time ON fact_evaluation_results.time_id = dim_time.id JOIN dim_competence ON fact_evaluation_results.competence_id = dim_competence.id JOIN dim_user ON fact_evaluation_results.user_id = dim_user.id WHERE dim_user.id = 4603 AND dim_competence.level IN (7,8) ORDER BY dim_time.date ASC;","L’étudiant 4603 a validé 1 compétence sur 2, score 16/32. Usage irrégulier, quelques abandons, tentatives concentrées avant échéances. Profil persévérant mais actif inefficace. Langue maternelle étrangère impacte sa maîtrise de compétences complexes."
345,individual,4604,Évolution du comportement vis-à-vis de l’outil,evolution_trend,"Quels comportements l’étudiant 4604 montre-t-il sur niveaux 7 et 8, et quel est son score global sur compétences avancées ?","SELECT dim_competence.name, dim_competence.level, dim_time.date, dim_competence.score FROM fact_evaluation_results JOIN dim_time ON fact_evaluation_results.time_id = dim_time.id JOIN dim_competence ON fact_evaluation_results.competence_id = dim_competence.id JOIN dim_user ON fact_evaluation_results.user_id = dim_user.id WHERE dim_user.id = 4604 AND dim_competence.level IN (7,8) ORDER BY dim_time.date ASC;","L’étudiant 4604 a validé 2 compétences sur 2, score 32/32. Usage régulier et tentatives nombreuses. Profil très engagé et persévérant, progression continue. Langue maternelle francophone, Bac, montre un impact positif sur l’acquisition des compétences avancées."
346,group,,Évolution du comportement vis-à-vis de l’outil,evolution_trend,Comment les apprenants non francophones progressent-ils sur niveaux 7 et 8 des compétences ?,"SELECT dim_time.week, AVG(dim_competence.score) as avg_score, SUM(fact_evaluation_results.attempts) as total_attempts FROM fact_evaluation_results JOIN dim_time ON fact_evaluation_results.time_id = dim_time.id JOIN dim_competence ON fact_evaluation_results.competence_id = dim_competence.id JOIN dim_user ON fact_evaluation_results.user_id = dim_user.id WHERE dim_user.language <> 'fr' AND dim_competence.level IN (7,8) GROUP BY dim_time.week ORDER BY dim_time.week ASC;","Les non francophones montrent des scores moyens 8-16/32, usage irrégulier, tentatives limitées, blocages fréquents. Profil actif mais inefficace, lacunes persistantes et abandons sur certaines compétences avancées."
347,individual,4605,Évolution du comportement vis-à-vis de l’outil,evolution_trend,"Quels résultats l’étudiant 4605, niveau Bac, langue maternelle francophone, obtient-il sur les compétences 7 et 8 et comment se comporte-t-il ?","SELECT dim_competence.name, dim_competence.level, dim_time.date, dim_competence.score FROM fact_evaluation_results JOIN dim_time ON fact_evaluation_results.time_id = dim_time.id JOIN dim_competence ON fact_evaluation_results.competence_id = dim_competence.id JOIN dim_user ON fact_evaluation_results.user_id = dim_user.id WHERE dim_user.id = 4605 AND dim_competence.level IN (7,8) ORDER BY dim_time.date ASC;","L’étudiant 4605 a validé 1 compétence sur 2, score 16/32. Usage irrégulier, quelques abandons, tentatives concentrées avant échéances. Profil persévérant mais actif inefficace sur compétences avancées."
348,individual,4606,Évolution du comportement vis-à-vis de l’outil,evolution_trend,"Comment l’étudiant 4606, langue maternelle étrangère, gère-t-il les niveaux 7 et 8 des compétences et quelles compétences restent à travailler ?","SELECT dim_competence.name, dim_competence.level, dim_time.date, dim_competence.score FROM fact_evaluation_results JOIN dim_time ON fact_evaluation_results.time_id = dim_time.id JOIN dim_competence ON fact_evaluation_results.competence_id = dim_competence.id JOIN dim_user ON fact_evaluation_results.user_id = dim_user.id WHERE dim_user.id = 4606 AND dim_competence.level IN (7,8) ORDER BY dim_time.date ASC;","L’étudiant 4606 a validé 0 compétence sur 2, score 0/32. Usage irrégulier, abandon ponctuel, blocages sur compétences avancées. Profil passif mais stratégique, lacunes persistantes, langue maternelle étrangère limite la progression sur compétences complexes."
349,group,,Évolution du comportement vis-à-vis de l’outil,evolution_trend,Comment les apprenants Bac francophones et non francophones diffèrent-ils sur niveaux 7 et 8 des compétences en termes d’engagement et réussite ?,"SELECT dim_user.language, AVG(dim_competence.score) as avg_score, SUM(fact_evaluation_results.attempts) as total_attempts FROM fact_evaluation_results JOIN dim_competence ON fact_evaluation_results.competence_id = dim_competence.id JOIN dim_user ON fact_evaluation_results.user_id = dim_user.id WHERE dim_user.education_level='Bac' AND dim_competence.level IN (7,8) GROUP BY dim_user.language;","Les francophones Bac montrent un score moyen 24/32 et usage régulier, tentatives fréquentes, engagement élevé. Les non francophones Bac ont score moyen 12-16/32, usage irrégulier, tentatives limitées, blocages et abandon plus fréquents. La langue maternelle influence le succès sur compétences avancées."
350,individual,4607,Évolution du comportement vis-à-vis de l’outil,evolution_trend,"Quels comportements et performances l’étudiant 4607, langue maternelle francophone, niveau Bac, affiche-t-il sur compétences avancées ?","SELECT dim_competence.name, dim_competence.level, dim_time.date, dim_competence.score FROM fact_evaluation_results JOIN dim_time ON fact_evaluation_results.time_id = dim_time.id JOIN dim_competence ON fact_evaluation_results.competence_id = dim_competence.id JOIN dim_user ON fact_evaluation_results.user_id = dim_user.id WHERE dim_user.id = 4607 AND dim_competence.level IN (7,8) ORDER BY dim_time.date ASC;","L’étudiant 4607 a validé 2 compétences sur 2 aux niveaux 7 et 8, score 32/32. Usage régulier, tentatives fréquentes, profil très engagé et persévérant. Sa langue maternelle francophone et niveau Bac favorisent la réussite sur compétences avancées."
351,individual,4701,Évolution du comportement vis-à-vis de l’outil,evolution_trend,"Comment l’étudiant 4701, francophone et Bac, a-t-il progressé sur les niveaux 7 et 8 des compétences ?","SELECT dim_competence.name, dim_competence.level, dim_competence.score, dim_time.date FROM fact_evaluation_results JOIN dim_competence ON fact_evaluation_results.competence_id = dim_competence.id JOIN dim_time ON fact_evaluation_results.time_id = dim_time.id JOIN dim_user ON fact_evaluation_results.user_id = dim_user.id WHERE dim_user.id = 4701 AND dim_competence.level IN (7,8) ORDER BY dim_time.date ASC;","L’étudiant 4701 a validé 1 compétence sur 2 aux niveaux 7 et 8, score total 16/32. Usage irrégulier, tentatives concentrées avant échéances, quelques abandons. Profil persévérant mais actif inefficace, impact positif du Bac et langue maternelle francophone sur l’acquisition des compétences avancées."
352,individual,4702,Comparaison ciblée entre évaluation et certification,temporal_comparison,"Comment l’étudiant 4702, non francophone, compare-t-il ses résultats d’évaluation avec la certification sur compétences avancées ?","SELECT dim_competence.name, dim_competence.level, dim_competence.score, dim_certification_candidate.certified FROM fact_evaluation_results JOIN dim_competence ON fact_evaluation_results.competence_id = dim_competence.id JOIN dim_certification_candidate ON fact_evaluation_results.user_id = dim_certification_candidate.user_id WHERE dim_user.id = 4702 AND dim_competence.level IN (7,8);","L’étudiant 4702 a validé 0 compétence sur 2, score 0/32. Usage irrégulier, abandons, blocages sur compétences avancées. Corrélation faible entre score d’évaluation et certification. Profil passif mais stratégique, langue maternelle non francophone impacte la réussite."
353,group,,Évolution du comportement vis-à-vis de l’outil,evolution_trend,Comment les apprenants Bac francophones progressent-ils sur niveaux 7 et 8 des compétences par rapport aux non francophones ?,"SELECT dim_user.language, AVG(dim_competence.score) as avg_score, SUM(fact_evaluation_results.attempts) as total_attempts FROM fact_evaluation_results JOIN dim_competence ON fact_evaluation_results.competence_id = dim_competence.id JOIN dim_user ON fact_evaluation_results.user_id = dim_user.id WHERE dim_competence.level IN (7,8) AND dim_user.education_level='Bac' GROUP BY dim_user.language;","Les francophones Bac ont un score moyen 24/32, usage régulier, tentatives fréquentes. Les non francophones Bac ont score moyen 12-16/32, usage irrégulier, blocages fréquents et abandons. Corrélation nette entre engagement et réussite sur compétences avancées."
354,individual,4703,Capacité d’adaptation du dispositif aux profils identifiés,user_profile_analysis,"Comment l’étudiant 4703, langue maternelle étrangère, s’adapte-t-il à l’outil et aux parcours personnalisés ?","SELECT dim_competence.name, dim_competence.level, dim_competence.score, dim_time.date FROM fact_evaluation_results JOIN dim_competence ON fact_evaluation_results.competence_id = dim_competence.id JOIN dim_time ON fact_evaluation_results.time_id = dim_time.id JOIN dim_user ON fact_evaluation_results.user_id = dim_user.id WHERE dim_user.id = 4703 ORDER BY dim_time.date ASC;","L’étudiant 4703 a validé 2 compétences sur 4, score 32/64. Usage irrégulier, tentatives concentrées avant échéances. Profil passif mais stratégique. Les parcours personnalisés ont amélioré la progression sur certaines compétences mais certaines restent bloquées, nécessitant un suivi ciblé."
355,individual,4704,Évolution du comportement vis-à-vis de l’outil,evolution_trend,"Comment l’étudiant 4704, Bac francophone, gère-t-il les niveaux 7 et 8 et quelles compétences sont encore à travailler ?","SELECT dim_competence.name, dim_competence.level, dim_competence.score, dim_time.date FROM fact_evaluation_results JOIN dim_competence ON fact_evaluation_results.competence_id = dim_competence.id JOIN dim_time ON fact_evaluation_results.time_id = dim_time.id JOIN dim_user ON fact_evaluation_results.user_id = dim_user.id WHERE dim_user.id = 4704 AND dim_competence.level IN (7,8) ORDER BY dim_time.date ASC;","L’étudiant 4704 a validé 1 compétence sur 2, score 16/32. Usage régulier, tentatives fréquentes, engagement modéré, persévérance. Profil persévérant mais actif inefficace. Blocages sur compétences avancées, nécessitant accompagnement ciblé."
356,group,,Comparaison ciblée entre évaluation et certification,temporal_comparison,Comment le score moyen sur compétences 7 et 8 des certifiables se compare-t-il aux non-certifiables dans le groupe ?,"SELECT AVG(dim_competence.score) as avg_score, SUM(fact_evaluation_results.attempts) as total_attempts, dim_certification_candidate.certified FROM fact_evaluation_results JOIN dim_competence ON fact_evaluation_results.competence_id = dim_competence.id JOIN dim_user ON fact_evaluation_results.user_id = dim_user.id JOIN dim_certification_candidate ON dim_user.id = dim_certification_candidate.user_id WHERE dim_competence.level IN (7,8) GROUP BY dim_certification_candidate.certified;","Les certifiables ont un score moyen 24-32/32, usage régulier, tentatives nombreuses et engagement élevé. Les non-certifiables ont score 8-16/32, usage irrégulier, abandon ponctuel, blocages fréquents. La certification reflète bien la maîtrise des compétences avancées."
357,individual,4705,Évolution du comportement vis-à-vis de l’outil,evolution_trend,"Quels comportements l’étudiant 4705, langue maternelle étrangère, montre-t-il sur les niveaux 7 et 8 ?","SELECT dim_competence.name, dim_competence.level, dim_time.date, dim_competence.score FROM fact_evaluation_results JOIN dim_competence ON fact_evaluation_results.competence_id = dim_competence.id JOIN dim_time ON fact_evaluation_results.time_id = dim_time.id JOIN dim_user ON fact_evaluation_results.user_id = dim_user.id WHERE dim_user.id = 4705 AND dim_competence.level IN (7,8) ORDER BY dim_time.date ASC;","L’étudiant 4705 a validé 0 compétence sur 2, score 0/32. Usage irrégulier, abandon, blocages sur compétences avancées. Profil passif mais stratégique, lacunes persistantes, impact langue maternelle étrangère."
358,individual,4706,Capacité d’adaptation du dispositif aux profils identifiés,user_profile_analysis,"Comment l’étudiant 4706, Bac, francophone, utilise-t-il les parcours personnalisés pour niveaux 7 et 8 ?","SELECT dim_competence.name, dim_competence.level, dim_competence.score, dim_time.date FROM fact_evaluation_results JOIN dim_competence ON fact_evaluation_results.competence_id = dim_competence.id JOIN dim_time ON fact_evaluation_results.time_id = dim_time.id JOIN dim_user ON fact_evaluation_results.user_id = dim_user.id WHERE dim_user.id = 4706 AND dim_competence.level IN (7,8) ORDER BY dim_time.date ASC;","L’étudiant 4706 a validé 2 compétences sur 2, score 32/32. Usage régulier, tentatives concentrées, engagement élevé et persévérance. Parcours personnalisés efficaces, progression complète sur compétences avancées."
359,group,,Évolution du comportement vis-à-vis de l’outil,evolution_trend,Comment les apprenants Bac francophones et non francophones se différencient-ils sur scores et engagement sur compétences 7 et 8 ?,"SELECT dim_user.language, AVG(dim_competence.score) as avg_score, SUM(fact_evaluation_results.attempts) as total_attempts FROM fact_evaluation_results JOIN dim_competence ON fact_evaluation_results.competence_id = dim_competence.id JOIN dim_user ON fact_evaluation_results.user_id = dim_user.id WHERE dim_competence.level IN (7,8) AND dim_user.education_level='Bac' GROUP BY dim_user.language;","Francophones Bac : score moyen 24/32, usage régulier, tentatives fréquentes. Non francophones Bac : score 12-16/32, usage irrégulier, abandons fréquents. La langue maternelle et engagement impactent les performances sur compétences avancées."
360,individual,4707,Comparaison ciblée entre évaluation et certification,temporal_comparison,"Comment l’étudiant 4707, Bac, francophone, compare-t-il son score sur compétences 7 et 8 avec la certification ?","SELECT dim_competence.name, dim_competence.level, dim_competence.score, dim_certification_candidate.certified FROM fact_evaluation_results JOIN dim_competence ON fact_evaluation_results.competence_id = dim_competence.id JOIN dim_certification_candidate ON fact_evaluation_results.user_id = dim_certification_candidate.user_id WHERE dim_user.id = 4707 AND dim_competence.level IN (7,8);","L’étudiant 4707 a validé 2 compétences sur 2, score 32/32. Corrélation forte entre évaluation et certification. Usage régulier, tentatives concentrées, engagement très élevé et persévérance. Profil francophone Bac favorise réussite complète."
361,individual,3021,Moyenne des scores,aggregate_scores,Quel est le score moyen de l'étudiant 3021 sur les compétences évaluées ?,SELECT SUM(score)/COUNT(competence_id) as avg_score FROM fact_evaluation_results WHERE user_id = 3021,"L'étudiant est engagé mais a validé seulement 4 compétences sur 14, avec des scores allant de 4 à 14 points par compétence. Son temps de connexion régulier et ses tentatives fréquentes montrent un effort concentré avant les échéances."
362,individual,3025,Taux d’erreurs,error_rate_analysis,Quel est le taux d'erreurs de l'étudiant 3025 sur l'ensemble des compétences évaluées ?,SELECT SUM(errors)/SUM(total_questions)*100 as error_rate FROM fact_evaluation_results WHERE user_id = 3025,"L'étudiant présente des lacunes persistantes sur les compétences 7 et 8, avec des erreurs fréquentes malgré un engagement élevé et des tentatives répétées, indiquant un travail irrégulier."
363,group,,Répartition des scores,distribution_analysis,Comment se répartissent les scores dans le groupe de 15 étudiants en termes de compétences validées ?,"SELECT competence_id, COUNT(*) as nb_students, AVG(score) as avg_score FROM fact_evaluation_results WHERE user_id IN (SELECT user_id FROM dim_user WHERE group_id = 'G15') GROUP BY competence_id","Le groupe montre une progression irrégulière, certains étudiants surperformant sur les compétences 1 à 6, tandis que d'autres sont passifs mais stratégiques, avec abandon partiel de certaines compétences."
364,global,,Niveau global de performance,performance_evaluation,Quel est le niveau global de performance de l'ensemble des apprenants sur les 14 compétences ?,SELECT SUM(score)/COUNT(user_id) as global_avg_score FROM fact_evaluation_results,"Le score total moyen des apprenants est de 134/224. Certains ont validé l'intégralité des compétences, tandis que d'autres n'ont été évalués que sur 4 ou 7 compétences. Le temps moyen passé et la régularité des connexions corrèlent avec de meilleurs résultats."
365,individual,3032,Identification des difficultés,difficulty_identification,Quelles sont les compétences problématiques pour l'étudiant 3032 ?,"SELECT competence_id, score FROM fact_evaluation_results WHERE user_id = 3032 AND score < 8",L'étudiant a des difficultés de compréhension sur les compétences 7 et 8. Son usage irrégulier de la plateforme et les tentatives limitées indiquent un engagement passif mais stratégique.
366,group,,Mesure engagement,engagement_measure,Quel est le niveau d'engagement du groupe G22 en termes de tentatives et de temps passé ?,"SELECT user_id, SUM(attempts) as total_attempts, SUM(time_spent) as total_time FROM fact_evaluation_results WHERE user_id IN (SELECT user_id FROM dim_user WHERE group_id = 'G22') GROUP BY user_id","Le groupe montre des profils variés : des engagés progressent régulièrement avec validation continue, d'autres hésitent et certains abandonnent rapidement. Le nombre de connexions hebdomadaires est un indicateur clé de réussite."
367,individual,3041,Évolution dans le temps,evolution_trend,Comment l'évolution des scores de l'étudiant 3041 se comporte-t-elle sur le parcours ?,"SELECT time_id, score FROM fact_evaluation_results WHERE user_id = 3041 ORDER BY time_id","L'étudiant a montré une progression régulière sur les compétences 1 à 6, mais une stagnation sur les compétences 7 et 8. L'engagement s'accroît avant les échéances mais chute après."
368,global,,Résumé statistique,statistical_summary,Fournir un résumé statistique des scores de tous les apprenants.,"SELECT MIN(score) as min_score, MAX(score) as max_score, AVG(score) as avg_score, STDDEV(score) as std_dev FROM fact_evaluation_results","Les scores globaux varient de 12 à 224. La majorité des apprenants ont validé entre 7 et 14 compétences, avec des écarts importants sur les compétences difficiles 7 et 8. L'engagement régulier améliore le score moyen."
369,individual,3050,Compétences faibles,challenge_difficulty,Quelles compétences sont faibles pour l'étudiant 3050 et nécessitent un suivi ?,SELECT competence_id FROM fact_evaluation_results WHERE user_id = 3050 AND score < 8,L'étudiant est passif mais stratégique : il a validé les compétences de base mais échoue régulièrement sur les compétences avancées 7 et 8. Les tentatives irrégulières et la durée courte des activités expliquent ce comportement.
370,group,,Comparaison compétences,compare_scores,Comment se comparent les scores des compétences 3 et 7 entre les étudiants du groupe G30 ?,"SELECT user_id, competence_id, score FROM fact_evaluation_results WHERE user_id IN (SELECT user_id FROM dim_user WHERE group_id = 'G30') AND competence_id IN (3,7)","Les scores sur la compétence 7 sont significativement plus bas, montrant un blocage collectif. L'engagement en tentatives multiples et le temps passé sont corrélés à la compétence 3, mais la compétence 7 reste problématique."
371,individual,3055,Temps passé,time_spent_analysis,Combien de temps l'étudiant 3055 a-t-il passé sur la plateforme ?,SELECT SUM(time_spent) FROM fact_evaluation_results WHERE user_id = 3055,"L'étudiant est persévérant et engagé, avec un temps total de connexion élevé. Cependant, des lacunes sur les compétences 7 et 8 indiquent que l'engagement seul n'assure pas une performance maximale."
372,individual,3060,Parcours d’apprentissage,learning_path,Quel est le parcours d’apprentissage suivi par l’étudiant 3060 ?,"SELECT competence_id, score, time_id FROM fact_evaluation_results WHERE user_id = 3060 ORDER BY time_id",L’étudiant a commencé avec les compétences faciles puis a progressé vers les compétences intermédiaires. Le parcours montre des transitions lentes mais régulières. L’usage irrégulier de l’outil explique certaines compétences non validées.
373,group,,Facteurs d’échec / réussite,motivation_analysis,Quels facteurs ont influencé la réussite ou l’échec des étudiants du groupe G12 ?,"SELECT user_id, SUM(score) as total_score, SUM(attempts) as total_attempts, SUM(time_spent) as total_time FROM fact_evaluation_results WHERE user_id IN (SELECT user_id FROM dim_user WHERE group_id = 'G12') GROUP BY user_id","Les étudiants les plus engagés, avec un nombre élevé de tentatives et un temps de connexion régulier, obtiennent des scores élevés. Les étudiants ayant des blocages sur les compétences avancées montrent un abandon partiel et des efforts concentrés irréguliers."
374,global,,Impact pédagogique,impact_assessment,Quel est l’impact pédagogique global du dispositif sur tous les apprenants ?,"SELECT AVG(score) as avg_score, SUM(attempts) as total_attempts, SUM(time_spent) as total_time FROM fact_evaluation_results","Le dispositif montre un impact positif : les apprenants avec usage régulier et validation progressive des compétences obtiennent de meilleurs résultats. Les compétences difficiles 7 et 8 restent un challenge, nécessitant un suivi individualisé."
375,individual,3070,Niveau global de performance,performance_evaluation,Quel est le niveau global de performance de l'étudiant 3070 sur toutes les compétences évaluées ?,SELECT SUM(score) as total_score FROM fact_evaluation_results WHERE user_id = 3070,"L'étudiant a été évalué sur 7 compétences seulement. Son score total est de 112/224. Il est engagé avec un travail régulier, mais les compétences 7 et 8 restent problématiques. L'usage irrégulier de l'outil a limité la progression."
376,group,,Taux d’erreurs,error_rate_analysis,Quel est le taux d'erreurs moyen pour le groupe G18 ?,SELECT AVG(errors)/AVG(total_questions)*100 as avg_error_rate FROM fact_evaluation_results WHERE user_id IN (SELECT user_id FROM dim_user WHERE group_id='G18'),"Le taux d'erreurs moyen est élevé pour les compétences avancées 7 et 8. Les étudiants engagés avec des tentatives répétées montrent une amélioration, tandis que les non-engagés ont des blocages précoces."
377,individual,3075,Compétences faibles,challenge_difficulty,Quelles compétences l'étudiant 3075 maîtrise-t-il le moins ?,SELECT competence_id FROM fact_evaluation_results WHERE user_id = 3075 AND score < 8,"L'étudiant a validé toutes les compétences de base, mais montre des lacunes persistantes sur les compétences 7 et 8. Il est actif mais inefficace sur certaines tâches, avec des tentatives irrégulières et un temps de connexion limité."
378,global,,Répartition des scores,distribution_analysis,Comment se répartissent les scores de tous les apprenants selon le nombre de compétences validées ?,"SELECT COUNT(user_id) as nb_students, SUM(score) as total_score FROM fact_evaluation_results GROUP BY competence_count","La majorité des apprenants ont validé entre 4 et 10 compétences. Les scores les plus élevés sont corrélés à un engagement régulier, des tentatives fréquentes et une progression continue sur les compétences intermédiaires."
379,individual,3080,Évolution dans le temps,evolution_trend,Comment l'évolution des compétences de l'étudiant 3080 se comporte-t-elle dans le temps ?,"SELECT time_id, score FROM fact_evaluation_results WHERE user_id = 3080 ORDER BY time_id","L'étudiant a commencé lentement mais a intensifié son usage avant les échéances, validant progressivement les compétences 1 à 6. La compétence 8 reste un point de blocage malgré un engagement élevé."
380,group,,Comparaison compétences,compare_scores,Comparer les scores sur les compétences 3 et 8 pour le groupe G25.,"SELECT user_id, competence_id, score FROM fact_evaluation_results WHERE user_id IN (SELECT user_id FROM dim_user WHERE group_id='G25') AND competence_id IN (3,8)","Les compétences avancées 8 sont faibles pour la majorité du groupe, indiquant des blocages fréquents. Les compétences 3 sont mieux maîtrisées par tous, montrant que l'engagement et le temps passé sont des facteurs de réussite."
381,individual,3085,Mesure engagement,engagement_measure,Quel est le niveau d'engagement de l'étudiant 3085 sur la plateforme ?,"SELECT SUM(attempts) as total_attempts, SUM(time_spent) as total_time FROM fact_evaluation_results WHERE user_id = 3085","L'étudiant est persévérant, avec des tentatives répétées et un temps de connexion élevé. Cependant, certaines compétences avancées sont partiellement validées, montrant un engagement concentré sur des compétences spécifiques."
382,individual,3090,Facteurs d’échec / réussite,motivation_analysis,Quels facteurs ont influencé la réussite de l'étudiant 3090 ?,"SELECT competence_id, score, attempts, time_spent FROM fact_evaluation_results WHERE user_id = 3090",L'étudiant surperforme sur les compétences de base et intermédiaires grâce à un engagement élevé. Les compétences 7 et 8 montrent un blocage : faible nombre de tentatives et usage irrégulier de la plateforme.
383,group,,Parcours d’apprentissage,learning_path,Quels parcours d’apprentissage suivent les étudiants certifiables du groupe G5 ?,"SELECT user_id, competence_id, score FROM fact_evaluation_results WHERE user_id IN (SELECT user_id FROM dim_user WHERE group_id='G5') ORDER BY user_id, competence_id","Les étudiants certifiables montrent une progression régulière, validation continue des compétences, et un passage d'un usage ponctuel à un usage régulier. Les non certifiables abandonnent certaines compétences ou progressent irrégulièrement."
384,global,,Résumé statistique,statistical_summary,Donner un résumé statistique des scores et du nombre de compétences validées pour tous les apprenants.,"SELECT AVG(score) as avg_score, MIN(score) as min_score, MAX(score) as max_score, AVG(competence_count) as avg_competences FROM fact_evaluation_results","Les scores totaux varient de 12 à 224. Les apprenants ayant validé un plus grand nombre de compétences (10-14) présentent un engagement régulier et des tentatives multiples, tandis que ceux évalués sur moins de 7 compétences sont souvent passifs ou abandonnent."
385,individual,3095,Parcours d’apprentissage,learning_path,Comment l'étudiant 3095 a-t-il progressé dans ses compétences ?,"SELECT competence_id, score, time_id FROM fact_evaluation_results WHERE user_id = 3095 ORDER BY time_id","L'étudiant a validé toutes les compétences de base et intermédiaires, mais les compétences 7 et 8 restent un défi. Son parcours montre une montée en compétence progressive, avec des pics d'activité avant les échéances."
386,individual,3100,Évolution dans le temps,evolution_trend,Quelle est l'évolution de l'engagement de l'étudiant 3100 ?,"SELECT time_id, SUM(attempts) as attempts, SUM(time_spent) as total_time FROM fact_evaluation_results WHERE user_id = 3100 GROUP BY time_id ORDER BY time_id","L'étudiant a commencé passif, puis a augmenté ses tentatives et son temps de connexion avant les échéances. Les compétences avancées restent partiellement validées, montrant un effort concentré mais limité."
387,group,,Niveau global de performance,performance_evaluation,Quel est le niveau global de performance du groupe G10 ?,SELECT SUM(score)/COUNT(user_id) as avg_score FROM fact_evaluation_results WHERE user_id IN (SELECT user_id FROM dim_user WHERE group_id='G10'),Le score moyen du groupe est de 145/224. Les étudiants engagés montrent un parcours régulier avec validation progressive des compétences. Les compétences 7 et 8 restent les plus faibles et nécessitent un suivi ciblé.
388,individual,3105,Mesure engagement,engagement_measure,Quel est le niveau d'engagement de l'étudiant 3105 ?,"SELECT SUM(attempts) as total_attempts, SUM(time_spent) as total_time FROM fact_evaluation_results WHERE user_id = 3105","L'étudiant est très engagé, avec des tentatives fréquentes et un temps de connexion élevé. Malgré cela, les compétences avancées 7 et 8 montrent des blocages, indiquant un besoin d'accompagnement individualisé."
389,global,,Taux d’erreurs,error_rate_analysis,Quel est le taux d'erreurs global sur toutes les compétences et tous les apprenants ?,SELECT SUM(errors)/SUM(total_questions)*100 as global_error_rate FROM fact_evaluation_results,Le taux d'erreurs est plus élevé sur les compétences avancées (7 et 8). Les apprenants ayant un usage régulier et des tentatives fréquentes présentent un taux d'erreurs plus faible et un meilleur score total.
390,individual,3110,Compétences faibles,challenge_difficulty,Quelles compétences l'étudiant 3110 maîtrise-t-il le moins ?,SELECT competence_id FROM fact_evaluation_results WHERE user_id = 3110 AND score < 8,"L'étudiant a validé les compétences de base mais échoue sur les compétences avancées 7 et 8. Il est passif mais stratégique, avec des tentatives limitées et un usage irrégulier de la plateforme."
391,group,,Comparaison compétences,compare_scores,Comparer les scores des compétences 7 et 8 pour le groupe G12.,"SELECT user_id, competence_id, score FROM fact_evaluation_results WHERE user_id IN (SELECT user_id FROM dim_user WHERE group_id='G12') AND competence_id IN (7,8)",Les compétences avancées 7 et 8 restent faibles pour la majorité du groupe. Les apprenants engagés sur la plateforme présentent un score plus élevé et des tentatives répétées. Les profils moins actifs stagnent et abandonnent certaines compétences.
392,individual,3115,Évolution dans le temps,evolution_trend,Comment a évolué l'engagement et la performance de l'étudiant 3115 ?,"SELECT time_id, SUM(score) as total_score, SUM(time_spent) as total_time FROM fact_evaluation_results WHERE user_id=3115 GROUP BY time_id ORDER BY time_id","L'étudiant a commencé avec un engagement irrégulier et des tentatives limitées. Avant les échéances, l'engagement a augmenté, mais la compétence 8 reste un point de blocage, indiquant un effort concentré mais partiel."
393,individual,3120,Facteurs d’échec / réussite,motivation_analysis,Quels facteurs ont influencé la réussite de l'étudiant 3120 ?,"SELECT competence_id, score, attempts, time_spent FROM fact_evaluation_results WHERE user_id=3120","L'étudiant est engagé avec un temps de connexion régulier et un nombre suffisant de tentatives. Les compétences avancées montrent des difficultés, mais les compétences de base et intermédiaires sont bien maîtrisées, contribuant à un score total correct."
394,global,,Niveau global de performance,performance_evaluation,Quel est le niveau global de performance de l'ensemble des apprenants ?,SELECT SUM(score)/COUNT(user_id) as avg_score FROM fact_evaluation_results,"Le score moyen global est de 145/224. Les apprenants certifiables présentent un engagement régulier et une validation progressive des compétences. Les compétences 7 et 8 restent difficiles pour la majorité, avec des pics d'activité avant échéances et une utilisation irrégulière pour certains."
395,group,,Mesure engagement,engagement_measure,Quel est le niveau moyen d'engagement pour le groupe G18 ?,"SELECT AVG(attempts) as avg_attempts, AVG(time_spent) as avg_time FROM fact_evaluation_results WHERE user_id IN (SELECT user_id FROM dim_user WHERE group_id='G18')","Le groupe montre des comportements variés : certains très engagés avec validation continue des compétences, d'autres passifs avec abandon sur compétences avancées. Les pics d'activité précèdent les échéances."
396,individual,3125,Compétences faibles,challenge_difficulty,Quelles compétences l'étudiant 3125 maîtrise-t-il le moins ?,SELECT competence_id FROM fact_evaluation_results WHERE user_id = 3125 AND score < 8,"L'étudiant a validé 10 compétences sur 14 mais reste bloqué sur les compétences 7 et 8. Il est actif mais inefficace sur certaines tâches, avec un usage irrégulier et des tentatives limitées."
397,individual,3130,Parcours d’apprentissage,learning_path,Comment l'étudiant 3130 a-t-il progressé dans ses compétences ?,"SELECT competence_id, score, time_id FROM fact_evaluation_results WHERE user_id=3130 ORDER BY time_id","L'étudiant a validé toutes les compétences de base et intermédiaires. Les compétences 7 et 8 sont partiellement validées. La progression est régulière, avec des tentatives accrues avant échéances et une décroissance après."
398,group,,Comparaison compétences,compare_scores,"Comparer les scores sur compétences 1, 4 et 8 pour le groupe G20.","SELECT user_id, competence_id, score FROM fact_evaluation_results WHERE user_id IN (SELECT user_id FROM dim_user WHERE group_id='G20') AND competence_id IN (1,4,8)","Les compétences 1 et 4 sont bien maîtrisées par la majorité, alors que compétence 8 reste faible. Les profils engagés valident plus de compétences, avec un usage régulier et plusieurs tentatives, tandis que les profils passifs stagnent."
399,individual,3135,Évolution dans le temps,evolution_trend,Comment l'évolution de l'étudiant 3135 se déroule-t-elle sur la plateforme ?,"SELECT time_id, SUM(score) as total_score, SUM(time_spent) as total_time FROM fact_evaluation_results WHERE user_id=3135 GROUP BY time_id ORDER BY time_id","L'étudiant a commencé passif mais a intensifié ses tentatives avant les échéances. Certaines compétences avancées restent peu validées, reflétant un engagement ciblé sur les compétences les plus accessibles."
400,global,,Répartition des scores,distribution_analysis,Comment se répartissent les scores totaux et le nombre de compétences validées pour tous les apprenants ?,"SELECT COUNT(user_id) as nb_students, SUM(score) as total_score, AVG(competence_count) as avg_competences FROM fact_evaluation_results GROUP BY competence_count","Les scores totaux varient entre 24 et 224. Les apprenants avec validation de 10 à 14 compétences ont un engagement régulier, alors que ceux avec moins de 7 compétences validées sont passifs ou abandonnent. La progression sur compétences 7 et 8 reste faible pour beaucoup."
401,individual,3140,Facteurs d’échec / réussite,motivation_analysis,Quels facteurs influencent la réussite de l'étudiant 3140 ?,"SELECT competence_id, score, attempts, time_spent FROM fact_evaluation_results WHERE user_id=3140","L'étudiant surperforme sur compétences de base et intermédiaires grâce à un engagement élevé et régulier. Les compétences 7 et 8 sont faibles, nécessitant un accompagnement ciblé et un suivi des tentatives et temps de connexion."
402,group,,Parcours d’apprentissage,learning_path,Quels parcours suivent les étudiants certifiables du groupe G8 ?,"SELECT user_id, competence_id, score FROM fact_evaluation_results WHERE user_id IN (SELECT user_id FROM dim_user WHERE group_id='G8') ORDER BY user_id, competence_id","Les certifiables présentent une progression régulière et validation continue des compétences. Les non certifiables stagnent, abandonnent certaines compétences ou montrent un usage irrégulier."
403,individual,3145,Mesure engagement,engagement_measure,Quel est le niveau d'engagement de l'étudiant 3145 ?,"SELECT SUM(attempts) as total_attempts, SUM(time_spent) as total_time FROM fact_evaluation_results WHERE user_id=3145",L'étudiant est persévérant avec tentatives fréquentes et temps de connexion élevé. Les compétences 7 et 8 sont partiellement validées. L'engagement régulier est corrélé à une meilleure performance globale.
404,global,,Taux d’erreurs,error_rate_analysis,Quel est le taux d'erreurs global sur toutes les compétences et tous les apprenants ?,SELECT SUM(errors)/SUM(total_questions)*100 as global_error_rate FROM fact_evaluation_results,"Les compétences avancées (7 et 8) ont un taux d'erreurs plus élevé. Les apprenants engagés sur la plateforme ont un taux d'erreurs plus faible, validant plus de compétences et obtenant un score total plus élevé."
405,individual,3150,Compétences faibles,challenge_difficulty,Quelles compétences l'étudiant 3150 maîtrise-t-il le moins ?,SELECT competence_id FROM fact_evaluation_results WHERE user_id = 3150 AND score < 8,"L'étudiant a validé 9 compétences sur 14 mais reste bloqué sur les compétences 7 et 8. Il est actif mais inefficace sur certaines compétences avancées, avec des tentatives limitées et usage irrégulier."
406,group,,Comparaison compétences,compare_scores,"Comparer les scores sur compétences 2, 5 et 8 pour le groupe G15.","SELECT user_id, competence_id, score FROM fact_evaluation_results WHERE user_id IN (SELECT user_id FROM dim_user WHERE group_id='G15') AND competence_id IN (2,5,8)","Compétences 2 et 5 sont bien maîtrisées par la majorité. Compétence 8 reste faible, avec un engagement irrégulier et moins de tentatives. Les étudiants engagés présentent une progression régulière."
407,individual,3155,Évolution dans le temps,evolution_trend,Comment a évolué l'étudiant 3155 sur la plateforme ?,"SELECT time_id, SUM(score) as total_score, SUM(time_spent) as total_time FROM fact_evaluation_results WHERE user_id=3155 GROUP BY time_id ORDER BY time_id","L'étudiant a commencé passif et a augmenté progressivement ses tentatives avant échéances. Certaines compétences avancées restent peu validées, montrant un effort ciblé mais partiel."
408,global,,Résumé statistique,statistical_summary,Donner un résumé statistique des scores et compétences validées pour tous les apprenants.,"SELECT AVG(score) as avg_score, MIN(score) as min_score, MAX(score) as max_score, AVG(competence_count) as avg_competences FROM fact_evaluation_results","Les scores totaux varient de 12 à 224. Les apprenants validant plus de 10 compétences présentent un engagement régulier, des tentatives fréquentes et une progression continue, tandis que ceux évalués sur moins de 7 compétences stagnent ou abandonnent."
409,individual,3160,Facteurs d’échec / réussite,motivation_analysis,Quels facteurs influencent la réussite de l'étudiant 3160 ?,"SELECT competence_id, score, attempts, time_spent FROM fact_evaluation_results WHERE user_id=3160","L'étudiant est engagé avec un temps de connexion régulier et tentatives fréquentes. Les compétences avancées 7 et 8 restent difficiles, nécessitant un accompagnement ciblé et suivi de l’usage."
410,group,,Parcours d’apprentissage,learning_path,Quels parcours suivent les étudiants certifiables du groupe G9 ?,"SELECT user_id, competence_id, score FROM fact_evaluation_results WHERE user_id IN (SELECT user_id FROM dim_user WHERE group_id='G9') ORDER BY user_id, competence_id","Les certifiables montrent une progression régulière et validation continue des compétences. Les non certifiables stagnent, abandonnent certaines compétences ou montrent un usage irrégulier."
411,individual,3201,Comparaison ciblée évaluation/certification,evaluation_certification_comparison,"Comparer les résultats de l'étudiant 3201 entre l'évaluation et la certification. Indiquer le profil socio-démographique (bac : français, langue maternelle : arabe).","SELECT competence_id, score_eval, score_cert FROM fact_evaluation_results WHERE user_id=3201","L'étudiant présente une forte corrélation (r=0.92) entre l'évaluation et la certification. Il est engagé avec un usage régulier et tente les compétences 7 et 8 malgré des difficultés. Bac français, langue maternelle arabe. Validation partielle de 12 compétences sur 14, score total 198/224."
412,group,,Évolution du comportement écri+,behavior_evolution,"Tracer l'évolution du comportement vis-à-vis de l'outil écri+ pour le groupe G12. Profil : majorité bac francophone, langue maternelle française.","SELECT user_id, time_id, SUM(score) as total_score, SUM(time_spent) as total_time FROM fact_evaluation_results WHERE user_id IN (SELECT user_id FROM dim_user WHERE group_id='G12') GROUP BY user_id, time_id",Le groupe montre une progression régulière. Les certifiables augmentent leur usage et tentatives sur compétences 7 et 8. Les non-certifiables stagnent et abandonnent certains exercices. Temps moyen passé : 45 min/session. Engagement corrélé à meilleure validation des compétences.
413,individual,3205,Capacité d'adaptation dispositif,adaptability_analysis,"Évaluer comment le dispositif s’adapte au profil de l'étudiant 3205 (bac : étranger, langue maternelle : anglais).","SELECT competence_id, score, attempts, time_spent FROM fact_evaluation_results WHERE user_id=3205",L'étudiant est très engagé et persévérant. Le dispositif adapte le parcours selon les tentatives et le temps passé. Compétences 7 et 8 partiellement validées. Score total : 176/224. Usage régulier et ciblé selon ses besoins.
414,group,,Comparaison ciblée évaluation/certification,evaluation_certification_comparison,"Comparer les résultats de l'évaluation et de la certification pour le groupe G15. Profil majoritaire : bac algérien, langue maternelle arabe.","SELECT user_id, competence_id, score_eval, score_cert FROM fact_evaluation_results WHERE user_id IN (SELECT user_id FROM dim_user WHERE group_id='G15')",Les certifiables montrent une forte corrélation (r=0.91) entre évaluation et certification. Engagement élevé avec tentatives multiples. Compétences avancées 7 et 8 validées partiellement. Temps passé moyen : 50 min/session. Validation moyenne : 10/14 compétences.
415,individual,3210,Évolution du comportement écri+,behavior_evolution,"Évaluer l’évolution du comportement de l'étudiant 3210 (bac : français, langue maternelle : français).","SELECT time_id, SUM(score) as total_score, SUM(time_spent) as total_time FROM fact_evaluation_results WHERE user_id=3210 GROUP BY time_id ORDER BY time_id","L’étudiant a débuté passif et a progressivement intensifié ses tentatives avant échéances. Compétences 7 et 8 difficiles mais engagement élevé. Score total : 188/224. Usage régulier, avec quelques abandons sur exercices avancés."
416,group,,Capacité d'adaptation dispositif,adaptability_analysis,"Évaluer l'adaptabilité du dispositif pour le groupe G18 selon profils : bac français et étranger, langues maternelles diverses.","SELECT user_id, competence_id, score, attempts, time_spent FROM fact_evaluation_results WHERE user_id IN (SELECT user_id FROM dim_user WHERE group_id='G18')",Le dispositif s’adapte aux profils : ajustement en temps réel des parcours. Les apprenants engagés valident régulièrement les compétences 7 et 8. Les profils moins actifs montrent stagnation ou abandon. Score total moyen : 172/224. Usage variable selon le profil.
417,individual,3215,Comparaison ciblée évaluation/certification,evaluation_certification_comparison,"Comparer le résultat de l'évaluation et de la certification pour l'étudiant 3215 (bac : français, langue maternelle : arabe).","SELECT competence_id, score_eval, score_cert FROM fact_evaluation_results WHERE user_id=3215",Corrélation forte r=0.94 entre évaluation et certification. Engagement très élevé avec tentatives fréquentes. Compétences avancées validées partiellement. Score total : 202/224.
418,group,,Évolution du comportement écri+,behavior_evolution,"Tracer l'évolution du comportement sur écri+ pour le groupe G21. Profils : bac français et étranger, langues maternelles variées.","SELECT user_id, time_id, SUM(score) as total_score, SUM(time_spent) as total_time FROM fact_evaluation_results WHERE user_id IN (SELECT user_id FROM dim_user WHERE group_id='G21') GROUP BY user_id, time_id",Les certifiables augmentent usage et tentatives sur compétences 7 et 8. Non-certifiables stagnent ou abandonnent. Usage régulier corrélé à meilleures performances. Score total moyen : 180/224.
419,individual,3220,Capacité d'adaptation dispositif,adaptability_analysis,"Évaluer comment le dispositif s’adapte à l'étudiant 3220 (bac étranger, langue maternelle : anglais).","SELECT competence_id, score, attempts, time_spent FROM fact_evaluation_results WHERE user_id=3220","Étudiant très engagé, persévérant, avec usage régulier et tentatives multiples. Compétences 7 et 8 partiellement validées. Score total : 196/224. Le dispositif ajuste parcours selon engagement et performance."
420,group,,Comparaison ciblée évaluation/certification,evaluation_certification_comparison,"Comparer les résultats évaluation/certification pour le groupe G25. Profils : bac français et algérien, langues maternelles diverses.","SELECT user_id, competence_id, score_eval, score_cert FROM fact_evaluation_results WHERE user_id IN (SELECT user_id FROM dim_user WHERE group_id='G25')",Les certifiables présentent forte corrélation (r=0.93). Engagement régulier et tentatives multiples. Compétences 7 et 8 partiellement validées. Score total moyen : 182/224. Les non certifiables stagnent ou abandonnent.
421,individual,3225,Évolution du comportement écri+,behavior_evolution,"Analyser l’évolution du comportement de l'étudiant 3225 (bac : français, langue maternelle : arabe).","SELECT time_id, SUM(score) as total_score, SUM(time_spent) as total_time FROM fact_evaluation_results WHERE user_id=3225 GROUP BY time_id","L’étudiant a commencé lentement, intensification avant échéances, puis légère décroissance après. Compétences 7 et 8 partiellement validées. Score total : 190/224. Usage régulier et engagement élevé, quelques abandons sur exercices avancés."
422,group,,Capacité d'adaptation dispositif,adaptability_analysis,"Évaluer l'adaptabilité du dispositif pour le groupe G28 selon profils : bac algérien et étranger, langues maternelles diverses.","SELECT user_id, competence_id, score, attempts, time_spent FROM fact_evaluation_results WHERE user_id IN (SELECT user_id FROM dim_user WHERE group_id='G28')","Les apprenants engagés progressent régulièrement, compétences 7 et 8 validées partiellement. Les profils moins actifs stagnent ou abandonnent. Score total moyen : 178/224. Le dispositif ajuste parcours selon profil et engagement."
423,individual,3230,Comparaison ciblée évaluation/certification,evaluation_certification_comparison,"Comparer les résultats évaluation/certification pour l'étudiant 3230 (bac : français, langue maternelle : français).","SELECT competence_id, score_eval, score_cert FROM fact_evaluation_results WHERE user_id=3230","Corrélation forte r=0.95. Engagement très élevé, usage régulier, tentatives fréquentes. Compétences 7 et 8 partiellement validées. Score total : 204/224. Persévérance facteur clé."
424,group,,Évolution du comportement écri+,behavior_evolution,"Tracer l'évolution du comportement sur écri+ pour le groupe G31. Profils : bac français et étranger, langues maternelles variées.","SELECT user_id, time_id, SUM(score) as total_score, SUM(time_spent) as total_time FROM fact_evaluation_results WHERE user_id IN (SELECT user_id FROM dim_user WHERE group_id='G31') GROUP BY user_id, time_id",Les certifiables augmentent usage et tentatives sur compétences 7 et 8. Non-certifiables stagnent ou abandonnent. Usage régulier corrélé à meilleure validation des compétences. Score total moyen : 184/224.
425,individual,3235,Capacité d'adaptation dispositif,adaptability_analysis,"Évaluer comment le dispositif s’adapte à l'étudiant 3235 (bac : étranger, langue maternelle : anglais).","SELECT competence_id, score, attempts, time_spent FROM fact_evaluation_results WHERE user_id=3235","Étudiant engagé et persévérant, usage régulier et tentatives multiples. Compétences 7 et 8 partiellement validées. Score total : 192/224. Le dispositif ajuste parcours selon engagement et performance."
426,group,,Comparaison ciblée évaluation/certification,evaluation_certification_comparison,"Comparer résultats évaluation/certification pour le groupe G35. Profils : bac français et algérien, langues maternelles diverses.","SELECT user_id, competence_id, score_eval, score_cert FROM fact_evaluation_results WHERE user_id IN (SELECT user_id FROM dim_user WHERE group_id='G35')","Les certifiables présentent forte corrélation (r=0.94). Engagement régulier, tentatives multiples. Compétences 7 et 8 partiellement validées. Score total moyen : 186/224. Les non certifiables stagnent ou abandonnent."
427,individual,3240,Évolution du comportement écri+,behavior_evolution,"Analyser l’évolution du comportement de l'étudiant 3240 (bac : français, langue maternelle : arabe).","SELECT time_id, SUM(score) as total_score, SUM(time_spent) as total_time FROM fact_evaluation_results WHERE user_id=3240 GROUP BY time_id","Début passif, intensification avant échéances, légère décroissance après. Compétences 7 et 8 partiellement validées. Score total : 188/224. Usage régulier, quelques abandons sur exercices avancés."
428,group,,Capacité d'adaptation dispositif,adaptability_analysis,"Évaluer l'adaptabilité du dispositif pour le groupe G38 selon profils : bac algérien et étranger, langues maternelles diverses.","SELECT user_id, competence_id, score, attempts, time_spent FROM fact_evaluation_results WHERE user_id IN (SELECT user_id FROM dim_user WHERE group_id='G38')","Les apprenants engagés progressent régulièrement, compétences 7 et 8 validées partiellement. Les profils moins actifs stagnent ou abandonnent. Score total moyen : 180/224. Le dispositif ajuste parcours selon profil et engagement."
429,individual,3245,Comparaison ciblée évaluation/certification,evaluation_certification_comparison,"Comparer les résultats évaluation/certification pour l'étudiant 3245 (bac : français, langue maternelle : français).","SELECT competence_id, score_eval, score_cert FROM fact_evaluation_results WHERE user_id=3245","Corrélation forte r=0.93. Engagement très élevé, usage régulier, tentatives fréquentes. Compétences 7 et 8 partiellement validées. Score total : 198/224. Persévérance facteur clé."
430,group,,Évolution du comportement écri+,behavior_evolution,"Tracer l'évolution du comportement sur écri+ pour le groupe G41. Profils : bac français et étranger, langues maternelles variées.","SELECT user_id, time_id, SUM(score) as total_score, SUM(time_spent) as total_time FROM fact_evaluation_results WHERE user_id IN (SELECT user_id FROM dim_user WHERE group_id='G41') GROUP BY user_id, time_id",Les certifiables augmentent usage et tentatives sur compétences 7 et 8. Non-certifiables stagnent ou abandonnent. Usage régulier corrélé à meilleure validation des compétences. Score total moyen : 182/224.
431,individual,3250,Évolution du comportement écri+,behavior_evolution,"Analyser l’évolution du comportement de l'étudiant 3250 (bac : français, langue maternelle : arabe).","SELECT time_id, SUM(score) as total_score, SUM(time_spent) as total_time FROM fact_evaluation_results WHERE user_id=3250 GROUP BY time_id","Début passif, usage irrégulier, intensification avant échéances. Compétences 7 et 8 partiellement validées. Score total : 182/224. Tentatives fréquentes mais abandon sur exercices complexes."
432,group,,Capacité d'adaptation dispositif,adaptability_analysis,"Évaluer l'adaptabilité du dispositif pour le groupe G44 selon profils : bac algérien et étranger, langues maternelles diverses.","SELECT user_id, competence_id, score, attempts, time_spent FROM fact_evaluation_results WHERE user_id IN (SELECT user_id FROM dim_user WHERE group_id='G44')","Les apprenants engagés progressent régulièrement, compétences 7 et 8 validées partiellement. Les moins actifs stagnent ou abandonnent. Score total moyen : 180/224. Le dispositif ajuste les parcours selon l'engagement et le profil."
433,individual,3255,Comparaison ciblée évaluation/certification,evaluation_certification_comparison,"Comparer les résultats évaluation/certification pour l'étudiant 3255 (bac : français, langue maternelle : français).","SELECT competence_id, score_eval, score_cert FROM fact_evaluation_results WHERE user_id=3255","Corrélation forte r=0.92. Engagement très élevé, usage régulier, tentatives fréquentes. Compétences 7 et 8 partiellement validées. Score total : 196/224. Persévérance et gestion du temps déterminantes."
434,group,,Évolution du comportement écri+,behavior_evolution,"Tracer l'évolution du comportement sur écri+ pour le groupe G47. Profils : bac français et étranger, langues maternelles variées.","SELECT user_id, time_id, SUM(score) as total_score, SUM(time_spent) as total_time FROM fact_evaluation_results WHERE user_id IN (SELECT user_id FROM dim_user WHERE group_id='G47') GROUP BY user_id, time_id",Les certifiables augmentent usage et tentatives sur compétences 7 et 8. Non-certifiables stagnent ou abandonnent. Usage régulier corrélé à meilleure validation des compétences. Score total moyen : 184/224.
435,individual,3260,Capacité d'adaptation dispositif,adaptability_analysis,"Évaluer comment le dispositif s’adapte à l'étudiant 3260 (bac : étranger, langue maternelle : anglais).","SELECT competence_id, score, attempts, time_spent FROM fact_evaluation_results WHERE user_id=3260","Étudiant engagé et persévérant, usage régulier et tentatives multiples. Compétences 7 et 8 partiellement validées. Score total : 192/224. Le dispositif ajuste le parcours selon l'engagement et la performance."
436,group,,Comparaison ciblée évaluation/certification,evaluation_certification_comparison,"Comparer résultats évaluation/certification pour le groupe G50. Profils : bac français et algérien, langues maternelles diverses.","SELECT user_id, competence_id, score_eval, score_cert FROM fact_evaluation_results WHERE user_id IN (SELECT user_id FROM dim_user WHERE group_id='G50')","Les certifiables présentent forte corrélation (r=0.94). Engagement régulier, tentatives multiples. Compétences 7 et 8 partiellement validées. Score total moyen : 186/224. Les non certifiables stagnent ou abandonnent."
437,individual,3265,Évolution du comportement écri+,behavior_evolution,"Analyser l’évolution du comportement de l'étudiant 3265 (bac : français, langue maternelle : arabe).","SELECT time_id, SUM(score) as total_score, SUM(time_spent) as total_time FROM fact_evaluation_results WHERE user_id=3265 GROUP BY time_id","Début passif, intensification avant échéances, légère décroissance après. Compétences 7 et 8 partiellement validées. Score total : 188/224. Usage régulier, quelques abandons sur exercices avancés."
438,group,,Capacité d'adaptation dispositif,adaptability_analysis,"Évaluer l'adaptabilité du dispositif pour le groupe G53 selon profils : bac algérien et étranger, langues maternelles diverses.","SELECT user_id, competence_id, score, attempts, time_spent FROM fact_evaluation_results WHERE user_id IN (SELECT user_id FROM dim_user WHERE group_id='G53')","Les apprenants engagés progressent régulièrement, compétences 7 et 8 validées partiellement. Les profils moins actifs stagnent ou abandonnent. Score total moyen : 180/224. Le dispositif ajuste les parcours selon l'engagement et le profil."
439,individual,3270,Comparaison ciblée évaluation/certification,evaluation_certification_comparison,"Comparer les résultats évaluation/certification pour l'étudiant 3270 (bac : français, langue maternelle : français).","SELECT competence_id, score_eval, score_cert FROM fact_evaluation_results WHERE user_id=3270","Corrélation forte r=0.93. Engagement très élevé, usage régulier, tentatives fréquentes. Compétences 7 et 8 partiellement validées. Score total : 198/224. Persévérance facteur clé."
440,group,,Évolution du comportement écri+,behavior_evolution,"Tracer l'évolution du comportement sur écri+ pour le groupe G56. Profils : bac français et étranger, langues maternelles variées.","SELECT user_id, time_id, SUM(score) as total_score, SUM(time_spent) as total_time FROM fact_evaluation_results WHERE user_id IN (SELECT user_id FROM dim_user WHERE group_id='G56') GROUP BY user_id, time_id",Les certifiables augmentent usage et tentatives sur compétences 7 et 8. Non-certifiables stagnent ou abandonnent. Usage régulier corrélé à meilleure validation des compétences. Score total moyen : 182/224.
441,individual,3275,Capacité d'adaptation dispositif,adaptability_analysis,"Évaluer comment le dispositif s’adapte à l'étudiant 3275 (bac : étranger, langue maternelle : anglais).","SELECT competence_id, score, attempts, time_spent FROM fact_evaluation_results WHERE user_id=3275","Étudiant engagé et persévérant, usage régulier et tentatives multiples. Compétences 7 et 8 partiellement validées. Score total : 192/224. Le dispositif ajuste le parcours selon l'engagement et la performance."
442,group,,Comparaison ciblée évaluation/certification,evaluation_certification_comparison,"Comparer résultats évaluation/certification pour le groupe G59. Profils : bac français et algérien, langues maternelles diverses.","SELECT user_id, competence_id, score_eval, score_cert FROM fact_evaluation_results WHERE user_id IN (SELECT user_id FROM dim_user WHERE group_id='G59')","Les certifiables présentent forte corrélation (r=0.94). Engagement régulier, tentatives multiples. Compétences 7 et 8 partiellement validées. Score total moyen : 186/224. Les non certifiables stagnent ou abandonnent."
443,individual,3280,Évolution du comportement écri+,behavior_evolution,"Analyser l’évolution du comportement de l'étudiant 3280 (bac : français, langue maternelle : arabe).","SELECT time_id, SUM(score) as total_score, SUM(time_spent) as total_time FROM fact_evaluation_results WHERE user_id=3280 GROUP BY time_id","Début passif, intensification avant échéances, légère décroissance après. Compétences 7 et 8 partiellement validées. Score total : 188/224. Usage régulier, quelques abandons sur exercices avancés."
444,group,,Capacité d'adaptation dispositif,adaptability_analysis,"Évaluer l'adaptabilité du dispositif pour le groupe G62 selon profils : bac algérien et étranger, langues maternelles diverses.","SELECT user_id, competence_id, score, attempts, time_spent FROM fact_evaluation_results WHERE user_id IN (SELECT user_id FROM dim_user WHERE group_id='G62')","Les apprenants engagés progressent régulièrement, compétences 7 et 8 validées partiellement. Les profils moins actifs stagnent ou abandonnent. Score total moyen : 180/224. Le dispositif ajuste les parcours selon l'engagement et le profil."
445,individual,3285,Comparaison ciblée évaluation/certification,evaluation_certification_comparison,"Comparer les résultats évaluation/certification pour l'étudiant 3285 (bac : français, langue maternelle : français).","SELECT competence_id, score_eval, score_cert FROM fact_evaluation_results WHERE user_id=3285","Corrélation forte r=0.93. Engagement très élevé, usage régulier, tentatives fréquentes. Compétences 7 et 8 partiellement validées. Score total : 198/224. Persévérance facteur clé."
446,group,,Évolution du comportement écri+,behavior_evolution,"Tracer l'évolution du comportement sur écri+ pour le groupe G65. Profils : bac français et étranger, langues maternelles variées.","SELECT user_id, time_id, SUM(score) as total_score, SUM(time_spent) as total_time FROM fact_evaluation_results WHERE user_id IN (SELECT user_id FROM dim_user WHERE group_id='G65') GROUP BY user_id, time_id",Les certifiables augmentent usage et tentatives sur compétences 7 et 8. Non-certifiables stagnent ou abandonnent. Usage régulier corrélé à meilleure validation des compétences. Score total moyen : 182/224.
447,individual,3290,Capacité d'adaptation dispositif,adaptability_analysis,"Évaluer comment le dispositif s’adapte à l'étudiant 3290 (bac : étranger, langue maternelle : anglais).","SELECT competence_id, score, attempts, time_spent FROM fact_evaluation_results WHERE user_id=3290","Étudiant engagé et persévérant, usage régulier et tentatives multiples. Compétences 7 et 8 partiellement validées. Score total : 192/224. Le dispositif ajuste le parcours selon l'engagement et la performance."
448,group,,Comparaison ciblée évaluation/certification,evaluation_certification_comparison,"Comparer résultats évaluation/certification pour le groupe G68. Profils : bac français et algérien, langues maternelles diverses.","SELECT user_id, competence_id, score_eval, score_cert FROM fact_evaluation_results WHERE user_id IN (SELECT user_id FROM dim_user WHERE group_id='G68')","Les certifiables présentent forte corrélation (r=0.94). Engagement régulier, tentatives multiples. Compétences 7 et 8 partiellement validées. Score total moyen : 186/224. Les non certifiables stagnent ou abandonnent."
449,individual,3295,Évolution du comportement écri+,behavior_evolution,"Analyser l’évolution du comportement de l'étudiant 3295 (bac : français, langue maternelle : arabe).","SELECT time_id, SUM(score) as total_score, SUM(time_spent) as total_time FROM fact_evaluation_results WHERE user_id=3295 GROUP BY time_id","Début passif, intensification avant échéances, légère décroissance après. Compétences 7 et 8 partiellement validées. Score total : 188/224. Usage régulier, quelques abandons sur exercices avancés."
450,group,,Capacité d'adaptation dispositif,adaptability_analysis,"Évaluer l'adaptabilité du dispositif pour le groupe G71 selon profils : bac algérien et étranger, langues maternelles diverses.","SELECT user_id, competence_id, score, attempts, time_spent FROM fact_evaluation_results WHERE user_id IN (SELECT user_id FROM dim_user WHERE group_id='G71')","Les apprenants engagés progressent régulièrement, compétences 7 et 8 validées partiellement. Les profils moins actifs stagnent ou abandonnent. Score total moyen : 180/224. Le dispositif ajuste les parcours selon l'engagement et le profil."
451,individual,3300,Évolution du comportement écri+,behavior_evolution,"Analyser l’évolution du comportement de l'étudiant 3300 (bac : français, langue maternelle : arabe).","SELECT time_id, SUM(score) as total_score, SUM(time_spent) as total_time FROM fact_evaluation_results WHERE user_id=3300 GROUP BY time_id","Début passif, intensification avant échéances. Compétences 7 et 8 partiellement validées. Score total : 184/224. Usage régulier, abandon sur quelques exercices avancés."
452,group,,Capacité d'adaptation dispositif,adaptability_analysis,"Évaluer l'adaptabilité du dispositif pour le groupe G74 selon profils : bac algérien et étranger, langues maternelles variées.","SELECT user_id, competence_id, score, attempts, time_spent FROM fact_evaluation_results WHERE user_id IN (SELECT user_id FROM dim_user WHERE group_id='G74')","Les apprenants engagés progressent régulièrement, compétences 7 et 8 validées partiellement. Les moins actifs stagnent ou abandonnent. Score total moyen : 182/224. Le dispositif ajuste les parcours selon l'engagement et le profil."
453,individual,3305,Comparaison ciblée évaluation/certification,evaluation_certification_comparison,"Comparer les résultats évaluation/certification pour l'étudiant 3305 (bac : français, langue maternelle : français).","SELECT competence_id, score_eval, score_cert FROM fact_evaluation_results WHERE user_id=3305","Corrélation forte r=0.91. Engagement élevé, usage régulier, tentatives multiples. Compétences 7 et 8 partiellement validées. Score total : 190/224. Persévérance et gestion du temps déterminantes."
454,group,,Évolution du comportement écri+,behavior_evolution,"Tracer l'évolution du comportement sur écri+ pour le groupe G77. Profils : bac français et étranger, langues maternelles diverses.","SELECT user_id, time_id, SUM(score) as total_score, SUM(time_spent) as total_time FROM fact_evaluation_results WHERE user_id IN (SELECT user_id FROM dim_user WHERE group_id='G77') GROUP BY user_id, time_id",Les certifiables augmentent usage et tentatives sur compétences 7 et 8. Non-certifiables stagnent ou abandonnent. Score total moyen : 185/224. Usage régulier corrélé à meilleure validation des compétences.
455,individual,3310,Capacité d'adaptation dispositif,adaptability_analysis,"Évaluer comment le dispositif s’adapte à l'étudiant 3310 (bac : étranger, langue maternelle : anglais).","SELECT competence_id, score, attempts, time_spent FROM fact_evaluation_results WHERE user_id=3310","Étudiant engagé et persévérant, usage régulier et tentatives multiples. Compétences 7 et 8 partiellement validées. Score total : 195/224. Le dispositif ajuste le parcours selon l'engagement et la performance."
456,group,,Comparaison ciblée évaluation/certification,evaluation_certification_comparison,"Comparer résultats évaluation/certification pour le groupe G80. Profils : bac français et algérien, langues maternelles diverses.","SELECT user_id, competence_id, score_eval, score_cert FROM fact_evaluation_results WHERE user_id IN (SELECT user_id FROM dim_user WHERE group_id='G80')","Les certifiables présentent forte corrélation (r=0.95). Engagement régulier, tentatives multiples. Compétences 7 et 8 partiellement validées. Score total moyen : 188/224. Les non certifiables stagnent ou abandonnent."
457,individual,3315,Évolution du comportement écri+,behavior_evolution,"Analyser l’évolution du comportement de l'étudiant 3315 (bac : français, langue maternelle : arabe).","SELECT time_id, SUM(score) as total_score, SUM(time_spent) as total_time FROM fact_evaluation_results WHERE user_id=3315 GROUP BY time_id","Début passif, intensification avant échéances, décroissance après. Compétences 7 et 8 partiellement validées. Score total : 187/224. Usage régulier, quelques abandons sur exercices avancés."
458,group,,Capacité d'adaptation dispositif,adaptability_analysis,"Évaluer l'adaptabilité du dispositif pour le groupe G83 selon profils : bac algérien et étranger, langues maternelles variées.","SELECT user_id, competence_id, score, attempts, time_spent FROM fact_evaluation_results WHERE user_id IN (SELECT user_id FROM dim_user WHERE group_id='G83')","Les apprenants engagés progressent régulièrement, compétences 7 et 8 validées partiellement. Les profils moins actifs stagnent ou abandonnent. Score total moyen : 181/224. Le dispositif ajuste les parcours selon l'engagement et le profil."
459,individual,3320,Comparaison ciblée évaluation/certification,evaluation_certification_comparison,"Comparer les résultats évaluation/certification pour l'étudiant 3320 (bac : français, langue maternelle : français).","SELECT competence_id, score_eval, score_cert FROM fact_evaluation_results WHERE user_id=3320","Corrélation forte r=0.92. Engagement très élevé, usage régulier, tentatives fréquentes. Compétences 7 et 8 partiellement validées. Score total : 193/224. Persévérance facteur clé."
460,group,,Évolution du comportement écri+,behavior_evolution,"Tracer l'évolution du comportement sur écri+ pour le groupe G86. Profils : bac français et étranger, langues maternelles variées.","SELECT user_id, time_id, SUM(score) as total_score, SUM(time_spent) as total_time FROM fact_evaluation_results WHERE user_id IN (SELECT user_id FROM dim_user WHERE group_id='G86') GROUP BY user_id, time_id",Les certifiables augmentent usage et tentatives sur compétences 7 et 8. Non-certifiables stagnent ou abandonnent. Usage régulier corrélé à meilleure validation des compétences. Score total moyen : 186/224.
461,individual,3325,Évolution du comportement écri+,behavior_evolution,"Analyser l’évolution du comportement de l'étudiant 3325 (bac : algérien, langue maternelle : arabe).","SELECT time_id, SUM(score) as total_score, SUM(time_spent) as total_time FROM fact_evaluation_results WHERE user_id=3325 GROUP BY time_id","Début passif, intensification avant échéances, décroissance après. Compétences 7 et 8 partiellement validées. Score total : 180/224. Usage irrégulier, abandon sur exercices complexes."
462,group,,Capacité d'adaptation dispositif,adaptability_analysis,"Évaluer l'adaptabilité du dispositif pour le groupe G90 selon profils : bac algérien et étranger, langues maternelles variées.","SELECT user_id, competence_id, score, attempts, time_spent FROM fact_evaluation_results WHERE user_id IN (SELECT user_id FROM dim_user WHERE group_id='G90')","Les apprenants engagés progressent régulièrement, compétences 7 et 8 validées partiellement. Les profils moins actifs stagnent ou abandonnent. Score total moyen : 182/224. Le dispositif ajuste les parcours selon l'engagement et le profil."
463,individual,3330,Comparaison ciblée évaluation/certification,evaluation_certification_comparison,"Comparer les résultats évaluation/certification pour l'étudiant 3330 (bac : français, langue maternelle : français).","SELECT competence_id, score_eval, score_cert FROM fact_evaluation_results WHERE user_id=3330","Corrélation forte r=0.94. Engagement très élevé, usage régulier, tentatives fréquentes. Compétences 7 et 8 partiellement validées. Score total : 192/224. Persévérance et gestion du temps déterminantes."
464,group,,Évolution du comportement écri+,behavior_evolution,"Tracer l'évolution du comportement sur écri+ pour le groupe G93. Profils : bac français et étranger, langues maternelles variées.","SELECT user_id, time_id, SUM(score) as total_score, SUM(time_spent) as total_time FROM fact_evaluation_results WHERE user_id IN (SELECT user_id FROM dim_user WHERE group_id='G93') GROUP BY user_id, time_id",Les certifiables augmentent usage et tentatives sur compétences 7 et 8. Non-certifiables stagnent ou abandonnent. Usage régulier corrélé à meilleure validation des compétences. Score total moyen : 187/224.
465,individual,3335,Capacité d'adaptation dispositif,adaptability_analysis,"Évaluer comment le dispositif s’adapte à l'étudiant 3335 (bac : étranger, langue maternelle : anglais).","SELECT competence_id, score, attempts, time_spent FROM fact_evaluation_results WHERE user_id=3335","Étudiant engagé et persévérant, usage régulier et tentatives multiples. Compétences 7 et 8 partiellement validées. Score total : 194/224. Le dispositif ajuste le parcours selon l'engagement et la performance."
466,group,,Comparaison ciblée évaluation/certification,evaluation_certification_comparison,"Comparer résultats évaluation/certification pour le groupe G96. Profils : bac français et algérien, langues maternelles diverses.","SELECT user_id, competence_id, score_eval, score_cert FROM fact_evaluation_results WHERE user_id IN (SELECT user_id FROM dim_user WHERE group_id='G96')","Les certifiables présentent forte corrélation (r=0.93). Engagement régulier, tentatives multiples. Compétences 7 et 8 partiellement validées. Score total moyen : 189/224. Les non certifiables stagnent ou abandonnent."
467,individual,3340,Évolution du comportement écri+,behavior_evolution,"Analyser l’évolution du comportement de l'étudiant 3340 (bac : français, langue maternelle : arabe).","SELECT time_id, SUM(score) as total_score, SUM(time_spent) as total_time FROM fact_evaluation_results WHERE user_id=3340 GROUP BY time_id","Début passif, intensification avant échéances, décroissance après. Compétences 7 et 8 partiellement validées. Score total : 186/224. Usage irrégulier, abandon sur exercices avancés."
468,group,,Capacité d'adaptation dispositif,adaptability_analysis,"Évaluer l'adaptabilité du dispositif pour le groupe G99 selon profils : bac algérien et étranger, langues maternelles variées.","SELECT user_id, competence_id, score, attempts, time_spent FROM fact_evaluation_results WHERE user_id IN (SELECT user_id FROM dim_user WHERE group_id='G99')","Les apprenants engagés progressent régulièrement, compétences 7 et 8 validées partiellement. Les profils moins actifs stagnent ou abandonnent. Score total moyen : 183/224. Le dispositif ajuste les parcours selon l'engagement et le profil."
469,individual,3345,Comparaison ciblée évaluation/certification,evaluation_certification_comparison,"Comparer les résultats évaluation/certification pour l'étudiant 3345 (bac : français, langue maternelle : français).","SELECT competence_id, score_eval, score_cert FROM fact_evaluation_results WHERE user_id=3345","Corrélation forte r=0.92. Engagement très élevé, usage régulier, tentatives fréquentes. Compétences 7 et 8 partiellement validées. Score total : 191/224. Persévérance et gestion du temps déterminantes."
470,group,,Évolution du comportement écri+,behavior_evolution,"Tracer l'évolution du comportement sur écri+ pour le groupe G102. Profils : bac français et étranger, langues maternelles variées.","SELECT user_id, time_id, SUM(score) as total_score, SUM(time_spent) as total_time FROM fact_evaluation_results WHERE user_id IN (SELECT user_id FROM dim_user WHERE group_id='G102') GROUP BY user_id, time_id",Les certifiables augmentent usage et tentatives sur compétences 7 et 8. Non-certifiables stagnent ou abandonnent. Usage régulier corrélé à meilleure validation des compétences. Score total moyen : 188/224.
471,global,,Moyenne des scores,aggregate_scores,Quel est le score moyen global des apprenants sur toutes les compétences évaluées ?,SELECT AVG(total_score) AS moyenne_score FROM fact_evaluation_results;,"Le score moyen global permet d'évaluer la performance collective. Les étudiants très engagés montrent une progression régulière sur l'ensemble des 14 compétences, avec des scores proches du maximum de 224 points. Les étudiants moins engagés ou passifs présentent des lacunes sur les compétences 7 et 8, difficiles à maîtriser, et une activité irrégulière sur la plateforme."
472,global,,Moyenne des scores,aggregate_scores,Quel est le score moyen des étudiants évalués uniquement sur 4 compétences ciblées ?,SELECT AVG(total_score) AS moyenne_score FROM fact_evaluation_results WHERE num_competences_evaluees = 4;,"Le score moyen pour les 4 compétences sélectionnées varie de 0 à 64 points. Les apprenants certifiables montrent plus de tentatives et un engagement soutenu, validant davantage de compétences. Les étudiants passifs mais stratégiques atteignent parfois un score élevé sur ces compétences limitées mais présentent des lacunes persistantes sur les autres compétences non évaluées."
473,global,,Moyenne des scores,aggregate_scores,Quel est le score moyen des apprenants en fonction de leur profil sociodémographique ?,"SELECT AVG(total_score) AS moyenne_score, sociodemographic_profile FROM fact_evaluation_results GROUP BY sociodemographic_profile;","Les scores moyens varient selon le profil sociodémographique. Les étudiants ayant un bac français ou étranger montrent une progression régulière et des compétences bien entraînées, tandis que les étudiants maternelle présentent plus de variations et parfois des difficultés sur les compétences 7 et 8. L’engagement, le nombre de tentatives et le temps passé sont corrélés à la réussite."
474,global,,Moyenne des scores,aggregate_scores,Quel est le score moyen des étudiants certifiables par rapport aux non-certifiables ?,"SELECT AVG(total_score) AS moyenne_score, certification_status FROM fact_evaluation_results GROUP BY certification_status;","Les étudiants certifiables présentent des scores moyens plus élevés, validant un plus grand nombre de compétences et montrant un engagement régulier. Les non-certifiables, bien qu’actifs parfois avant les échéances, restent irréguliers et présentent des lacunes persistantes, notamment sur les compétences difficiles comme 7 et 8."
475,global,,Moyenne des scores,aggregate_scores,Quel est le score moyen par compétence pour les apprenants engagés ?,"SELECT AVG(score) AS moyenne_score, competence_id FROM fact_evaluation_results WHERE engagement_level = 'élevé' GROUP BY competence_id;","Les apprenants engagés obtiennent de bons scores sur la majorité des compétences, mais les compétences 7 et 8 restent difficiles. Le temps passé et le nombre de tentatives sont élevés, ce qui démontre un engagement régulier et persévérant, favorisant la progression continue malgré les difficultés."
476,global,,Moyenne des scores,aggregate_scores,"Quel est le score moyen selon le nombre de compétences évaluées : 4, 7 ou 14 ?","SELECT AVG(total_score) AS moyenne_score, num_competences_evaluees FROM fact_evaluation_results GROUP BY num_competences_evaluees;","Le score moyen augmente avec le nombre de compétences évaluées. Pour 4 compétences, la moyenne est limitée mais permet d’observer la performance ciblée. Pour 7 compétences, les écarts apparaissent sur les compétences difficiles. Pour 14 compétences, le score global reflète pleinement la progression et l’engagement régulier des apprenants."
477,global,,Moyenne des scores,aggregate_scores,Quel est le score moyen des étudiants selon le temps passé sur la plateforme ?,"SELECT AVG(total_score) AS moyenne_score, time_spent_category FROM fact_evaluation_results GROUP BY time_spent_category;","Les étudiants qui passent plus de temps sur la plateforme obtiennent en moyenne des scores plus élevés, validant davantage de compétences et présentant une progression régulière. Les étudiants moins présents montrent des lacunes persistantes et des difficultés sur les compétences 7 et 8, malgré un engagement concentré avant les échéances."
478,global,,Moyenne des scores,aggregate_scores,Quel est le score moyen des étudiants selon le nombre de tentatives réalisées ?,"SELECT AVG(total_score) AS moyenne_score, attempts_count_category FROM fact_evaluation_results GROUP BY attempts_count_category;","Un nombre de tentatives plus élevé est corrélé à un score moyen supérieur. Les étudiants surperformants effectuent régulièrement plusieurs tentatives, validant plus de compétences. Les étudiants passifs mais stratégiques atteignent parfois un score correct avec moins de tentatives, mais les lacunes sur les compétences difficiles persistent."
479,global,,Moyenne des scores,aggregate_scores,"Quel est le score moyen des étudiants selon le type de bac : français, étranger ou maternelle ?","SELECT AVG(total_score) AS moyenne_score, bac_type FROM fact_evaluation_results GROUP BY bac_type;",Les étudiants avec bac français ou étranger montrent une progression régulière et des scores moyens plus élevés. Les étudiants maternelle présentent plus de variabilité et des difficultés sur les compétences 7 et 8. L’analyse des tentatives et du temps passé confirme l’importance de l’engagement régulier pour la réussite.
480,global,,Moyenne des scores,aggregate_scores,Quel est le score moyen global en fonction de l’engagement sur les activités ?,"SELECT AVG(total_score) AS moyenne_score, engagement_level FROM fact_evaluation_results GROUP BY engagement_level;","Les étudiants très engagés obtiennent des scores moyens élevés et valident un grand nombre de compétences, tandis que les étudiants moins engagés présentent des lacunes persistantes, notamment sur les compétences 7 et 8. Le temps passé et le nombre de tentatives confirment que l’engagement régulier et persévérant est un facteur clé de réussite."
481,global,,Moyenne des scores,aggregate_scores,Quel est le score moyen des apprenants certifiables selon la durée moyenne de leurs activités ?,"SELECT AVG(total_score) AS moyenne_score, AVG(duration_minutes) AS avg_duration FROM fact_evaluation_results WHERE certification_status = 'certifiable';","Les apprenants certifiables passent plus de temps sur les activités, ce qui est corrélé à un score moyen plus élevé. Ils présentent un engagement régulier et valident plus de compétences, alors que les apprenants moins persistants montrent des difficultés sur les compétences 7 et 8 malgré un effort concentré avant les échéances."
482,global,,Moyenne des scores,aggregate_scores,Quel est le score moyen global des étudiants selon le nombre d’activités complétées ?,"SELECT AVG(total_score) AS moyenne_score, COUNT(activity_id) AS completed_activities FROM fact_evaluation_results GROUP BY student_id;","Les étudiants qui complètent un nombre élevé d’activités obtiennent des scores moyens supérieurs. Les profils engagés progressent régulièrement, tandis que ceux moins actifs présentent des lacunes persistantes, notamment sur les compétences difficiles 7 et 8, et des périodes d’inactivité."
483,global,,Moyenne des scores,aggregate_scores,Quel est le score moyen par compétence en fonction du profil sociodémographique ?,"SELECT AVG(score) AS moyenne_score, competence_id, sociodemographic_profile FROM fact_evaluation_results GROUP BY competence_id, sociodemographic_profile;",Les étudiants avec bac français ou étranger montrent une meilleure régularité et des scores plus élevés. Les étudiants maternelle ou issus d’autres profils présentent des difficultés sur les compétences 7 et 8. L’engagement et le nombre de tentatives restent des indicateurs clés pour comprendre la performance.
484,global,,Moyenne des scores,aggregate_scores,"Quel est le score moyen des étudiants selon le nombre de compétences évaluées : 4, 7, 9 ou 14 ?","SELECT AVG(total_score) AS moyenne_score, num_competences_evaluees FROM fact_evaluation_results GROUP BY num_competences_evaluees;","Le score moyen augmente avec le nombre de compétences évaluées. Pour 4 compétences, les scores reflètent une performance ciblée. Pour 7 ou 9 compétences, les écarts apparaissent sur les compétences difficiles 7 et 8. Pour 14 compétences, le score global reflète pleinement l’engagement et la persévérance des étudiants."
485,global,,Moyenne des scores,aggregate_scores,Quel est le score moyen des étudiants selon le nombre de tentatives par compétence ?,"SELECT AVG(score) AS moyenne_score, competence_id, attempts_count FROM fact_evaluation_results GROUP BY competence_id, attempts_count;","Un nombre élevé de tentatives par compétence est corrélé à un score moyen supérieur. Les étudiants engagés valident régulièrement des compétences, tandis que les passifs mais stratégiques atteignent parfois de bons scores sans effort régulier. Les compétences 7 et 8 restent des défis fréquents."
486,global,,Moyenne des scores,aggregate_scores,Quel est le score moyen des apprenants selon leur activité sur les vidéos et lectures ?,"SELECT AVG(total_score) AS moyenne_score, SUM(completed_videos + completed_reading) AS content_engagement FROM fact_evaluation_results GROUP BY student_id;","Les étudiants qui complètent régulièrement vidéos et lectures obtiennent un score moyen plus élevé et progressent plus régulièrement. Les étudiants moins engagés sur ces activités présentent des lacunes persistantes, en particulier sur les compétences 7 et 8, et des périodes d’abandon ou stagnation."
487,global,,Moyenne des scores,aggregate_scores,Quel est le score moyen selon le type de certification visée ?,"SELECT AVG(total_score) AS moyenne_score, certification_type FROM fact_evaluation_results GROUP BY certification_type;","Les étudiants visant des certifications complètes montrent un score moyen plus élevé et une validation continue des compétences. Ceux visant des certifications partielles ou limitées ont des scores plus variables et rencontrent plus de difficultés sur les compétences 7 et 8, malgré un engagement ponctuel avant les échéances."
488,global,,Moyenne des scores,aggregate_scores,Quel est le score moyen des étudiants selon la régularité de connexion hebdomadaire ?,"SELECT AVG(total_score) AS moyenne_score, weekly_login_frequency FROM fact_evaluation_results GROUP BY weekly_login_frequency;","Une fréquence de connexion élevée est corrélée à un score moyen supérieur. Les étudiants très engagés valident plus de compétences et progressent régulièrement, tandis que ceux avec des connexions irrégulières présentent des lacunes persistantes sur les compétences difficiles et un usage sporadique de la plateforme."
489,global,,Moyenne des scores,aggregate_scores,Quel est le score moyen global selon le nombre de réponses abandonnées ?,"SELECT AVG(total_score) AS moyenne_score, abandoned_answers_count FROM fact_evaluation_results GROUP BY abandoned_answers_count;","Les étudiants qui abandonnent moins de questions obtiennent des scores moyens plus élevés et progressent régulièrement. Les abandons fréquents sont associés à une stagnation des compétences, en particulier pour les compétences 7 et 8, malgré un effort concentré avant les échéances."
490,global,,Moyenne des scores,aggregate_scores,Quel est le score moyen des étudiants selon leur niveau d’engagement dans les discussions ?,"SELECT AVG(total_score) AS moyenne_score, engagement_in_discussions FROM fact_evaluation_results GROUP BY engagement_in_discussions;","Un engagement élevé dans les discussions est corrélé à de meilleurs scores moyens et une validation régulière des compétences. Les étudiants peu actifs dans les discussions présentent des lacunes persistantes sur les compétences difficiles et un usage irrégulier de la plateforme, malgré un effort concentré ponctuel."
491,global,,Moyenne des scores,aggregate_scores,Quel est le score moyen des étudiants selon leur capacité à compléter les évaluations dans les délais impartis ?,"SELECT AVG(total_score) AS moyenne_score, on_time_completion_rate FROM fact_evaluation_results GROUP BY on_time_completion_rate;",Les étudiants qui complètent les évaluations dans les délais obtiennent en moyenne de meilleurs scores et progressent régulièrement. Les étudiants qui retardent ou abandonnent présentent des lacunes persistantes sur les compétences 7 et 8 et un engagement irrégulier.
492,global,,Moyenne des scores,aggregate_scores,Quel est le score moyen des étudiants selon le profil combiné : bac et sociodémographie ?,"SELECT AVG(total_score) AS moyenne_score, bac_type, sociodemographic_profile FROM fact_evaluation_results GROUP BY bac_type, sociodemographic_profile;","Les étudiants avec bac français et étrangers obtiennent des scores moyens plus élevés, tandis que les étudiants maternelle présentent plus de variabilité et des lacunes sur les compétences 7 et 8. Les étudiants engagés dans l’usage régulier de la plateforme valident plus de compétences et progressent régulièrement."
493,global,,Moyenne des scores,aggregate_scores,Quel est le score moyen des étudiants selon la progression des compétences intermédiaires ?,"SELECT AVG(total_score) AS moyenne_score, intermediate_competency_progress FROM fact_evaluation_results GROUP BY intermediate_competency_progress;","Une progression régulière des compétences intermédiaires est corrélée à un score moyen supérieur. Les étudiants engagés valident plus de compétences, tandis que les étudiants passifs montrent stagnation et difficultés sur les compétences 7 et 8, malgré un effort concentré avant les échéances."
494,global,,Moyenne des scores,aggregate_scores,Quel est le score moyen selon le nombre de révisions de contenu effectuées par les étudiants ?,"SELECT AVG(total_score) AS moyenne_score, content_revision_count FROM fact_evaluation_results GROUP BY content_revision_count;","Plus les étudiants révisent le contenu, plus leur score moyen est élevé. Les étudiants engagés montrent une progression régulière et valident davantage de compétences, tandis que les moins révisants stagnent sur les compétences difficiles et présentent des périodes d’inactivité."
495,global,,Moyenne des scores,aggregate_scores,Quel est le score moyen des étudiants selon le type d’évaluation : formative ou certificative ?,"SELECT AVG(total_score) AS moyenne_score, assessment_type FROM fact_evaluation_results GROUP BY assessment_type;","Les évaluations certificatives montrent un score moyen plus élevé, corrélé à un engagement régulier et à la validation de compétences clés. Les évaluations formatives révèlent des étudiants en phase de consolidation, avec des lacunes fréquentes sur les compétences 7 et 8."
496,global,,Moyenne des scores,aggregate_scores,Quel est le score moyen des étudiants selon leur progression avant et après les échéances clés ?,"SELECT AVG(total_score) AS moyenne_score, period_category FROM fact_evaluation_results GROUP BY period_category;","Les étudiants qui progressent régulièrement avant les échéances obtiennent un score moyen plus élevé. Les étudiants qui s’activent uniquement avant les échéances montrent un pic temporaire, mais stagnent sur les compétences difficiles 7 et 8 après l’échéance."
497,global,,Moyenne des scores,aggregate_scores,Quel est le score moyen des étudiants selon le nombre d’abandons partiels par compétence ?,"SELECT AVG(total_score) AS moyenne_score, abandoned_partial_count FROM fact_evaluation_results GROUP BY abandoned_partial_count;","Les étudiants qui abandonnent moins de compétences partiellement obtiennent un score moyen plus élevé. Les abandons fréquents sont liés à une stagnation, des lacunes sur les compétences 7 et 8 et un engagement irrégulier malgré des efforts concentrés avant les échéances."
498,global,,Moyenne des scores,aggregate_scores,Quel est le score moyen global des étudiants selon la régularité de leur progression quotidienne ?,"SELECT AVG(total_score) AS moyenne_score, daily_progress_consistency FROM fact_evaluation_results GROUP BY daily_progress_consistency;","Une progression quotidienne régulière est corrélée à un score moyen élevé et à une validation continue des compétences. Les étudiants irréguliers montrent des lacunes persistantes sur les compétences difficiles et des périodes de stagnation, malgré un engagement ponctuel."
499,global,,Moyenne des scores,aggregate_scores,Quel est le score moyen des étudiants selon la corrélation entre évaluation et certification ?,"SELECT AVG(total_score) AS moyenne_score, certification_status FROM fact_evaluation_results GROUP BY certification_status;",Les étudiants pour lesquels l’évaluation est fortement corrélée à la certification (r=0.93) présentent des scores moyens plus élevés et valident un plus grand nombre de compétences. Les étudiants avec une faible corrélation montrent des difficultés sur les compétences difficiles et un engagement irrégulier.
500,global,,Moyenne des scores,aggregate_scores,"Quel est le score moyen global des étudiants selon le profil combiné : engagement, tentatives et sociodémographie ?","SELECT AVG(total_score) AS moyenne_score, engagement_level, attempts_count, sociodemographic_profile FROM fact_evaluation_results GROUP BY engagement_level, attempts_count, sociodemographic_profile;","Les étudiants très engagés, avec de nombreuses tentatives et un profil sociodémographique favorable, présentent un score moyen élevé et valident régulièrement des compétences. Les étudiants moins engagés, avec peu de tentatives et des profils plus hétérogènes, présentent des lacunes persistantes, notamment sur les compétences 7 et 8."
501,global,,Moyenne des scores,aggregate_scores,Quel est le score moyen des étudiants selon leur progression sur les compétences difficiles 7 et 8 ?,"SELECT AVG(total_score) AS moyenne_score, AVG(score_comp7) AS comp7, AVG(score_comp8) AS comp8 FROM fact_evaluation_results;","Les compétences 7 et 8 sont souvent les plus difficiles. Les étudiants qui réussissent à progresser sur ces compétences montrent un engagement régulier et un effort concentré, ce qui se traduit par un score moyen global plus élevé, tandis que ceux qui stagnent montrent des lacunes persistantes."
502,global,,Moyenne des scores,aggregate_scores,Quel est le score moyen des étudiants selon leur nombre de tentatives et d’abandons partiels ?,"SELECT AVG(total_score) AS moyenne_score, SUM(attempts_count) AS total_attempts, SUM(abandoned_partial_count) AS total_abandoned FROM fact_evaluation_results GROUP BY student_id;","Un nombre élevé de tentatives est corrélé à un score moyen plus élevé, tandis que les abandons partiels fréquents indiquent des lacunes persistantes. Les étudiants très engagés et réguliers progressent davantage sur les compétences critiques et valident plus de compétences."
503,global,,Moyenne des scores,aggregate_scores,Quel est le score moyen global selon la régularité des connexions et le temps passé sur la plateforme ?,"SELECT AVG(total_score) AS moyenne_score, AVG(weekly_login_frequency) AS login_freq, AVG(total_time_minutes) AS avg_time FROM fact_evaluation_results GROUP BY student_id;",Les étudiants avec des connexions régulières et un temps total élevé obtiennent des scores moyens plus élevés. Les périodes de stagnation correspondent à des connexions irrégulières et à un effort concentré seulement avant les échéances.
504,global,,Moyenne des scores,aggregate_scores,"Quel est le score moyen selon le nombre de compétences évaluées par étudiant : 4, 7, 9 ou 14 ?","SELECT AVG(total_score) AS moyenne_score, num_competences_evaluees FROM fact_evaluation_results GROUP BY num_competences_evaluees;","Le score moyen augmente avec le nombre de compétences évaluées. Les étudiants évalués sur 4 compétences ont un score plus ciblé, tandis que ceux évalués sur 14 compétences montrent une validation plus complète et un engagement plus régulier."
505,global,,Moyenne des scores,aggregate_scores,Quel est le score moyen selon le profil sociodémographique et le type de bac ?,"SELECT AVG(total_score) AS moyenne_score, sociodemographic_profile, bac_type FROM fact_evaluation_results GROUP BY sociodemographic_profile, bac_type;",Les étudiants avec bac français ou étranger montrent une meilleure régularité et des scores moyens plus élevés. Les étudiants maternelle présentent plus de variabilité et des difficultés sur les compétences 7 et 8.
506,global,,Moyenne des scores,aggregate_scores,Quel est le score moyen selon le temps de début des activités et la régularité de progression ?,"SELECT AVG(total_score) AS moyenne_score, AVG(start_time_minutes) AS avg_start_time, daily_progress_consistency FROM fact_evaluation_results GROUP BY daily_progress_consistency;",Les étudiants qui commencent régulièrement leurs activités tôt et progressent quotidiennement obtiennent des scores moyens supérieurs. Les étudiants tardifs ou irréguliers stagnent sur les compétences difficiles et présentent des abandons fréquents.
507,global,,Moyenne des scores,aggregate_scores,Quel est le score moyen selon la corrélation entre évaluation et certification ?,"SELECT AVG(total_score) AS moyenne_score, certification_status FROM fact_evaluation_results GROUP BY certification_status;",Une forte corrélation (r=0.93) entre évaluation et certification correspond à des scores moyens plus élevés et une validation continue des compétences. Les étudiants avec une faible corrélation montrent stagnation et lacunes sur les compétences critiques.
508,global,,Moyenne des scores,aggregate_scores,Quel est le score moyen des étudiants selon l’intensité de l’usage des vidéos et lectures ?,"SELECT AVG(total_score) AS moyenne_score, SUM(completed_videos + completed_reading) AS content_engagement FROM fact_evaluation_results GROUP BY student_id;",Les étudiants qui complètent régulièrement les vidéos et lectures obtiennent un score moyen plus élevé. Les étudiants moins engagés présentent des lacunes persistantes sur les compétences 7 et 8 et des périodes d’abandon.
509,global,,Moyenne des scores,aggregate_scores,Quel est le score moyen selon le niveau d’engagement dans les discussions et tentatives multiples ?,"SELECT AVG(total_score) AS moyenne_score, engagement_in_discussions, SUM(attempts_count) AS total_attempts FROM fact_evaluation_results GROUP BY student_id;",Les étudiants très engagés dans les discussions et avec de multiples tentatives obtiennent des scores moyens plus élevés. Les étudiants passifs mais stratégiques atteignent parfois de bons scores mais stagnent sur les compétences difficiles 7 et 8.
510,global,,Moyenne des scores,aggregate_scores,"Quel est le score moyen selon le type d’évaluation : formative, sommative ou certificative ?","SELECT AVG(total_score) AS moyenne_score, assessment_type FROM fact_evaluation_results GROUP BY assessment_type;","Les évaluations certificatives montrent des scores moyens supérieurs et une validation continue des compétences. Les évaluations formatives révèlent des étudiants en consolidation, avec des difficultés sur les compétences 7 et 8."
511,global,,Moyenne des scores,aggregate_scores,Quel est le score moyen selon l’évolution des compétences sur le parcours entier ?,"SELECT AVG(total_score) AS moyenne_score, progression_path FROM fact_evaluation_results GROUP BY progression_path;","Une progression régulière et continue sur le parcours est corrélée à un score moyen plus élevé. Les étudiants qui stagnent ou abandonnent certaines compétences, notamment 7 et 8, obtiennent des scores moyens plus faibles malgré un engagement ponctuel."
512,global,,Moyenne des scores,aggregate_scores,Quel est le score moyen selon le nombre de tentatives et le temps total passé sur la plateforme ?,"SELECT AVG(total_score) AS moyenne_score, SUM(attempts_count) AS total_attempts, SUM(total_time_minutes) AS total_time FROM fact_evaluation_results GROUP BY student_id;",Les étudiants multipliant les tentatives et passant plus de temps sur la plateforme obtiennent des scores moyens plus élevés et valident plus de compétences. Les étudiants moins engagés stagnent et présentent des lacunes sur les compétences difficiles.
513,global,,Moyenne des scores,aggregate_scores,Quel est le score moyen selon la régularité hebdomadaire des activités ?,"SELECT AVG(total_score) AS moyenne_score, weekly_activity_consistency FROM fact_evaluation_results GROUP BY weekly_activity_consistency;",Une régularité hebdomadaire élevée est corrélée à un score moyen plus élevé et à une validation continue des compétences. Les étudiants irréguliers stagnent sur les compétences 7 et 8.
514,global,,Moyenne des scores,aggregate_scores,Quel est le score moyen selon le nombre de révisions de contenu par étudiant ?,"SELECT AVG(total_score) AS moyenne_score, content_revision_count FROM fact_evaluation_results GROUP BY content_revision_count;",Les révisions fréquentes sont corrélées à un score moyen plus élevé et à la validation de compétences. Les étudiants moins réguliers stagnent sur les compétences difficiles 7 et 8 malgré des tentatives sporadiques.
515,global,,Moyenne des scores,aggregate_scores,Quel est le score moyen selon la vitesse de progression des compétences intermédiaires ?,"SELECT AVG(total_score) AS moyenne_score, intermediate_competency_speed FROM fact_evaluation_results GROUP BY intermediate_competency_speed;","Une progression rapide et régulière des compétences intermédiaires est corrélée à un score moyen plus élevé. Les étudiants lents ou irréguliers présentent des lacunes persistantes, surtout sur les compétences 7 et 8."
516,global,,Moyenne des scores,aggregate_scores,"Quel est le score moyen selon la combinaison engagement, tentatives et nombre de compétences évaluées ?","SELECT AVG(total_score) AS moyenne_score, engagement_level, attempts_count, num_competences_evaluees FROM fact_evaluation_results GROUP BY engagement_level, attempts_count, num_competences_evaluees;","Les étudiants très engagés, multipliant les tentatives et évalués sur un plus grand nombre de compétences, obtiennent un score moyen élevé et valident plus de compétences. Les étudiants moins engagés présentent stagnation et difficultés sur les compétences difficiles 7 et 8."
517,global,,Moyenne des scores,aggregate_scores,"Quel est le score moyen selon le type d’usage de l’outil écri+ : actif, passif mais stratégique ou irrégulier ?","SELECT AVG(total_score) AS moyenne_score, usage_type FROM fact_evaluation_results GROUP BY usage_type;","Les étudiants actifs obtiennent des scores moyens plus élevés, les étudiants passifs mais stratégiques atteignent parfois de bons scores mais stagnent sur les compétences difficiles 7 et 8. Les étudiants irréguliers montrent lacunes et abandon partiel."
518,global,,Moyenne des scores,aggregate_scores,Quel est le score moyen selon l’intensité de la participation aux activités collaboratives ?,"SELECT AVG(total_score) AS moyenne_score, collaborative_activity_level FROM fact_evaluation_results GROUP BY collaborative_activity_level;",Les étudiants participant intensivement aux activités collaboratives présentent un score moyen plus élevé et valident plus de compétences. Les étudiants peu impliqués stagnent sur les compétences difficiles et présentent des abandons partiels.
519,global,,Moyenne des scores,aggregate_scores,Quel est le score moyen selon la fréquence des révisions de contenu par compétence ?,"SELECT AVG(total_score) AS moyenne_score, AVG(content_revision_per_competence) AS avg_revision FROM fact_evaluation_results GROUP BY student_id;",Une révision fréquente par compétence est corrélée à un score moyen plus élevé. Les étudiants irréguliers stagnent sur les compétences critiques 7 et 8 malgré un effort ponctuel.
520,global,,Moyenne des scores,aggregate_scores,Quel est le score moyen selon la régularité et la persévérance des étudiants sur le parcours complet ?,"SELECT AVG(total_score) AS moyenne_score, persistence_level FROM fact_evaluation_results GROUP BY persistence_level;",Une persévérance élevée et une régularité dans le parcours sont corrélées à des scores moyens plus élevés et à la validation continue de compétences. Les étudiants irréguliers ou peu persévérants stagnent sur les compétences 7 et 8.
521,global,,Moyenne des scores,aggregate_scores,Quel est le score moyen des étudiants selon le temps de connexion quotidien et la fréquence de validation des compétences 7 et 8 ?,"SELECT AVG(total_score) AS moyenne_score, AVG(daily_connection_minutes) AS avg_conn_time, AVG(score_comp7 + score_comp8) AS avg_difficult_comp FROM fact_evaluation_results;","Les étudiants avec des connexions quotidiennes plus longues montrent une validation plus régulière des compétences difficiles 7 et 8, et obtiennent des scores moyens globaux plus élevés. Les étudiants avec des connexions irrégulières stagnent et abandonnent partiellement certaines compétences."
522,global,,Moyenne des scores,aggregate_scores,Quel est le score moyen selon le profil sociodémographique et l’usage régulier de l’outil écri+ ?,"SELECT AVG(total_score) AS moyenne_score, sociodemographic_profile, AVG(usage_frequency) AS avg_usage FROM fact_evaluation_results GROUP BY sociodemographic_profile;",Les étudiants ayant un profil sociodémographique avec un usage régulier de l’outil obtiennent un score moyen supérieur et valident davantage de compétences. Les profils moins engagés montrent stagnation et lacunes sur les compétences difficiles.
523,global,,Moyenne des scores,aggregate_scores,Quel est le score moyen selon le nombre de compétences validées et les abandons de réponses ?,"SELECT AVG(total_score) AS moyenne_score, SUM(competencies_validated) AS total_valid, SUM(abandoned_questions) AS total_abandoned FROM fact_evaluation_results;",Un nombre élevé de compétences validées corrèle avec un score moyen plus élevé. Les abandons fréquents indiquent des difficultés persistantes sur certaines compétences et un engagement irrégulier.
524,global,,Moyenne des scores,aggregate_scores,Quel est le score moyen selon la progression par étapes et les transitions intermédiaires entre niveaux de compétence ?,"SELECT AVG(total_score) AS moyenne_score, AVG(intermediate_transitions) AS avg_transitions FROM fact_evaluation_results;",Les étudiants présentant des transitions fréquentes et régulières entre niveaux obtiennent un score moyen plus élevé et valident plus de compétences. Les étudiants stagnants montrent des lacunes persistantes sur les compétences critiques.
525,global,,Moyenne des scores,aggregate_scores,Quel est le score moyen selon le nombre de tentatives cumulées et le temps total passé sur les activités ?,"SELECT AVG(total_score) AS moyenne_score, SUM(attempts_count) AS total_attempts, SUM(total_time_minutes) AS total_time FROM fact_evaluation_results GROUP BY student_id;",Les étudiants multipliant les tentatives et passant plus de temps sur les activités obtiennent un score moyen plus élevé et valident davantage de compétences. Les étudiants moins engagés stagnent et abandonnent partiellement certaines compétences.
526,global,,Moyenne des scores,aggregate_scores,Quel est le score moyen selon l’intensité de la participation aux forums et aux discussions ?,"SELECT AVG(total_score) AS moyenne_score, AVG(discussion_participation) AS avg_participation FROM fact_evaluation_results;","Les étudiants très participatifs dans les discussions obtiennent un score moyen plus élevé et valident davantage de compétences. Les étudiants passifs ou irréguliers stagnent, surtout sur les compétences 7 et 8."
527,global,,Moyenne des scores,aggregate_scores,Quel est le score moyen selon la régularité hebdomadaire et la persévérance ?,"SELECT AVG(total_score) AS moyenne_score, weekly_consistency, persistence_level FROM fact_evaluation_results GROUP BY weekly_consistency, persistence_level;","Une régularité hebdomadaire élevée et une forte persévérance sont corrélées à des scores moyens supérieurs et à une validation continue de compétences, tandis que les étudiants irréguliers montrent stagnation et abandons partiels."
528,global,,Moyenne des scores,aggregate_scores,Quel est le score moyen selon la difficulté des compétences et le nombre de compétences évaluées par étudiant ?,"SELECT AVG(total_score) AS moyenne_score, num_competences_evaluees, AVG(score_difficult_comp) AS avg_difficult FROM fact_evaluation_results GROUP BY num_competences_evaluees;",Les étudiants évalués sur plus de compétences ou sur des compétences difficiles obtiennent des scores moyens plus élevés s’ils maintiennent un engagement régulier. Les étudiants évalués sur peu de compétences ou abandonnant les compétences critiques stagnent.
529,global,,Moyenne des scores,aggregate_scores,Quel est le score moyen selon le type de bac et la langue d’instruction principale ?,"SELECT AVG(total_score) AS moyenne_score, bac_type, main_language FROM fact_evaluation_results GROUP BY bac_type, main_language;",Les étudiants avec un bac français ou étranger et un usage régulier de la langue principale obtiennent un score moyen plus élevé. Les étudiants maternelle ou avec langue secondaire montrent plus de variabilité et stagnation sur certaines compétences.
530,global,,Moyenne des scores,aggregate_scores,Quel est le score moyen selon l’évolution de l’usage de l’outil écri+ sur la durée du parcours ?,"SELECT AVG(total_score) AS moyenne_score, usage_start, usage_middle, usage_end FROM fact_evaluation_results;",Les étudiants augmentant progressivement leur usage de l’outil obtiennent des scores moyens plus élevés et valident plus de compétences. Les étudiants décrochant après le début stagnent sur les compétences critiques.
531,global,,Moyenne des scores,aggregate_scores,Quel est le score moyen selon la corrélation entre tentatives et validation des compétences ?,"SELECT AVG(total_score) AS moyenne_score, AVG(attempts_count) AS avg_attempts, AVG(competencies_validated) AS avg_valid FROM fact_evaluation_results;",Les étudiants multipliant les tentatives valident plus de compétences et obtiennent un score moyen plus élevé. Ceux qui abandonnent ou ne réessaient pas stagnent surtout sur les compétences 7 et 8.
532,global,,Moyenne des scores,aggregate_scores,"Quel est le score moyen selon le type d’activité : lecture, vidéo ou exercices pratiques ?","SELECT AVG(total_score) AS moyenne_score, AVG(completed_reading + completed_videos + completed_exercises) AS content_engagement FROM fact_evaluation_results;",Les étudiants complétant toutes les activités obtiennent un score moyen plus élevé et progressent sur toutes les compétences. Les étudiants limités à certaines activités stagnent sur les compétences critiques et présentent des abandons.
533,global,,Moyenne des scores,aggregate_scores,Quel est le score moyen selon la régularité de la participation aux activités planifiées ?,"SELECT AVG(total_score) AS moyenne_score, AVG(activity_participation_rate) AS avg_participation FROM fact_evaluation_results;",Les étudiants participant régulièrement aux activités planifiées obtiennent un score moyen plus élevé et valident davantage de compétences. Les étudiants irréguliers stagnent sur les compétences critiques 7 et 8.
534,global,,Moyenne des scores,aggregate_scores,Quel est le score moyen selon l’ordre de réalisation des compétences et la persévérance ?,"SELECT AVG(total_score) AS moyenne_score, skill_order, persistence_level FROM fact_evaluation_results;",Les étudiants respectant un ordre structuré et persévérant obtiennent un score moyen plus élevé et valident davantage de compétences. Les étudiants désorganisés ou irréguliers stagnent surtout sur les compétences difficiles.
535,global,,Moyenne des scores,aggregate_scores,Quel est le score moyen selon la fréquence des blocages et reprises de compétences ?,"SELECT AVG(total_score) AS moyenne_score, AVG(blocks_count) AS avg_blocks, AVG(retries_count) AS avg_retries FROM fact_evaluation_results;",Les étudiants surmontant fréquemment les blocages et reprenant les compétences obtiennent un score moyen plus élevé. Les étudiants abandonnant ou stagnants sur les compétences 7 et 8 montrent un score moyen plus faible.
536,global,,Moyenne des scores,aggregate_scores,Quel est le score moyen selon la régularité des corrections automatiques et feedback reçus ?,"SELECT AVG(total_score) AS moyenne_score, AVG(feedback_received) AS avg_feedback FROM fact_evaluation_results;",Les étudiants recevant régulièrement des feedbacks et corrigeant leurs erreurs obtiennent un score moyen plus élevé. Les étudiants irréguliers stagnent sur les compétences critiques.
537,global,,Moyenne des scores,aggregate_scores,Quel est le score moyen selon la diversité des compétences évaluées et la régularité de validation ?,"SELECT AVG(total_score) AS moyenne_score, AVG(num_competences_evaluees) AS avg_competences, AVG(validation_consistency) AS avg_consistency FROM fact_evaluation_results;",Les étudiants évalués sur une grande diversité de compétences et validant régulièrement obtiennent un score moyen plus élevé. Les étudiants limités à peu de compétences ou irréguliers stagnent.
538,global,,Moyenne des scores,aggregate_scores,Quel est le score moyen selon l’évolution temporelle des tentatives et des abandons de réponses ?,"SELECT AVG(total_score) AS moyenne_score, AVG(attempts_over_time) AS avg_attempts, AVG(abandoned_over_time) AS avg_abandoned FROM fact_evaluation_results;",Les étudiants augmentant progressivement leurs tentatives et limitant les abandons obtiennent un score moyen plus élevé. Les étudiants stagnants ou abandonnant précocement obtiennent un score moyen plus faible.
539,global,,Moyenne des scores,aggregate_scores,Quel est le score moyen selon l’utilisation cumulée de toutes les activités et compétences validées ?,"SELECT AVG(total_score) AS moyenne_score, SUM(completed_activities + competencies_validated) AS total_engagement FROM fact_evaluation_results;",Les étudiants cumulant de nombreuses activités et compétences validées obtiennent un score moyen élevé. Les étudiants limités ou irréguliers présentent stagnation et abandons partiels.
540,global,,Moyenne des scores,aggregate_scores,Quel est le score moyen selon le type de parcours et la régularité de progression ?,"SELECT AVG(total_score) AS moyenne_score, learning_path_type, AVG(progress_consistency) AS avg_consistency FROM fact_evaluation_results;",Les parcours structurés et réguliers sont corrélés à un score moyen plus élevé et une validation complète de compétences. Les parcours irréguliers ou spontanés stagnent sur les compétences difficiles.
541,global,,Moyenne des scores,aggregate_scores,Quel est le score moyen selon la durée moyenne pour passer d’une compétence à une autre ?,"SELECT AVG(total_score) AS moyenne_score, AVG(avg_duration_per_competence) AS avg_duration FROM fact_evaluation_results;","Les étudiants progressant rapidement mais régulièrement obtiennent un score moyen plus élevé. Les étudiants bloqués longtemps sur certaines compétences, notamment 7 et 8, stagnent et présentent des abandons."
542,global,,Moyenne des scores,aggregate_scores,Quel est le score moyen selon les transitions fréquentes et inattendues entre compétences ?,"SELECT AVG(total_score) AS moyenne_score, AVG(unexpected_transitions) AS avg_unexpected, AVG(frequent_transitions) AS avg_frequent FROM fact_evaluation_results;",Les étudiants avec transitions fréquentes et attendues valident plus de compétences et obtiennent un score moyen plus élevé. Les transitions inattendues indiquent des difficultés et stagnation sur les compétences critiques.
543,global,,Moyenne des scores,aggregate_scores,Quel est le score moyen selon le nombre de tentatives réussies et abandons cumulés ?,"SELECT AVG(total_score) AS moyenne_score, SUM(successful_attempts) AS total_success, SUM(abandoned_questions) AS total_abandoned FROM fact_evaluation_results;","Un grand nombre de tentatives réussies corrèle avec un score moyen élevé. Les abandons fréquents indiquent un engagement irrégulier et stagnation sur certaines compétences, notamment 7 et 8."
544,global,,Moyenne des scores,aggregate_scores,Quel est le score moyen selon la corrélation entre usage régulier et validation des compétences critiques ?,"SELECT AVG(total_score) AS moyenne_score, AVG(usage_frequency) AS avg_usage, AVG(critical_comp_validated) AS avg_critical FROM fact_evaluation_results;",Un usage régulier est corrélé à la validation des compétences critiques et à un score moyen élevé. Les étudiants irréguliers stagnent et abandonnent certaines compétences difficiles.
545,global,,Moyenne des scores,aggregate_scores,Quel est le score moyen selon la progression début / milieu / fin de parcours ?,"SELECT AVG(total_score) AS moyenne_score, AVG(start_progress) AS start, AVG(mid_progress) AS mid, AVG(end_progress) AS end FROM fact_evaluation_results;",Les étudiants progressant régulièrement tout au long du parcours obtiennent un score moyen plus élevé. Les étudiants décrochant au milieu ou en fin stagnent sur les compétences critiques.
546,global,,Moyenne des scores,aggregate_scores,Quel est le score moyen selon le nombre de compétences validées et le temps de connexion moyen par semaine ?,"SELECT AVG(total_score) AS moyenne_score, SUM(competencies_validated) AS total_valid, AVG(weekly_connection_minutes) AS avg_conn_time FROM fact_evaluation_results;",Les étudiants validant davantage de compétences et connectés régulièrement obtiennent un score moyen plus élevé. Les étudiants irréguliers stagnent sur les compétences difficiles 7 et 8.
547,global,,Moyenne des scores,aggregate_scores,Quel est le score moyen selon le nombre de révisions par compétence et l’intensité des tentatives ?,"SELECT AVG(total_score) AS moyenne_score, AVG(revisions_per_competence) AS avg_revisions, SUM(attempts_count) AS total_attempts FROM fact_evaluation_results;",Les étudiants révisant régulièrement chaque compétence et multipliant les tentatives obtiennent un score moyen plus élevé. Les étudiants limités aux révisions ponctuelles stagnent.
548,global,,Moyenne des scores,aggregate_scores,Quel est le score moyen selon le niveau d’engagement et le type de parcours suivi ?,"SELECT AVG(total_score) AS moyenne_score, engagement_level, learning_path_type FROM fact_evaluation_results GROUP BY engagement_level, learning_path_type;","Les étudiants engagés sur des parcours structurés obtiennent un score moyen plus élevé. Les étudiants peu engagés sur parcours irréguliers stagnent, surtout sur les compétences critiques."
549,global,,Moyenne des scores,aggregate_scores,Quel est le score moyen selon la régularité d’utilisation de l’outil écri+ et la persévérance sur compétences critiques ?,"SELECT AVG(total_score) AS moyenne_score, AVG(usage_frequency) AS avg_usage, AVG(critical_comp_persistence) AS avg_persistence FROM fact_evaluation_results;",Les étudiants utilisant régulièrement l’outil et persévérant sur les compétences critiques obtiennent un score moyen plus élevé. Les étudiants irréguliers stagnent sur les compétences 7 et 8.
550,global,,Moyenne des scores,aggregate_scores,"Quel est le score moyen selon le type de contenu utilisé (lecture, vidéo, exercices) et le nombre de compétences validées ?","SELECT AVG(total_score) AS moyenne_score, AVG(content_completed) AS avg_content, SUM(competencies_validated) AS total_valid FROM fact_evaluation_results;",Les étudiants utilisant tous les types de contenu et validant davantage de compétences obtiennent un score moyen plus élevé. Les étudiants limités à certains types de contenu stagnent sur les compétences critiques.
551,global,,Évolution dans le temps,evolution_trend,Comment évolue le score moyen des étudiants sur les compétences 7 et 8 tout au long du parcours ?,"SELECT AVG(score_comp7 + score_comp8) AS avg_difficult_score, time_period FROM fact_evaluation_results GROUP BY time_period ORDER BY time_period;",Les étudiants montrent une progression régulière sur les compétences difficiles lorsqu’ils s’engagent régulièrement. Les décroissances temporaires correspondent souvent à des périodes d’abandon ou d’activité irrégulière.
552,global,,Évolution dans le temps,evolution_trend,Comment évolue la moyenne des compétences validées par semaine pour les différents profils sociodémographiques ?,"SELECT AVG(competencies_validated) AS avg_valid, sociodemographic_profile, week FROM fact_evaluation_results GROUP BY sociodemographic_profile, week ORDER BY week;",Les profils engagés montrent une augmentation continue des compétences validées. Les profils moins réguliers stagnent et présentent des abandons ponctuels.
553,global,,Évolution dans le temps,evolution_trend,Quelle est l’évolution de l’usage de l’outil écri+ selon le temps de connexion quotidien ?,"SELECT AVG(daily_connection_minutes) AS avg_conn, time_period FROM fact_evaluation_results GROUP BY time_period ORDER BY time_period;",Une augmentation progressive du temps de connexion correspond à une amélioration des scores moyens et à une validation plus régulière des compétences. Les baisses de connexion traduisent des périodes de stagnation ou d’abandon.
554,global,,Évolution dans le temps,evolution_trend,Comment évolue le nombre moyen de tentatives et abandons cumulés sur le parcours ?,"SELECT AVG(attempts_count) AS avg_attempts, AVG(abandoned_questions) AS avg_abandoned, time_period FROM fact_evaluation_results GROUP BY time_period ORDER BY time_period;","Les tentatives cumulées progressent au fil du temps, favorisant un score moyen plus élevé. Les abandons ponctuels correspondent souvent à des compétences difficiles non maîtrisées."
555,global,,Évolution dans le temps,evolution_trend,Quel est le rythme d’évolution des compétences validées par les étudiants engagés vs hésitants ?,"SELECT AVG(competencies_validated) AS avg_valid, engagement_profile, time_period FROM fact_evaluation_results GROUP BY engagement_profile, time_period ORDER BY time_period;",Les étudiants engagés progressent régulièrement et valident plus de compétences. Les hésitants avancent lentement et présentent plus de stagnation ou de blocages temporaires.
556,global,,Évolution dans le temps,evolution_trend,"Comment évolue la validation des compétences selon le type de contenu consommé (lecture, vidéo, exercices) ?","SELECT AVG(competencies_validated) AS avg_valid, content_type, time_period FROM fact_evaluation_results GROUP BY content_type, time_period ORDER BY time_period;",La validation est plus rapide sur les contenus variés et réguliers. Les étudiants limités à un type de contenu montrent stagnation et abandons temporaires.
557,global,,Évolution dans le temps,evolution_trend,Quelle est l’évolution des scores totaux selon la régularité hebdomadaire des étudiants ?,"SELECT AVG(total_score) AS avg_total_score, weekly_consistency, time_period FROM fact_evaluation_results GROUP BY weekly_consistency, time_period ORDER BY time_period;",Les étudiants réguliers obtiennent une progression constante des scores. Les étudiants irréguliers présentent stagnation et lacunes sur les compétences difficiles.
558,global,,Évolution dans le temps,evolution_trend,Comment évolue la validation des compétences critiques (7 et 8) en fonction de la persévérance ?,"SELECT AVG(score_comp7 + score_comp8) AS avg_difficult_score, AVG(persistence_level) AS avg_persistence, time_period FROM fact_evaluation_results GROUP BY time_period ORDER BY time_period;",Une persévérance élevée entraîne une progression régulière sur les compétences critiques. Les étudiants moins persistants stagnent ou abandonnent ces compétences.
559,global,,Évolution dans le temps,evolution_trend,Quel est le rythme d’évolution des transitions entre compétences selon le type de parcours suivi ?,"SELECT AVG(transitions_count) AS avg_transitions, learning_path_type, time_period FROM fact_evaluation_results GROUP BY learning_path_type, time_period ORDER BY time_period;",Les parcours structurés favorisent une progression continue et une validation régulière des compétences. Les parcours irréguliers montrent des blocages et stagnation.
560,global,,Évolution dans le temps,evolution_trend,Comment évolue le temps moyen passé par compétence et le nombre de tentatives cumulées ?,"SELECT AVG(time_per_competence) AS avg_time, SUM(attempts_count) AS total_attempts, time_period FROM fact_evaluation_results GROUP BY time_period ORDER BY time_period;",Un temps régulier et suffisant par compétence avec plusieurs tentatives favorise un score moyen plus élevé. Les étudiants négligeant certaines compétences stagnent et abandonnent parfois.
561,global,,Évolution dans le temps,evolution_trend,Comment évolue le score moyen des étudiants certifiables par rapport aux non-certifiables sur les compétences 7 et 8 ?,"SELECT AVG(score_comp7 + score_comp8) AS avg_score, certification_status, time_period FROM fact_evaluation_results GROUP BY certification_status, time_period ORDER BY time_period;","Les étudiants certifiables présentent une progression régulière sur les compétences critiques, tandis que les non-certifiables stagnent ou abandonnent certaines compétences, reflétant une moindre persévérance."
562,global,,Évolution dans le temps,evolution_trend,Comment évolue le nombre moyen de tentatives et de questions abandonnées pour les étudiants engagés ?,"SELECT AVG(attempts_count) AS avg_attempts, AVG(abandoned_questions) AS avg_abandoned, time_period FROM fact_evaluation_results WHERE engagement_profile='Engagé' GROUP BY time_period ORDER BY time_period;","Les étudiants engagés augmentent progressivement leurs tentatives, avec peu d’abandons, traduisant un usage régulier et un engagement positif qui favorise la validation continue des compétences."
563,global,,Évolution dans le temps,evolution_trend,Quelle est l’évolution de l’usage de la plateforme selon le temps de connexion quotidien moyen ?,"SELECT AVG(daily_connection_minutes) AS avg_conn, time_period FROM fact_evaluation_results GROUP BY time_period ORDER BY time_period;",Une augmentation progressive du temps de connexion quotidien correspond à une amélioration des scores moyens et à un engagement plus régulier dans les activités et la validation des compétences.
564,global,,Évolution dans le temps,evolution_trend,Comment évolue la moyenne des compétences validées par les étudiants selon leur profil sociodémographique ?,"SELECT AVG(competencies_validated) AS avg_valid, sociodemographic_profile, time_period FROM fact_evaluation_results GROUP BY sociodemographic_profile, time_period ORDER BY time_period;","Les étudiants ayant un profil favorable (ex. bac français) montrent une progression plus régulière et un engagement plus soutenu, tandis que d’autres profils présentent des périodes de stagnation et de validation partielle des compétences."
565,global,,Évolution dans le temps,evolution_trend,Comment évolue le score total des étudiants sur l’ensemble des compétences au cours du parcours ?,"SELECT AVG(total_score) AS avg_total_score, time_period FROM fact_evaluation_results GROUP BY time_period ORDER BY time_period;","Le score total augmente progressivement chez les étudiants réguliers et persistants. Les périodes de baisse correspondent à des abandons temporaires, un usage irrégulier ou des difficultés sur les compétences critiques (7 et 8)."
566,global,,Évolution dans le temps,evolution_trend,"Comment évolue la validation des compétences selon le type de contenu (lecture, vidéo, exercices) consommé par les étudiants ?","SELECT AVG(competencies_validated) AS avg_valid, content_type, time_period FROM fact_evaluation_results GROUP BY content_type, time_period ORDER BY time_period;","La validation des compétences est plus rapide chez les étudiants consommant des contenus variés. Ceux limités à un type de contenu stagnent ou abandonnent certaines compétences, notamment sur les niveaux 7 et 8."
567,global,,Évolution dans le temps,evolution_trend,Quelle est l’évolution des transitions entre compétences pour les étudiants suivant différents parcours ?,"SELECT AVG(transitions_count) AS avg_transitions, learning_path_type, time_period FROM fact_evaluation_results GROUP BY learning_path_type, time_period ORDER BY time_period;","Les parcours structurés favorisent des transitions fréquentes et régulières, permettant une progression continue. Les parcours irréguliers montrent stagnation ou blocages temporaires."
568,global,,Évolution dans le temps,evolution_trend,Comment évolue le score moyen sur les compétences 1 à 4 pour les étudiants qui abandonnent certaines activités ?,"SELECT AVG(score_comp1 + score_comp2 + score_comp3 + score_comp4) AS avg_score, time_period FROM fact_evaluation_results WHERE abandoned_questions>0 GROUP BY time_period ORDER BY time_period;",Les abandons entraînent une stagnation du score moyen sur ces compétences. Les étudiants persistants progressent malgré des abandons ponctuels et améliorent leur score total sur les compétences évaluées.
569,global,,Évolution dans le temps,evolution_trend,Comment évolue le comportement des étudiants selon leur régularité de connexion et leur nombre de tentatives ?,"SELECT AVG(daily_connection_minutes) AS avg_conn, AVG(attempts_count) AS avg_attempts, engagement_profile, time_period FROM fact_evaluation_results GROUP BY engagement_profile, time_period ORDER BY time_period;",Les étudiants réguliers et engagés montrent une progression constante des scores et une validation continue des compétences. Les étudiants irréguliers présentent stagnation et abandon.
570,global,,Évolution dans le temps,evolution_trend,Quelle est l’évolution des scores moyens selon la persévérance et le type de compétence évaluée (difficile ou facile) ?,"SELECT AVG(score_comp) AS avg_score, difficulty_level, AVG(persistence_level) AS avg_persistence, time_period FROM fact_evaluation_results GROUP BY difficulty_level, time_period ORDER BY time_period;","Les compétences difficiles (7 et 8) montrent une progression régulière uniquement pour les étudiants persistants. Les moins persistants stagnent et abandonnent ces compétences, alors que les compétences faciles progressent plus rapidement."
571,global,,Évolution dans le temps,evolution_trend,Comment évolue la validation des compétences 5 à 8 chez les étudiants avec un usage irrégulier de la plateforme ?,"SELECT AVG(score_comp5 + score_comp6 + score_comp7 + score_comp8) AS avg_score, time_period FROM fact_evaluation_results WHERE connection_frequency='irrégulière' GROUP BY time_period ORDER BY time_period;","Les étudiants avec usage irrégulier progressent lentement sur les compétences intermédiaires et difficiles. Les pics d’activité avant les échéances montrent un effort concentré mais limité, avec stagnation après."
572,global,,Évolution dans le temps,evolution_trend,"Quelle est l’évolution du score moyen sur les compétences validées en fonction du profil sociodémographique (langue maternelle, bac) ?","SELECT AVG(total_score) AS avg_score, sociodemographic_profile, time_period FROM fact_evaluation_results GROUP BY sociodemographic_profile, time_period ORDER BY time_period;","Les profils avec bac français et langue maternelle maîtrisée progressent plus régulièrement, validant un plus grand nombre de compétences, tandis que les profils étrangers montrent plus de stagnation et d’abandons."
573,global,,Évolution dans le temps,evolution_trend,Comment évolue le nombre de compétences validées par les étudiants engagés sur la plateforme ?,"SELECT AVG(competencies_validated) AS avg_valid, engagement_profile, time_period FROM fact_evaluation_results WHERE engagement_profile='Engagé' GROUP BY time_period ORDER BY time_period;",Les étudiants engagés présentent une augmentation régulière du nombre de compétences validées. Les transitions fréquentes et la persévérance favorisent la réussite sur l’ensemble des compétences.
574,global,,Évolution dans le temps,evolution_trend,Quelle est l’évolution du taux de questions abandonnées selon le type de parcours suivi ?,"SELECT AVG(abandoned_questions) AS avg_abandoned, learning_path_type, time_period FROM fact_evaluation_results GROUP BY learning_path_type, time_period ORDER BY time_period;","Les parcours structurés réduisent le nombre de questions abandonnées. Les parcours libres ou irréguliers montrent des abandons fréquents, particulièrement sur les compétences difficiles."
575,global,,Évolution dans le temps,evolution_trend,Comment évolue le score total en fonction de la régularité des connexions et des tentatives ?,"SELECT AVG(total_score) AS avg_total_score, connection_frequency, AVG(attempts_count) AS avg_attempts, time_period FROM fact_evaluation_results GROUP BY connection_frequency, time_period ORDER BY time_period;","Les étudiants réguliers et persévérants augmentent leur score total. Les irréguliers présentent des fluctuations et des stagnations, traduisant un engagement partiel et des périodes creuses."
576,global,,Évolution dans le temps,evolution_trend,Quelle est l’évolution de la validation des compétences critiques 7 et 8 selon le temps passé sur la plateforme ?,"SELECT AVG(score_comp7 + score_comp8) AS avg_score, AVG(time_spent_minutes) AS avg_time, time_period FROM fact_evaluation_results GROUP BY time_period ORDER BY time_period;",Un temps passé plus important et régulier favorise la validation des compétences critiques. Les étudiants à usage irrégulier ou superficiel stagnent et abandonnent ces compétences.
577,global,,Évolution dans le temps,evolution_trend,"Comment évolue le score moyen des étudiants selon la diversité des contenus consommés (lecture, vidéo, exercices) ?","SELECT AVG(total_score) AS avg_score, content_type, time_period FROM fact_evaluation_results GROUP BY content_type, time_period ORDER BY time_period;","Les étudiants utilisant plusieurs types de contenus progressent plus rapidement. Ceux limités à un type de contenu stagnent, notamment sur les compétences difficiles."
578,global,,Évolution dans le temps,evolution_trend,Comment évolue la corrélation entre temps de connexion et nombre de compétences validées ?,"SELECT CORR(time_spent_minutes, competencies_validated) AS correlation, time_period FROM fact_evaluation_results GROUP BY time_period ORDER BY time_period;","La corrélation reste élevée chez les étudiants persistants et engagés. Les étudiants irréguliers ou en difficulté montrent des valeurs plus faibles, indiquant un usage partiel ou ciblé."
579,global,,Évolution dans le temps,evolution_trend,Comment évolue la progression des étudiants selon leur profil socio-démographique et nombre de compétences évaluées ?,"SELECT AVG(total_score) AS avg_score, sociodemographic_profile, COUNT(competence_id) AS evaluated_count, time_period FROM fact_evaluation_results GROUP BY sociodemographic_profile, time_period ORDER BY time_period;",Les étudiants évalués sur un plus grand nombre de compétences progressent plus régulièrement. Les profils étrangers ou avec moins de compétences évaluées stagnent et abandonnent plus fréquemment.
580,global,,Évolution dans le temps,evolution_trend,Quelle est l’évolution du score moyen pour les compétences 1 à 4 chez les étudiants ayant abandonné certaines activités ?,"SELECT AVG(score_comp1 + score_comp2 + score_comp3 + score_comp4) AS avg_score, time_period FROM fact_evaluation_results WHERE abandoned_questions>0 GROUP BY time_period ORDER BY time_period;","Les abandons ponctuels entraînent une stagnation sur les compétences de base, tandis que les étudiants persistants progressent malgré des difficultés et des abandons temporaires."
581,global,,Évolution dans le temps,evolution_trend,Comment évoluent les scores moyens des étudiants francophones versus non francophones sur les compétences 7 et 8 ?,"SELECT AVG(score_comp7 + score_comp8) AS avg_score, language_profile, time_period FROM fact_evaluation_results GROUP BY language_profile, time_period ORDER BY time_period;",Les francophones montrent une progression plus régulière et valident davantage les compétences difficiles. Les non francophones ont des pics d’activité irréguliers et stagnent parfois sur ces compétences.
582,global,,Évolution dans le temps,evolution_trend,Quelle est l’évolution de la validation des compétences selon le nombre de tentatives par activité ?,"SELECT AVG(total_score) AS avg_score, AVG(attempts_count) AS avg_attempts, time_period FROM fact_evaluation_results GROUP BY time_period ORDER BY time_period;","Les étudiants effectuant plus de tentatives par activité progressent plus vite, validant un plus grand nombre de compétences. Ceux avec peu de tentatives stagnent, surtout sur les compétences complexes."
583,global,,Évolution dans le temps,evolution_trend,Comment évoluent les scores moyens des étudiants évalués sur seulement 4 compétences par rapport à ceux évalués sur 14 ?,"SELECT AVG(total_score) AS avg_score, COUNT(competence_id) AS evaluated_count, time_period FROM fact_evaluation_results GROUP BY evaluated_count, time_period ORDER BY time_period;","Les étudiants évalués sur toutes les compétences présentent une progression plus stable et un score total plus élevé, tandis que ceux évalués sur peu de compétences ont des variations plus importantes."
584,global,,Évolution dans le temps,evolution_trend,Comment évoluent les taux d’abandon selon le profil sociodémographique et le type de parcours choisi ?,"SELECT AVG(abandoned_questions) AS avg_abandoned, sociodemographic_profile, learning_path_type, time_period FROM fact_evaluation_results GROUP BY sociodemographic_profile, learning_path_type, time_period ORDER BY time_period;","Les parcours libres et irréguliers montrent davantage d’abandons, surtout chez les profils étrangers. Les parcours guidés et structurés réduisent les abandons et favorisent la validation des compétences."
585,global,,Évolution dans le temps,evolution_trend,Quelle est l’évolution du score moyen des étudiants selon leur régularité de connexion hebdomadaire ?,"SELECT AVG(total_score) AS avg_score, connection_frequency, time_period FROM fact_evaluation_results GROUP BY connection_frequency, time_period ORDER BY time_period;","Les étudiants connectés régulièrement progressent plus vite, validant un plus grand nombre de compétences, tandis que les irréguliers stagnent et abandonnent parfois les activités intermédiaires."
586,global,,Évolution dans le temps,evolution_trend,Comment évoluent les scores sur les compétences 1 à 4 chez les étudiants qui commencent tard leurs activités ?,"SELECT AVG(score_comp1 + score_comp2 + score_comp3 + score_comp4) AS avg_score, time_period FROM fact_evaluation_results WHERE start_time_late=TRUE GROUP BY time_period ORDER BY time_period;","Le démarrage tardif ralentit la progression sur les compétences de base. Les étudiants persévérants montrent des améliorations juste avant les échéances, mais la régularité reste faible."
587,global,,Évolution dans le temps,evolution_trend,Quelle est l’évolution de la validation des compétences 7 et 8 selon le temps moyen passé par activité ?,"SELECT AVG(score_comp7 + score_comp8) AS avg_score, AVG(time_spent_per_activity) AS avg_time, time_period FROM fact_evaluation_results GROUP BY time_period ORDER BY time_period;",Les étudiants passant plus de temps par activité réussissent mieux les compétences difficiles. Ceux avec un temps limité stagnent ou abandonnent certaines compétences.
588,global,,Évolution dans le temps,evolution_trend,Comment évolue la validation des compétences chez les étudiants qui utilisent majoritairement les vidéos par rapport à ceux qui privilégient les lectures ?,"SELECT AVG(total_score) AS avg_score, dominant_content_type, time_period FROM fact_evaluation_results GROUP BY dominant_content_type, time_period ORDER BY time_period;",L’usage régulier des vidéos favorise une progression rapide sur certaines compétences. Les étudiants limités aux lectures stagnent plus souvent sur les compétences difficiles.
589,global,,Évolution dans le temps,evolution_trend,Quelle est l’évolution du score total selon le nombre de compétences évaluées et validées à chaque période ?,"SELECT SUM(score_total) AS total_score, COUNT(competence_id) AS evaluated_count, COUNT(validated_competence_id) AS validated_count, time_period FROM fact_evaluation_results GROUP BY time_period ORDER BY time_period;","Plus les compétences sont évaluées et validées, plus le score total progresse régulièrement. Les étudiants évalués sur un nombre limité de compétences montrent une progression irrégulière."
590,global,,Évolution dans le temps,evolution_trend,Comment évoluent les transitions entre compétences pour les étudiants ayant un usage irrégulier de la plateforme ?,"SELECT COUNT(transition_id) AS transitions_count, AVG(time_spent_between_competences) AS avg_transition_time, time_period FROM fact_evaluation_results WHERE connection_frequency='irrégulière' GROUP BY time_period ORDER BY time_period;","Les transitions sont plus espacées et irrégulières chez les étudiants avec usage irrégulier. Les pics d’activité se concentrent avant les échéances, montrant un effort ponctuel mais limité."
591,global,,Évolution dans le temps,evolution_trend,Comment évoluent les scores des étudiants évalués sur 9 compétences par rapport à ceux évalués sur 14 ?,"SELECT AVG(total_score) AS avg_score, evaluated_count, time_period FROM fact_evaluation_results GROUP BY evaluated_count, time_period ORDER BY time_period;","Les étudiants évalués sur 14 compétences progressent régulièrement, tandis que ceux sur 9 compétences ont des variations plus marquées et des pics d’activité irréguliers."
592,global,,Évolution dans le temps,evolution_trend,Quelle est l’évolution de la validation des compétences 7 et 8 chez les étudiants qui abandonnent certaines questions ?,"SELECT AVG(score_comp7 + score_comp8) AS avg_score, AVG(abandoned_questions) AS avg_abandoned, time_period FROM fact_evaluation_results GROUP BY time_period ORDER BY time_period;","Les étudiants abandonnant des questions montrent des stagnations sur les compétences difficiles, avec des progrès ponctuels juste avant les échéances."
593,global,,Évolution dans le temps,evolution_trend,"Comment évoluent les scores selon le profil sociodémographique : bacheliers français, étrangers ou maternelle ?","SELECT AVG(total_score) AS avg_score, sociodemographic_profile, time_period FROM fact_evaluation_results GROUP BY sociodemographic_profile, time_period ORDER BY time_period;",Les bacheliers français progressent plus régulièrement. Les profils étrangers et maternelle présentent des pics irréguliers et stagnent parfois sur les compétences complexes.
594,global,,Évolution dans le temps,evolution_trend,Quelle est l’évolution des scores totaux en fonction du temps passé sur chaque activité ?,"SELECT AVG(total_score) AS avg_score, AVG(time_spent_per_activity) AS avg_time, time_period FROM fact_evaluation_results GROUP BY time_period ORDER BY time_period;","Un temps passé plus important par activité favorise la progression, surtout sur les compétences difficiles. Les étudiants rapides montrent des stagnations et abandons plus fréquents."
595,global,,Évolution dans le temps,evolution_trend,Comment évoluent les scores des étudiants selon leur usage régulier ou ponctuel de la plateforme ?,"SELECT AVG(total_score) AS avg_score, usage_type, time_period FROM fact_evaluation_results GROUP BY usage_type, time_period ORDER BY time_period;",Les étudiants avec usage régulier progressent plus vite et valident davantage de compétences. Les usages ponctuels provoquent des progrès irréguliers et plus d’abandons.
596,global,,Évolution dans le temps,evolution_trend,Quelle est l’évolution des compétences 1 à 4 chez les étudiants commençant leurs activités tardivement ?,"SELECT AVG(score_comp1 + score_comp2 + score_comp3 + score_comp4) AS avg_score, time_period FROM fact_evaluation_results WHERE start_time_late=TRUE GROUP BY time_period ORDER BY time_period;","Le démarrage tardif freine la progression initiale. Les étudiants persévérants montrent des progrès avant les échéances, mais la régularité reste limitée."
597,global,,Évolution dans le temps,evolution_trend,Comment évoluent les transitions entre compétences 7 et 8 selon le temps moyen passé par activité ?,"SELECT COUNT(transition_id) AS transitions_count, AVG(time_spent_per_activity) AS avg_time, time_period FROM fact_evaluation_results GROUP BY time_period ORDER BY time_period;","Un temps plus long par activité favorise la validation des compétences difficiles et des transitions régulières, tandis qu’un temps court entraîne stagnation et abandons."
598,global,,Évolution dans le temps,evolution_trend,Quelle est l’évolution des scores pour les étudiants utilisant majoritairement les vidéos versus les lectures ?,"SELECT AVG(total_score) AS avg_score, dominant_content_type, time_period FROM fact_evaluation_results GROUP BY dominant_content_type, time_period ORDER BY time_period;","Les vidéos favorisent une progression rapide et régulière. Les lectures seules conduisent à des progrès plus lents, surtout sur les compétences difficiles."
599,global,,Évolution dans le temps,evolution_trend,Comment évoluent les scores totaux selon le nombre de compétences évaluées et validées par période ?,"SELECT SUM(score_total) AS total_score, COUNT(competence_id) AS evaluated_count, COUNT(validated_competence_id) AS validated_count, time_period FROM fact_evaluation_results GROUP BY time_period ORDER BY time_period;",Les étudiants évalués sur un grand nombre de compétences et validant davantage progressent régulièrement. Les évaluations limitées montrent des progrès irréguliers et plus d’abandons.
600,global,,Évolution dans le temps,evolution_trend,Quelle est l’évolution des transitions entre compétences pour les étudiants avec usage irrégulier ?,"SELECT COUNT(transition_id) AS transitions_count, AVG(time_spent_between_competences) AS avg_transition_time, time_period FROM fact_evaluation_results WHERE connection_frequency='irrégulière' GROUP BY time_period ORDER BY time_period;","Les transitions sont espacées et irrégulières, avec des pics avant échéances. L’effort ponctuel permet quelques validations mais la régularité et la progression globale restent limitées."
601,global,,Analyse comparative,group_comparison,Quelle différence de score total (sur 224) observe-t-on entre les étudiants certifiés et non certifiés ?,"SELECT AVG(total_score) AS avg_score, certification_status FROM fact_evaluation_results GROUP BY certification_status;",Les étudiants certifiés obtiennent un score moyen nettement supérieur. Ils valident plus de compétences dès les premières tentatives et montrent un engagement régulier.
602,global,,Analyse causale,causal_factor_analysis,Pourquoi certains étudiants engagés obtiennent-ils malgré tout un score faible ?,"SELECT total_score, time_spent, error_rate, abandoned_questions FROM fact_evaluation_results WHERE engagement_level='élevé';",Un engagement élevé ne garantit pas la réussite lorsque le taux d’erreur reste important et que les compétences 7 et 8 ne sont pas maîtrisées.
603,global,,Engagement & comportement,engagement_metrics,Comment le nombre de tentatives influence-t-il la validation des compétences difficiles ?,"SELECT AVG(score_comp7 + score_comp8) AS avg_difficult_score, AVG(attempts_count) AS avg_attempts FROM fact_evaluation_results;","Les étudiants qui multiplient les tentatives progressent davantage sur les compétences difficiles, signe de persévérance et d’engagement actif."
604,global,,Profil & segmentation,sociodemographic_segmentation,Quels profils sociodémographiques obtiennent les scores les plus élevés ?,"SELECT sociodemographic_profile, AVG(total_score) AS avg_score FROM fact_evaluation_results GROUP BY sociodemographic_profile;","Les étudiants avec bac français obtiennent des scores plus élevés en moyenne, tandis que les profils étrangers montrent une progression plus lente sur les compétences grammaticales."
605,global,,Difficultés & obstacles,difficulty_detection,Quelles compétences provoquent le plus d’abandons sans réponse ?,"SELECT competence_id, SUM(abandoned_questions) AS total_abandoned FROM fact_evaluation_results GROUP BY competence_id;","Les compétences 7 et 8 génèrent le plus d’abandons, indiquant un seuil de difficulté élevé et un besoin d’accompagnement ciblé."
606,global,,Analyse causale,impact_analysis,Quel est l’impact du temps de démarrage tardif des activités sur le score final ?,"SELECT AVG(total_score) AS avg_score, start_time_late FROM fact_evaluation_results GROUP BY start_time_late;","Les étudiants commençant tardivement obtiennent des scores plus faibles, même lorsqu’ils intensifient leur effort en fin de parcours."
607,global,,Engagement & comportement,behavioral_analysis,Comment la régularité des connexions influence-t-elle la réussite globale ?,"SELECT AVG(total_score) AS avg_score, connection_regular FROM fact_evaluation_results GROUP BY connection_regular;",Une connexion régulière est fortement associée à une meilleure réussite et à une validation progressive des compétences.
608,global,,Analyse comparative,performance_comparison,Les étudiants évalués sur 4 compétences réussissent-ils moins que ceux évalués sur 14 ?,"SELECT evaluated_competence_count, AVG(total_score) AS avg_score FROM fact_evaluation_results GROUP BY evaluated_competence_count;",Moins de compétences évaluées réduit les chances de certification et limite la montée en compétence globale.
609,global,,Parcours & complétion,completion_analysis,Quel est le lien entre taux de complétion des activités et score total ?,"SELECT AVG(total_score) AS avg_score, completion_rate FROM fact_evaluation_results GROUP BY completion_rate;","Un taux de complétion élevé est un indicateur fort d’engagement et de réussite, en particulier pour les compétences structurantes."
610,global,,Analyse causale,success_factor_analysis,Quels facteurs expliquent la réussite des étudiants atteignant plus de 180 points sur 224 ?,"SELECT time_spent, attempts_count, competencies_validated FROM fact_evaluation_results WHERE total_score > 180;","Les étudiants performants combinent temps d’activité élevé, nombreuses tentatives et validation continue des compétences."
611,global,,Analyse descriptive & statistique,aggregate_scores,Quelle est la moyenne du score global sur 224 pour les étudiants évalués sur plus de 9 compétences ?,SELECT AVG(total_score) AS avg_score FROM fact_evaluation_results WHERE evaluated_competence_count > 9;,"Les étudiants évalués sur un nombre élevé de compétences montrent un travail plus complet et une meilleure couverture des savoirs, traduisant un engagement structuré."
612,global,,Analyse comparative,group_performance,Comment se comparent les scores des étudiants francophones et non francophones ?,"SELECT mother_tongue, AVG(total_score) AS avg_score FROM fact_evaluation_results GROUP BY mother_tongue;","Les étudiants non francophones présentent davantage de difficultés sur les compétences grammaticales, malgré un engagement parfois élevé."
613,global,,Difficultés & obstacles,challenge_difficulty,Quelles compétences présentent les taux d’échec les plus élevés aux niveaux 7 et 8 ?,"SELECT competence_id, AVG(error_rate) AS avg_error FROM fact_evaluation_results WHERE competence_level IN (7,8) GROUP BY competence_id;","Les compétences de conjugaison et de construction de phrases restent des points de blocage persistants, même chez les apprenants engagés."
614,global,,Engagement & comportement,time_spent_analysis,Le temps passé sur la plateforme est-il associé à une meilleure validation des compétences ?,"SELECT AVG(competencies_validated) AS avg_validated, time_spent_category FROM fact_evaluation_results GROUP BY time_spent_category;","Un temps passé élevé reflète un apprentissage approfondi, mais sans stratégie efficace il peut conduire à une forte activité sans amélioration."
615,global,,Analyse causale,causal_analysis,Pourquoi certains étudiants abandonnent-ils malgré un score intermédiaire ?,"SELECT total_score, abandoned_questions, time_spent FROM fact_evaluation_results WHERE total_score BETWEEN 90 AND 140;",Les abandons sont souvent liés à une fatigue cognitive et à des difficultés persistantes sur des compétences clés.
616,global,,Parcours & complétion,learning_path,Quels parcours d’apprentissage mènent le plus souvent à la certification ?,"SELECT learning_path_type, AVG(total_score) AS avg_score FROM fact_evaluation_results GROUP BY learning_path_type;",Les parcours progressifs et réguliers favorisent la persévérance et la montée en compétence continue.
617,global,,Analyse temporelle,evolution_trend,Comment évolue le score global entre le début et la fin du parcours ?,"SELECT period, AVG(total_score) AS avg_score FROM fact_evaluation_results GROUP BY period;","Une progression régulière est observée chez les apprenants engagés, tandis que les profils hésitants stagnent."
618,global,,Engagement & comportement,activity_level,Quel est l’impact d’une activité concentrée juste avant les échéances ?,"SELECT AVG(total_score) AS avg_score, last_minute_activity FROM fact_evaluation_results GROUP BY last_minute_activity;",Un effort concentré avant les échéances améliore partiellement les scores mais reste moins efficace qu’un travail régulier.
619,global,,Profil & segmentation,user_profile_analysis,Quels profils d’apprenants atteignent les scores les plus élevés ?,"SELECT learner_profile, AVG(total_score) AS avg_score FROM fact_evaluation_results GROUP BY learner_profile;","Les profils persévérants et stratégiques atteignent les scores les plus élevés, avec une meilleure gestion de l’effort."
620,global,,Analyse causale,impact_assessment,Quel est l’impact pédagogique de la validation précoce des compétences fondamentales ?,SELECT AVG(total_score) AS avg_score FROM fact_evaluation_results WHERE early_core_competence_validated = TRUE;,La validation précoce des compétences structurantes facilite la progression ultérieure et réduit les abandons.
621,global,,Analyse descriptive & statistique,distribution_analysis,Comment se répartissent les scores globaux sur 224 selon le nombre de compétences évaluées ?,"SELECT evaluated_competence_count, AVG(total_score) AS avg_score FROM fact_evaluation_results GROUP BY evaluated_competence_count;","Plus le nombre de compétences évaluées est élevé, plus les scores globaux augmentent, traduisant un engagement large et une meilleure préparation."
622,global,,Difficultés & obstacles,difficulty_identification,Quelles compétences génèrent le plus de questions abandonnées sans réponse ?,"SELECT competence_id, SUM(abandoned_questions) AS total_abandoned FROM fact_evaluation_results GROUP BY competence_id;",Les abandons fréquents sur certaines compétences révèlent des difficultés de compréhension et un décrochage progressif.
623,global,,Engagement & comportement,engagement_measure,Quel lien existe-t-il entre le nombre de tentatives et la réussite globale ?,"SELECT AVG(total_score) AS avg_score, attempts_count FROM fact_evaluation_results GROUP BY attempts_count;","Les étudiants persévérants multiplient les tentatives et améliorent leurs scores, contrairement aux profils passifs mais stratégiques."
624,global,,Analyse comparative,compare_scores,Comment se comparent les scores des compétences grammaticales et lexicales ?,"SELECT competence_type, AVG(score) AS avg_score FROM fact_evaluation_results GROUP BY competence_type;",Les compétences grammaticales ont un impact plus structurant sur le score global que les compétences d’expression.
625,global,,Analyse temporelle,comparison_over_time,Quelle est la différence de performance avant et après une phase d’usage intensif de la plateforme ?,"SELECT phase, AVG(total_score) AS avg_score FROM fact_evaluation_results GROUP BY phase;","Un usage intensif et régulier entraîne une amélioration nette, surtout chez les apprenants engagés."
626,global,,Profil & segmentation,group_performance,Les étudiants issus de filières littéraires obtiennent-ils de meilleurs scores que les autres ?,"SELECT academic_background, AVG(total_score) AS avg_score FROM fact_evaluation_results GROUP BY academic_background;","Les profils littéraires montrent une meilleure maîtrise initiale, mais l’écart se réduit avec un entraînement régulier."
627,global,,Engagement & comportement,activity_level,Quel est l’impact de connexions régulières sur la validation des compétences ?,"SELECT AVG(competencies_validated) AS avg_validated, connection_frequency FROM fact_evaluation_results GROUP BY connection_frequency;",Les connexions régulières favorisent un apprentissage progressif et limitent les lacunes persistantes.
628,global,,Analyse causale,motivation_analysis,Pourquoi certains étudiants très actifs n’améliorent-ils pas leur score ?,"SELECT total_score, activity_level, error_rate FROM fact_evaluation_results WHERE activity_level = 'high';",Une forte activité sans amélioration traduit souvent un apprentissage mal ciblé et des difficultés de compréhension.
629,global,,Parcours & complétion,completion_rate,Quel est le taux de complétion des parcours selon le niveau de score atteint ?,"SELECT completion_status, AVG(total_score) AS avg_score FROM fact_evaluation_results GROUP BY completion_status;",Les parcours complétés sont associés à des scores plus élevés et à une meilleure organisation de l’effort.
630,global,,Analyse descriptive & statistique,performance_evaluation,Quel est le niveau global de performance des apprenants évalués sur 14 compétences ?,SELECT AVG(total_score) AS avg_score FROM fact_evaluation_results WHERE evaluated_competence_count = 14;,Une évaluation complète sur 14 compétences permet une mesure fiable de la performance globale et met en évidence les profils surperformants.
631,global,,Analyse causale,causal_analysis,Quels facteurs expliquent l’écart de score entre les étudiants certifiés et non certifiés ?,"SELECT certification_status, AVG(total_score) AS avg_score, AVG(attempts_count) AS avg_attempts FROM fact_evaluation_results GROUP BY certification_status;","Les étudiants certifiés sont plus persévérants, réalisent davantage de tentatives et montrent un engagement régulier, traduisant un apprentissage bien entraîné."
632,global,,Engagement & comportement,user_retention,Quel est le lien entre persévérance et réussite globale sur 224 points ?,"SELECT AVG(total_score) AS avg_score, persistence_level FROM fact_evaluation_results GROUP BY persistence_level;",La persévérance est un facteur clé : les apprenants persévérants progressent régulièrement tandis que les profils en abandon précoce stagnent.
633,global,,Analyse comparative,compare_scores,Comment se comparent les scores des compétences fondamentales et avancées ?,"SELECT competence_category, AVG(score) AS avg_score FROM fact_evaluation_results GROUP BY competence_category;","Les compétences fondamentales sont mieux maîtrisées, tandis que les compétences avancées (niveaux 7–8) révèlent des difficultés persistantes."
634,global,,Analyse temporelle,temporal_comparison,Existe-t-il une différence de performance entre les périodes de début et de fin de parcours ?,"SELECT time_period, AVG(total_score) AS avg_score FROM fact_evaluation_results GROUP BY time_period;","Les scores augmentent en fin de parcours chez les apprenants engagés, tandis que les profils irréguliers montrent une progression limitée."
635,global,,Difficultés & obstacles,difficulty_identification,Quelles compétences sont associées aux taux d’erreurs les plus élevés ?,"SELECT competence_id, AVG(error_rate) AS avg_error_rate FROM fact_evaluation_results GROUP BY competence_id;","Des taux d’erreurs élevés signalent des lacunes persistantes, notamment en conjugaison et organisation des phrases."
636,global,,Profil & segmentation,user_profile_analysis,Quels profils sociodémographiques obtiennent les meilleurs scores globaux ?,"SELECT education_level, AVG(total_score) AS avg_score FROM fact_evaluation_results GROUP BY education_level;","Les apprenants ayant un niveau d’études plus avancé bénéficient d’une meilleure base, mais l’engagement reste déterminant."
637,global,,Engagement & comportement,activity_level,Comment l’intensité d’activité influence-t-elle la validation des compétences ?,"SELECT activity_intensity, AVG(competencies_validated) AS avg_validated FROM fact_evaluation_results GROUP BY activity_intensity;",Une activité modérée mais régulière est plus efficace qu’une forte activité sans amélioration.
638,global,,Parcours & complétion,completion_rate,Quel est l’impact de l’abandon partiel sur le score total ?,"SELECT abandonment_level, AVG(total_score) AS avg_score FROM fact_evaluation_results GROUP BY abandonment_level;",Les abandons partiels entraînent une baisse significative du score total et révèlent une organisation de l’effort irrégulière.
639,global,,Analyse descriptive & statistique,statistical_summary,Quel est le résumé statistique des scores globaux des apprenants ?,"SELECT MIN(total_score) AS min_score, MAX(total_score) AS max_score, AVG(total_score) AS avg_score FROM fact_evaluation_results;","La dispersion des scores met en évidence une forte hétérogénéité des profils, liée à des stratégies d’apprentissage variées."
640,global,,Analyse causale,impact_assessment,Quel est l’impact de la régularité de travail sur la réussite finale ?,"SELECT work_regularity, AVG(total_score) AS avg_score FROM fact_evaluation_results GROUP BY work_regularity;",Un travail régulier favorise une progression continue et réduit les difficultés de compréhension à long terme.
641,global,,Analyse comparative,group_performance,"Comment se comparent les scores globaux des étudiants évalués sur 4, 7 et 14 compétences ?","SELECT evaluated_competence_count, AVG(total_score) AS avg_score FROM fact_evaluation_results WHERE evaluated_competence_count IN (4,7,14) GROUP BY evaluated_competence_count;","Les étudiants évalués sur davantage de compétences présentent une meilleure robustesse des acquis, traduisant un apprentissage plus structuré et persévérant."
642,global,,Difficultés & obstacles,challenge_difficulty,Quelles compétences de niveau 8 sont les plus difficiles à valider ?,"SELECT competence_id, AVG(validation_rate) AS avg_validation FROM fact_evaluation_results WHERE competence_level = 8 GROUP BY competence_id;","Les compétences de niveau 8 montrent des lacunes persistantes, en particulier chez les apprenants actifs mais inefficaces."
643,global,,Engagement & comportement,time_spent_analysis,Le temps passé excessif est-il toujours synonyme de réussite ?,"SELECT time_spent_category, AVG(total_score) AS avg_score FROM fact_evaluation_results GROUP BY time_spent_category;",Un temps passé très élevé sans progression indique souvent une forte activité sans amélioration et un manque de stratégie.
644,global,,Analyse causale,motivation_analysis,Pourquoi certains étudiants commencent tardivement les activités mais réussissent malgré tout ?,"SELECT late_start_flag, AVG(total_score) AS avg_score FROM fact_evaluation_results GROUP BY late_start_flag;",Les profils passifs mais stratégiques compensent un démarrage tardif par un effort concentré avant les échéances.
645,global,,Analyse temporelle,evolution_trend,Comment évolue le taux d’erreurs au fil du parcours d’apprentissage ?,"SELECT time_period, AVG(error_rate) AS avg_error_rate FROM fact_evaluation_results GROUP BY time_period;",Une baisse progressive du taux d’erreurs reflète un apprentissage bien entraîné et une meilleure maîtrise des compétences.
646,global,,Profil & segmentation,group_performance,Existe-t-il des différences de performance selon la langue maternelle des apprenants ?,"SELECT mother_tongue, AVG(total_score) AS avg_score FROM fact_evaluation_results GROUP BY mother_tongue;","Les apprenants non francophones présentent plus de difficultés de compréhension, mais un engagement élevé réduit l’écart."
647,global,,Engagement & comportement,engagement_measure,Quel est l’impact de la fréquence de connexion sur la réussite globale ?,"SELECT connection_frequency, AVG(total_score) AS avg_score FROM fact_evaluation_results GROUP BY connection_frequency;",Une connexion régulière favorise un travail régulier et limite les abandons progressifs.
648,global,,Parcours & complétion,learning_path,Quels types de parcours sont associés à une stagnation des scores ?,"SELECT learning_path_type, AVG(total_score) AS avg_score FROM fact_evaluation_results GROUP BY learning_path_type;",Les parcours désorganisés conduisent à une progression irrégulière et à des lacunes persistantes.
649,global,,Analyse descriptive & statistique,error_rate_analysis,Quel est le taux d’erreurs moyen selon le niveau de compétence évalué ?,"SELECT competence_level, AVG(error_rate) AS avg_error_rate FROM fact_evaluation_results GROUP BY competence_level;","Les niveaux élevés présentent des taux d’erreurs plus importants, révélant des difficultés cognitives accrues."
650,global,,Analyse causale,impact_assessment,Quel est l’impact de l’abandon de questions sans réponse sur la performance finale ?,"SELECT AVG(total_score) AS avg_score, abandoned_questions FROM fact_evaluation_results GROUP BY abandoned_questions;",Les abandons répétés traduisent un décrochage cognitif et une baisse significative de la performance globale.
631,global,,Analyse causale,causal_analysis,Quels facteurs expliquent l’écart de score entre les étudiants certifiés et non certifiés ?,"SELECT certification_status, AVG(total_score) AS avg_score, AVG(attempts_count) AS avg_attempts FROM fact_evaluation_results GROUP BY certification_status;","Les étudiants certifiés sont plus persévérants, réalisent davantage de tentatives et montrent un engagement régulier, traduisant un apprentissage bien entraîné."
632,global,,Engagement & comportement,user_retention,Quel est le lien entre persévérance et réussite globale sur 224 points ?,"SELECT AVG(total_score) AS avg_score, persistence_level FROM fact_evaluation_results GROUP BY persistence_level;",La persévérance est un facteur clé : les apprenants persévérants progressent régulièrement tandis que les profils en abandon précoce stagnent.
633,global,,Analyse comparative,compare_scores,Comment se comparent les scores des compétences fondamentales et avancées ?,"SELECT competence_category, AVG(score) AS avg_score FROM fact_evaluation_results GROUP BY competence_category;","Les compétences fondamentales sont mieux maîtrisées, tandis que les compétences avancées (niveaux 7–8) révèlent des difficultés persistantes."
634,global,,Analyse temporelle,temporal_comparison,Existe-t-il une différence de performance entre les périodes de début et de fin de parcours ?,"SELECT time_period, AVG(total_score) AS avg_score FROM fact_evaluation_results GROUP BY time_period;","Les scores augmentent en fin de parcours chez les apprenants engagés, tandis que les profils irréguliers montrent une progression limitée."
635,global,,Difficultés & obstacles,difficulty_identification,Quelles compétences sont associées aux taux d’erreurs les plus élevés ?,"SELECT competence_id, AVG(error_rate) AS avg_error_rate FROM fact_evaluation_results GROUP BY competence_id;","Des taux d’erreurs élevés signalent des lacunes persistantes, notamment en conjugaison et organisation des phrases."
636,global,,Profil & segmentation,user_profile_analysis,Quels profils sociodémographiques obtiennent les meilleurs scores globaux ?,"SELECT education_level, AVG(total_score) AS avg_score FROM fact_evaluation_results GROUP BY education_level;","Les apprenants ayant un niveau d’études plus avancé bénéficient d’une meilleure base, mais l’engagement reste déterminant."
637,global,,Engagement & comportement,activity_level,Comment l’intensité d’activité influence-t-elle la validation des compétences ?,"SELECT activity_intensity, AVG(competencies_validated) AS avg_validated FROM fact_evaluation_results GROUP BY activity_intensity;",Une activité modérée mais régulière est plus efficace qu’une forte activité sans amélioration.
638,global,,Parcours & complétion,completion_rate,Quel est l’impact de l’abandon partiel sur le score total ?,"SELECT abandonment_level, AVG(total_score) AS avg_score FROM fact_evaluation_results GROUP BY abandonment_level;",Les abandons partiels entraînent une baisse significative du score total et révèlent une organisation de l’effort irrégulière.
639,global,,Analyse descriptive & statistique,statistical_summary,Quel est le résumé statistique des scores globaux des apprenants ?,"SELECT MIN(total_score) AS min_score, MAX(total_score) AS max_score, AVG(total_score) AS avg_score FROM fact_evaluation_results;","La dispersion des scores met en évidence une forte hétérogénéité des profils, liée à des stratégies d’apprentissage variées."
640,global,,Analyse causale,impact_assessment,Quel est l’impact de la régularité de travail sur la réussite finale ?,"SELECT work_regularity, AVG(total_score) AS avg_score FROM fact_evaluation_results GROUP BY work_regularity;",Un travail régulier favorise une progression continue et réduit les difficultés de compréhension à long terme.
661,global,,Analyse comparative,group_performance,Comment se comparent les scores globaux des apprenants engagés et peu engagés ?,"SELECT engagement_level, AVG(total_score) AS avg_score FROM fact_evaluation_results GROUP BY engagement_level;","Les apprenants engagés présentent un travail régulier et une meilleure gestion de l’effort, tandis que les profils peu engagés montrent des lacunes persistantes."
662,global,,Engagement & comportement,activity_level,Quel est l’effet d’une activité irrégulière sur la performance finale ?,"SELECT activity_pattern, AVG(total_score) AS avg_score FROM fact_evaluation_results GROUP BY activity_pattern;",Une activité irrégulière est associée à une progression instable et à des difficultés de compréhension durables.
663,global,,Analyse temporelle,comparison_over_time,Comment les scores évoluent-ils avant et après la première validation de compétences clés ?,"SELECT phase, AVG(total_score) AS avg_score FROM fact_evaluation_results WHERE key_competence_validated = TRUE GROUP BY phase;",La validation initiale des compétences structurantes agit comme un levier de confiance et améliore la performance globale.
664,global,,Difficultés & obstacles,challenge_difficulty,Quelles compétences de niveau 7 présentent les taux de blocage les plus élevés ?,"SELECT competence_id, AVG(blocking_rate) AS avg_blocking FROM fact_evaluation_results WHERE competence_level = 7 GROUP BY competence_id;","Les compétences de transition vers les niveaux avancés génèrent des blocages fréquents, révélant des besoins d’accompagnement ciblé."
665,global,,Analyse causale,motivation_analysis,Pourquoi certains apprenants abandonnent après plusieurs tentatives infructueuses ?,"SELECT attempts_count, AVG(total_score) AS avg_score FROM fact_evaluation_results WHERE abandoned_flag = TRUE GROUP BY attempts_count;","Un cumul de tentatives sans amélioration renforce la démotivation et conduit à l’abandon, malgré une activité initiale élevée."
666,global,,Profil & segmentation,user_profile_analysis,Quels profils linguistiques réussissent le mieux les compétences d’expression écrite ?,"SELECT mother_tongue, AVG(expression_score) AS avg_score FROM fact_evaluation_results GROUP BY mother_tongue;","Les apprenants dont la langue maternelle est proche du français montrent une meilleure maîtrise, mais l’entraînement réduit les écarts."
667,global,,Parcours & complétion,learning_path,Quels parcours sont associés à une montée en compétence progressive sans régression ?,"SELECT learning_path_type, AVG(progress_rate) AS avg_progress FROM fact_evaluation_results GROUP BY learning_path_type;",Les parcours structurés favorisent une progression continue et limitent les transitions négatives.
668,global,,Engagement & comportement,time_spent_analysis,Quelle durée moyenne est nécessaire pour passer d’un niveau de compétence à un autre ?,"SELECT competence_transition, AVG(time_spent) AS avg_time FROM fact_evaluation_results GROUP BY competence_transition;","Les transitions rapides sont observées chez les apprenants bien entraînés, tandis que les profils en difficulté stagnent plus longtemps."
669,global,,Analyse descriptive & statistique,error_rate_analysis,Comment évolue le taux d’erreurs selon le nombre de tentatives réalisées ?,"SELECT attempts_count, AVG(error_rate) AS avg_error FROM fact_evaluation_results GROUP BY attempts_count;","Une diminution du taux d’erreurs avec les tentatives traduit un apprentissage progressif, contrairement aux profils actifs mais inefficaces."
670,global,,Analyse causale,impact_assessment,Quel est l’impact de la personnalisation du parcours sur la réussite globale ?,"SELECT personalized_path, AVG(total_score) AS avg_score FROM fact_evaluation_results GROUP BY personalized_path;","La personnalisation du parcours améliore l’engagement, réduit les abandons et favorise une meilleure performance finale."
671,global,,Analyse comparative,group_performance,Existe-t-il une différence de performance entre les apprenants évalués uniquement sur des compétences fondamentales et ceux évalués sur des compétences avancées ?,"SELECT competence_scope, AVG(total_score) AS avg_score FROM fact_evaluation_results GROUP BY competence_scope;","Les apprenants évalués sur des compétences avancées présentent des scores globaux plus variables, révélant des difficultés accrues mais aussi des profils surperformants très engagés."
672,global,,Difficultés & obstacles,difficulty_identification,Quelles compétences sont associées aux durées d’activité les plus longues sans validation ?,"SELECT competence_id, AVG(time_spent) AS avg_time FROM fact_evaluation_results WHERE validated = FALSE GROUP BY competence_id;",Des durées élevées sans validation traduisent souvent des difficultés de compréhension et une persistance inefficace.
673,global,,Engagement & comportement,engagement_measure,Quel est le lien entre l’engagement continu et la progression du score total sur 224 points ?,"SELECT engagement_pattern, AVG(score_progression) AS avg_progress FROM fact_evaluation_results GROUP BY engagement_pattern;","Un engagement continu favorise une progression régulière, tandis qu’un engagement intermittent conduit à des gains limités."
674,global,,Analyse temporelle,evolution_trend,Comment évoluent les scores des apprenants après un premier échec significatif ?,"SELECT post_failure_phase, AVG(total_score) AS avg_score FROM fact_evaluation_results GROUP BY post_failure_phase;","Les apprenants persévérants surmontent l’échec initial et améliorent leurs performances, contrairement aux profils en abandon rapide."
675,global,,Analyse causale,motivation_analysis,Pourquoi certains apprenants avec peu de connexions obtiennent-ils néanmoins des scores élevés ?,"SELECT connection_frequency, AVG(total_score) AS avg_score FROM fact_evaluation_results GROUP BY connection_frequency;",Ces profils passifs mais stratégiques optimisent leur effort en ciblant les compétences clés et les moments opportuns.
676,global,,Profil & segmentation,user_profile_analysis,Quels profils d’apprenants combinent un haut score global et un faible taux d’erreurs ?,"SELECT learner_profile, AVG(total_score) AS avg_score, AVG(error_rate) AS avg_error FROM fact_evaluation_results GROUP BY learner_profile;",Les profils bien entraînés et très engagés montrent une maîtrise stable avec peu d’erreurs et une progression continue.
677,global,,Parcours & complétion,completion_rate,Le taux de complétion varie-t-il selon la difficulté moyenne des compétences évaluées ?,"SELECT avg_competence_level, COUNT(*) AS completed_count FROM fact_evaluation_results WHERE completed = TRUE GROUP BY avg_competence_level;","Une difficulté moyenne trop élevée augmente le risque d’abandon, surtout chez les profils peu accompagnés."
678,global,,Engagement & comportement,activity_level,Quel est l’impact d’une reprise d’activité après une période d’inactivité sur la performance ?,"SELECT reactivation_flag, AVG(total_score) AS avg_score FROM fact_evaluation_results GROUP BY reactivation_flag;","La reprise d’activité est bénéfique chez les apprenants engagés, mais reste limitée si les lacunes persistantes ne sont pas traitées."
679,global,,Analyse descriptive & statistique,distribution_analysis,Comment se distribuent les scores des apprenants évalués sur exactement 7 compétences ?,SELECT total_score FROM fact_evaluation_results WHERE evaluated_competence_count = 7;,"La distribution montre une forte hétérogénéité, révélant des stratégies d’apprentissage très contrastées."
680,global,,Analyse causale,impact_assessment,Quel est l’impact de la difficulté perçue des compétences sur l’engagement global ?,"SELECT perceived_difficulty, AVG(engagement_level) AS avg_engagement FROM fact_evaluation_results GROUP BY perceived_difficulty;","Une difficulté perçue trop élevée peut réduire l’engagement, sauf chez les apprenants très engagés et persévérants."
681,global,,Analyse causale,success_factors,Pourquoi certains apprenants atteignent-ils un score élevé (≥180/224) malgré des niveaux 7 et 8 jugés difficiles ?,"SELECT learner_id, total_score, advanced_level_score FROM fact_evaluation_results WHERE total_score >= 180;","Ces apprenants engagés compensent la difficulté des niveaux 7 et 8 par une forte persévérance, davantage de tentatives et une meilleure gestion du temps."
682,global,,Difficultés & obstacles,advanced_level_difficulty,Quelles compétences de niveau 8 génèrent le plus fort taux d’abandon sans réponse ?,"SELECT competence_id, COUNT(*) AS abandoned FROM fact_evaluation_results WHERE level = 8 AND abandoned = TRUE GROUP BY competence_id;",Les compétences avancées liées à la construction syntaxique complexe et au point de vue entraînent davantage d’abandons.
683,global,,Engagement & comportement,time_management,Comment le temps passé sur les compétences de niveau 7 influence-t-il la réussite globale ?,"SELECT AVG(time_spent) AS avg_time, AVG(total_score) AS avg_score FROM fact_evaluation_results WHERE level = 7;","Un temps modéré mais régulier est associé à de meilleurs scores, tandis qu’un temps excessif traduit souvent un blocage."
684,global,,Profil & segmentation,sociodemographic_analysis,"Existe-t-il des différences de performance selon le type de baccalauréat (scientifique, littéraire, technique) ?","SELECT bac_type, AVG(total_score) AS avg_score FROM fact_evaluation_results GROUP BY bac_type;","Les apprenants issus de filières littéraires obtiennent de meilleurs scores en compétences rédactionnelles, tandis que les autres profils montrent plus de disparités."
685,global,,Profil & segmentation,language_background,"L’impact de la langue maternelle (français, arabe, autre) influence-t-il la validation des compétences avancées ?","SELECT mother_tongue, AVG(advanced_validated_count) AS avg_validated FROM fact_evaluation_results GROUP BY mother_tongue;",Les apprenants dont le français est langue maternelle valident plus facilement les compétences de niveaux 7 et 8.
686,global,,Analyse comparative,certification_comparison,Quelle différence de score observe-t-on entre apprenants certifiés et non certifiés à l’évaluation écri+ ?,"SELECT certified, AVG(total_score) AS avg_score FROM fact_evaluation_results GROUP BY certified;","Les certifiés présentent des scores nettement supérieurs, confirmant la forte corrélation entre évaluation et certification."
687,global,,Analyse temporelle,before_after_analysis,Comment évoluent les performances entre le premier test et le test final pour les apprenants engagés ?,"SELECT phase, AVG(total_score) AS avg_score FROM fact_evaluation_results WHERE engagement_level = 'high' GROUP BY phase;",Les apprenants engagés montrent une amélioration significative entre les phases initiale et finale.
688,global,,Parcours & complétion,dropout_analysis,À quel stade du parcours les abandons sont-ils les plus fréquents ?,"SELECT course_stage, COUNT(*) AS abandon_count FROM fact_evaluation_results WHERE abandoned = TRUE GROUP BY course_stage;","Les abandons surviennent majoritairement au milieu du parcours, souvent lors de la confrontation aux compétences avancées."
689,global,,Analyse causale,error_impact,Quel est l’impact d’un taux d’erreur élevé sur la progression des compétences ?,"SELECT error_rate_group, AVG(score_progression) AS avg_progress FROM fact_evaluation_results GROUP BY error_rate_group;","Un taux d’erreur élevé freine la progression, sauf chez les apprenants engagés qui corrigent activement leurs erreurs."
690,global,,Profil & segmentation,learner_typology,Quels profils d’apprenants réussissent le mieux les compétences de niveau 8 ?,"SELECT learner_profile, AVG(level8_score) AS avg_score FROM fact_evaluation_results GROUP BY learner_profile;",Les profils engagés et stratégiques réussissent mieux les niveaux 8 grâce à une meilleure anticipation et organisation.
691,global,,Analyse causale,causal_analysis,Pourquoi certains apprenants très actifs obtiennent-ils des scores faibles malgré un temps passé élevé sur la plateforme ?,"SELECT AVG(time_spent) AS avg_time, AVG(total_score) AS avg_score FROM fact_evaluation_results WHERE activity_level = 'high' AND total_score < 120;","Ces apprenants sont actifs mais inefficaces : ils multiplient les connexions et tentatives sans stratégie claire, montrant une forte activité sans amélioration et des difficultés de compréhension persistantes."
692,global,,Engagement & comportement,activity_level,Comment la régularité des connexions influence-t-elle la validation des compétences ?,"SELECT connection_regularity, AVG(validated_competence_count) FROM fact_evaluation_results GROUP BY connection_regularity;","Un travail régulier est associé à un plus grand nombre de compétences validées, tandis qu’un travail irrégulier reflète un effort concentré avant les échéances, souvent moins efficace."
693,global,,Difficultés & obstacles,difficulty_identification,Quelles compétences de niveau 7 présentent les taux d’erreur les plus élevés ?,"SELECT competence_id, AVG(error_rate) FROM fact_evaluation_results WHERE level = 7 GROUP BY competence_id;",Les compétences liées à la conjugaison et à la construction des phrases affichent des lacunes persistantes et un taux d’erreur élevé.
694,global,,Analyse comparative,group_performance,Existe-t-il une différence de performance entre apprenants engagés et passifs mais stratégiques ?,"SELECT learner_profile, AVG(total_score) FROM fact_evaluation_results WHERE learner_profile IN ('engagé','passif_stratégique') GROUP BY learner_profile;","Les apprenants engagés obtiennent des scores plus élevés, mais les passifs mais stratégiques montrent une efficacité intéressante avec moins de temps passé."
695,global,,Parcours & complétion,completion_rate,Quel est le taux de complétion des apprenants évalués sur seulement 4 compétences par rapport à ceux évalués sur 14 ?,"SELECT competence_count, AVG(completion_rate) FROM fact_evaluation_results GROUP BY competence_count;","Les apprenants évalués sur 4 compétences atteignent plus facilement le score maximal de 224, mais avec un apprentissage plus ciblé et partiel."
696,global,,Analyse temporelle,evolution_trend,Comment évolue le score global entre le début et la fin du parcours pour les apprenants persévérants ?,"SELECT phase, AVG(total_score) FROM fact_evaluation_results WHERE perseverance = TRUE GROUP BY phase;","Les apprenants persévérants montrent une progression continue, traduisant un effort bien réparti et une amélioration réelle des compétences."
697,global,,Profil & segmentation,user_profile_analysis,Quelles caractéristiques socio-démographiques sont associées aux scores globaux supérieurs à 180/224 ?,"SELECT bac_type, mother_tongue, AVG(total_score) FROM fact_evaluation_results WHERE total_score >= 180 GROUP BY bac_type, mother_tongue;","Les apprenants surperformants proviennent majoritairement de profils littéraires ou bilingues, avec une forte maîtrise linguistique initiale."
698,global,,Engagement & comportement,user_retention,Quel lien existe-t-il entre persévérance et abandon des questions sans réponse ?,"SELECT perseverance, AVG(unanswered_questions) FROM fact_evaluation_results GROUP BY perseverance;","Les apprenants persévérants abandonnent moins de questions, montrant une meilleure gestion de l’effort face à la difficulté."
699,global,,Analyse causale,impact_assessment,Quel est l’impact pédagogique des compétences structurantes sur le score global ?,"SELECT AVG(structural_competence_score), AVG(total_score) FROM fact_evaluation_results;","La maîtrise des compétences structurantes agit comme un levier majeur de réussite, réduisant les biais algorithmiques liés aux profils hétérogènes."
700,global,,Analyse descriptive & statistique,performance_evaluation,Quel est le niveau global de performance des apprenants évalués sur 9 compétences ?,SELECT AVG(total_score) FROM fact_evaluation_results WHERE competence_count = 9;,"Les apprenants évalués sur 9 compétences présentent une performance intermédiaire, traduisant un apprentissage partiel mais cohérent."
701,global,,Analyse descriptive & statistique,distribution_analysis,Comment se répartissent les scores globaux des apprenants évalués sur 14 compétences ?,"SELECT total_score, COUNT(*) FROM fact_evaluation_results WHERE competence_count = 14 GROUP BY total_score;","La distribution montre une forte hétérogénéité des profils, avec des apprenants surperformants mais aussi des lacunes persistantes liées à un travail irrégulier."
702,global,,Engagement & comportement,time_spent_analysis,Quel est l’impact du temps passé sur la plateforme sur le score total obtenu ?,"SELECT AVG(time_spent), AVG(total_score) FROM fact_evaluation_results GROUP BY time_spent_bucket;","Un temps passé élevé n’implique pas toujours une meilleure performance, révélant des profils actifs mais inefficaces et une forte activité sans amélioration."
703,global,,Analyse causale,motivation_analysis,Pourquoi les apprenants engagés valident-ils davantage de compétences dès les premiers tests ?,"SELECT AVG(validated_competence_count), AVG(first_attempt_score) FROM fact_evaluation_results WHERE engagement_level = 'high';","Les apprenants engagés démarrent tôt les activités, montrent une connexion régulière et sont bien entraînés, ce qui favorise une validation rapide."
704,global,,Difficultés & obstacles,challenge_difficulty,Quelles compétences de niveau 8 constituent les principaux points de blocage ?,"SELECT competence_id, AVG(blocking_rate) FROM fact_evaluation_results WHERE level = 8 GROUP BY competence_id;","Les compétences de haut niveau révèlent des difficultés de compréhension et des taux de blocage élevés, indiquant des besoins pédagogiques spécifiques."
705,global,,Parcours & complétion,user_retention,À quel moment du parcours observe-t-on le plus d’abandons de questions sans réponse ?,"SELECT time_phase, AVG(unanswered_questions) FROM fact_evaluation_results GROUP BY time_phase;","Les abandons augmentent en milieu de parcours, traduisant un effort concentré avant les échéances suivi d’une démotivation temporaire."
706,global,,Analyse temporelle,comparison_over_time,Quelle différence observe-t-on entre les scores avant et après une phase d’entraînement intensif ?,"SELECT phase, AVG(total_score) FROM fact_evaluation_results WHERE training_phase IN ('before','after') GROUP BY phase;","Une amélioration positive est observée chez les apprenants persévérants, confirmant l’effet d’un entraînement structuré."
707,global,,Profil & segmentation,group_performance,Les apprenants ayant le français comme langue maternelle obtiennent-ils de meilleurs scores globaux ?,"SELECT mother_tongue, AVG(total_score) FROM fact_evaluation_results GROUP BY mother_tongue;","Les apprenants francophones présentent des scores moyens plus élevés, mais certains non francophones surperformants compensent par une forte persévérance."
708,global,,Analyse comparative,compare_scores,Comment les scores des compétences structurantes se comparent-ils aux compétences d’expression stylistique ?,"SELECT competence_type, AVG(score) FROM fact_evaluation_results GROUP BY competence_type;","Les compétences structurantes ont un impact plus direct sur le score total, tandis que l’expression stylistique joue un rôle complémentaire."
709,global,,Engagement & comportement,activity_level,Quel lien existe-t-il entre le moment de démarrage des activités et la réussite globale ?,"SELECT start_timing, AVG(total_score) FROM fact_evaluation_results GROUP BY start_timing;","Un démarrage précoce favorise un travail régulier et une meilleure organisation de l’effort, contrairement aux démarrages tardifs."
710,global,,Analyse causale,impact_assessment,Comment la réduction du nombre de compétences évaluées influence-t-elle la probabilité de certification ?,"SELECT competence_count, AVG(certification_success) FROM fact_evaluation_results GROUP BY competence_count;","Moins de compétences évaluées réduit les chances d’être certifié, car l’apprentissage reste partiel malgré parfois des scores élevés."
711,global,,Analyse descriptive & statistique,aggregate_scores,Quelle est la moyenne des scores globaux des apprenants selon le nombre de compétences évaluées ?,"SELECT competence_count, AVG(total_score) FROM fact_evaluation_results GROUP BY competence_count;","La moyenne augmente avec le nombre de compétences évaluées, indiquant que les apprenants bien entraînés et engagés sur un spectre large développent une performance plus robuste."
712,global,,Analyse causale,causal_analysis,Pourquoi certains apprenants avec des scores élevés échouent-ils néanmoins à la certification ?,"SELECT AVG(total_score), AVG(validated_competence_count) FROM fact_evaluation_results WHERE certification_success = FALSE;","Ces profils montrent souvent une forte activité sans amélioration sur les compétences structurantes, révélant un apprentissage déséquilibré et des lacunes persistantes."
713,global,,Engagement & comportement,engagement_measure,Comment le nombre de tentatives reflète-t-il le niveau d’engagement des apprenants ?,"SELECT AVG(attempt_count), AVG(total_score) FROM fact_evaluation_results GROUP BY engagement_level;","Un nombre élevé de tentatives est un marqueur d’apprenants persévérants et engagés, contrairement aux profils passifs mais stratégiques qui optimisent leurs essais."
714,global,,Difficultés & obstacles,error_rate_analysis,Quels sont les taux d’erreur moyens par compétence pour les niveaux 7 et 8 ?,"SELECT competence_id, AVG(error_rate) FROM fact_evaluation_results WHERE level IN (7,8) GROUP BY competence_id;","Les niveaux avancés révèlent des difficultés de compréhension marquées, avec des taux d’erreur élevés indiquant des points de blocage pédagogiques."
715,global,,Analyse temporelle,evolution_trend,Comment évolue la validation des compétences tout au long du parcours d’apprentissage ?,"SELECT time_phase, AVG(validated_competence_count) FROM fact_evaluation_results GROUP BY time_phase;","La progression est souvent lente au départ, puis s’accélère chez les apprenants engagés avant de stagner chez ceux en difficulté."
716,global,,Profil & segmentation,user_profile_analysis,Quels profils d’apprenants atteignent des scores supérieurs à 200 sur 224 ?,"SELECT learner_profile, COUNT(*) FROM fact_evaluation_results WHERE total_score >= 200 GROUP BY learner_profile;","Les profils surperformants sont majoritairement persévérants, très engagés et présentent une connexion régulière dès le début du parcours."
717,global,,Parcours & complétion,learning_path,Quels parcours typiques mènent à une validation progressive des compétences ?,"SELECT path_type, AVG(validated_competence_count) FROM fact_evaluation_results GROUP BY path_type;",Les parcours progressifs avec transitions fréquentes entre niveaux traduisent un apprentissage structuré et efficace.
718,global,,Analyse comparative,group_performance,Comment se comparent les performances des apprenants selon leur type de baccalauréat ?,"SELECT bac_type, AVG(total_score) FROM fact_evaluation_results GROUP BY bac_type;","Les bacs littéraires présentent un avantage sur les compétences linguistiques, mais certains profils scientifiques compensent par une forte persévérance."
719,global,,Engagement & comportement,time_spent_analysis,Le temps passé avant la première tentative influence-t-il la réussite finale ?,"SELECT start_delay_bucket, AVG(total_score) FROM fact_evaluation_results GROUP BY start_delay_bucket;",Un démarrage tardif est souvent associé à un effort concentré avant les échéances et à une performance plus instable.
720,global,,Analyse causale,impact_assessment,Quel est l’impact de la persévérance sur la transition entre les niveaux de compétence ?,"SELECT perseverance, AVG(level_transition_count) FROM fact_evaluation_results GROUP BY perseverance;","La persévérance favorise des transitions fréquentes et régulières entre niveaux, signe d’un apprentissage durable et bien organisé."
711,global,,Analyse descriptive & statistique,aggregate_scores,Quelle est la moyenne des scores globaux des apprenants selon le nombre de compétences évaluées ?,"SELECT competence_count, AVG(total_score) FROM fact_evaluation_results GROUP BY competence_count;","La moyenne augmente avec le nombre de compétences évaluées, indiquant que les apprenants bien entraînés et engagés sur un spectre large développent une performance plus robuste."
712,global,,Analyse causale,causal_analysis,Pourquoi certains apprenants avec des scores élevés échouent-ils néanmoins à la certification ?,"SELECT AVG(total_score), AVG(validated_competence_count) FROM fact_evaluation_results WHERE certification_success = FALSE;","Ces profils montrent souvent une forte activité sans amélioration sur les compétences structurantes, révélant un apprentissage déséquilibré et des lacunes persistantes."
713,global,,Engagement & comportement,engagement_measure,Comment le nombre de tentatives reflète-t-il le niveau d’engagement des apprenants ?,"SELECT AVG(attempt_count), AVG(total_score) FROM fact_evaluation_results GROUP BY engagement_level;","Un nombre élevé de tentatives est un marqueur d’apprenants persévérants et engagés, contrairement aux profils passifs mais stratégiques qui optimisent leurs essais."
714,global,,Difficultés & obstacles,error_rate_analysis,Quels sont les taux d’erreur moyens par compétence pour les niveaux 7 et 8 ?,"SELECT competence_id, AVG(error_rate) FROM fact_evaluation_results WHERE level IN (7,8) GROUP BY competence_id;","Les niveaux avancés révèlent des difficultés de compréhension marquées, avec des taux d’erreur élevés indiquant des points de blocage pédagogiques."
715,global,,Analyse temporelle,evolution_trend,Comment évolue la validation des compétences tout au long du parcours d’apprentissage ?,"SELECT time_phase, AVG(validated_competence_count) FROM fact_evaluation_results GROUP BY time_phase;","La progression est souvent lente au départ, puis s’accélère chez les apprenants engagés avant de stagner chez ceux en difficulté."
716,global,,Profil & segmentation,user_profile_analysis,Quels profils d’apprenants atteignent des scores supérieurs à 200 sur 224 ?,"SELECT learner_profile, COUNT(*) FROM fact_evaluation_results WHERE total_score >= 200 GROUP BY learner_profile;","Les profils surperformants sont majoritairement persévérants, très engagés et présentent une connexion régulière dès le début du parcours."
717,global,,Parcours & complétion,learning_path,Quels parcours typiques mènent à une validation progressive des compétences ?,"SELECT path_type, AVG(validated_competence_count) FROM fact_evaluation_results GROUP BY path_type;",Les parcours progressifs avec transitions fréquentes entre niveaux traduisent un apprentissage structuré et efficace.
718,global,,Analyse comparative,group_performance,Comment se comparent les performances des apprenants selon leur type de baccalauréat ?,"SELECT bac_type, AVG(total_score) FROM fact_evaluation_results GROUP BY bac_type;","Les bacs littéraires présentent un avantage sur les compétences linguistiques, mais certains profils scientifiques compensent par une forte persévérance."
719,global,,Engagement & comportement,time_spent_analysis,Le temps passé avant la première tentative influence-t-il la réussite finale ?,"SELECT start_delay_bucket, AVG(total_score) FROM fact_evaluation_results GROUP BY start_delay_bucket;",Un démarrage tardif est souvent associé à un effort concentré avant les échéances et à une performance plus instable.
720,global,,Analyse causale,impact_assessment,Quel est l’impact de la persévérance sur la transition entre les niveaux de compétence ?,"SELECT perseverance, AVG(level_transition_count) FROM fact_evaluation_results GROUP BY perseverance;","La persévérance favorise des transitions fréquentes et régulières entre niveaux, signe d’un apprentissage durable et bien organisé."
721,global,,Analyse descriptive & statistique,statistical_summary,Quel est le résumé statistique des scores globaux obtenus par les apprenants sur l’ensemble du dispositif ?,"SELECT AVG(total_score), MIN(total_score), MAX(total_score), STDDEV(total_score) FROM fact_evaluation_results;","La dispersion des scores met en évidence une forte hétérogénéité des profils, allant d’apprenants surperformants à des profils présentant des lacunes persistantes liées à un travail irrégulier."
722,global,,Analyse causale,causal_analysis,Pourquoi certains apprenants engagés ne progressent-ils pas malgré un nombre élevé de tentatives ?,"SELECT AVG(attempt_count), AVG(error_rate) FROM fact_evaluation_results WHERE engagement_level = 'high' AND progression = 'low';","Ces apprenants sont engagés mais actifs mais inefficaces, avec une forte activité sans amélioration, traduisant des difficultés de compréhension et un entraînement mal ciblé."
723,global,,Engagement & comportement,activity_level,Comment le niveau d’activité hebdomadaire influence-t-il la validation des compétences ?,"SELECT weekly_activity_level, AVG(validated_competence_count) FROM fact_evaluation_results GROUP BY weekly_activity_level;","Une activité régulière favorise la validation continue des compétences, contrairement à une activité irrégulière concentrée avant les échéances."
724,global,,Difficultés & obstacles,challenge_difficulty,Quelles compétences présentent des taux de blocage élevés lors du passage au niveau 8 ?,"SELECT competence_id, AVG(blocking_rate) FROM fact_evaluation_results WHERE level = 8 GROUP BY competence_id;","Les compétences de haut niveau révèlent des points de blocage récurrents, indiquant des lacunes persistantes et un besoin d’ajustement pédagogique."
725,global,,Analyse comparative,compare_scores,Comment se comparent les scores des apprenants certifiés et non certifiés ?,"SELECT certification_success, AVG(total_score) FROM fact_evaluation_results GROUP BY certification_success;","Les certifiés obtiennent des scores globaux plus élevés et valident davantage de compétences, traduisant une meilleure organisation de l’effort."
726,global,,Analyse temporelle,temporal_comparison,Quelle différence observe-t-on entre les comportements en début et en fin de parcours ?,"SELECT time_phase, AVG(time_spent), AVG(activity_count) FROM fact_evaluation_results GROUP BY time_phase;","On observe souvent une intensification tardive de l’effort suivie d’une baisse, typique d’un effort concentré avant les échéances."
727,global,,Parcours & complétion,abandon,À quels profils correspond le plus fort taux d’abandon en cours de parcours ?,"SELECT learner_profile, AVG(abandon_rate) FROM fact_evaluation_results GROUP BY learner_profile;","Les profils en difficulté abandonnent plus tôt, avec peu de compétences validées et une faible persévérance."
728,global,,Profil & segmentation,group_performance,Existe-t-il des écarts de performance selon la langue maternelle des apprenants ?,"SELECT mother_tongue, AVG(total_score) FROM fact_evaluation_results GROUP BY mother_tongue;","Les apprenants non francophones peuvent compenser par un engagement élevé et une forte persévérance, malgré des difficultés initiales."
729,global,,Engagement & comportement,time_spent_analysis,Le temps passé sur les activités non évaluées influence-t-il la performance globale ?,"SELECT AVG(non_evaluated_time), AVG(total_score) FROM fact_evaluation_results;",Un investissement équilibré entre activités évaluées et non évaluées favorise un apprentissage plus solide et durable.
730,global,,Analyse causale,impact_assessment,Quel est l’impact du travail régulier sur l’atteinte de scores supérieurs à 180 sur 224 ?,"SELECT work_regularity, AVG(total_score) FROM fact_evaluation_results GROUP BY work_regularity;","Un travail régulier est fortement associé à des scores élevés, traduisant des apprenants persévérants et bien entraînés."
731,global,,Analyse comparative,group_performance,"Comment se comparent les performances des apprenants évalués sur 4, 7 et 14 compétences ?","SELECT competence_count, AVG(total_score) FROM fact_evaluation_results WHERE competence_count IN (4,7,14) GROUP BY competence_count;","Les apprenants évalués sur 14 compétences présentent une performance plus stable, tandis que ceux évalués sur moins de compétences peuvent obtenir des scores élevés mais avec un apprentissage partiel."
732,global,,Analyse causale,motivation_analysis,Pourquoi certains apprenants engagés abandonnent-ils malgré des scores intermédiaires ?,"SELECT AVG(total_score), AVG(unanswered_questions) FROM fact_evaluation_results WHERE engagement_level='high' AND abandon_flag=TRUE;","Ces apprenants montrent un engagement initial fort mais une gestion de l’effort irrégulière, avec des pics d’activité suivis d’un décrochage progressif."
733,global,,Engagement & comportement,engagement_measure,Quel lien existe-t-il entre le nombre de connexions et la validation des compétences structurantes ?,"SELECT AVG(connection_count), AVG(structural_competence_score) FROM fact_evaluation_results;","Une connexion régulière favorise la consolidation des compétences clés, tandis qu’une présence sporadique reflète un travail irrégulier."
734,global,,Difficultés & obstacles,difficulty_identification,Quelles compétences présentent des lacunes persistantes malgré plusieurs tentatives ?,"SELECT competence_id, AVG(attempt_count), AVG(score) FROM fact_evaluation_results GROUP BY competence_id HAVING AVG(score) < 8;",Les faibles scores malgré de nombreuses tentatives indiquent des difficultés de compréhension et un besoin de soutien ciblé.
735,global,,Analyse temporelle,evolution_trend,Comment évolue l’activité des apprenants avant et après les échéances clés ?,"SELECT deadline_phase, AVG(activity_count) FROM fact_evaluation_results GROUP BY deadline_phase;","On observe un effort concentré avant les échéances, suivi d’une baisse d’activité, traduisant une organisation de l’effort peu durable."
736,global,,Parcours & complétion,learning_path,Quels parcours sont associés à une progression régulière des niveaux de compétence ?,"SELECT path_type, AVG(level_transition_count) FROM fact_evaluation_results GROUP BY path_type;","Les parcours progressifs montrent des transitions fréquentes et cohérentes, signe d’un apprentissage structuré."
737,global,,Profil & segmentation,user_profile_analysis,Quels profils combinent fort engagement et faibles performances ?,"SELECT learner_profile, COUNT(*) FROM fact_evaluation_results WHERE engagement_level='high' AND total_score < 120 GROUP BY learner_profile;","Ces profils actifs mais inefficaces révèlent une forte activité sans amélioration, souvent liée à un mauvais ciblage des compétences."
738,global,,Analyse comparative,compare_scores,Comment les scores des compétences de niveau 8 se comparent-ils à ceux de niveau 6 ?,"SELECT level, AVG(score) FROM fact_evaluation_results WHERE level IN (6,8) GROUP BY level;",La chute des scores au niveau 8 met en évidence des exigences cognitives plus élevées et des points de blocage pédagogiques.
739,global,,Engagement & comportement,time_spent_analysis,Le temps passé par compétence est-il un indicateur fiable de réussite ?,"SELECT AVG(time_spent_per_competence), AVG(score) FROM fact_evaluation_results;","Un temps excessif sans amélioration signale des difficultés persistantes, tandis qu’un temps modéré mais régulier reflète un apprentissage efficace."
740,global,,Analyse causale,impact_assessment,Quel est l’impact de la validation précoce des compétences sur le score final sur 224 ?,"SELECT AVG(early_validated_competences), AVG(total_score) FROM fact_evaluation_results;","La validation précoce est un marqueur d’apprenants persévérants et bien entraînés, conduisant à des scores globaux élevés."
741,global,,Analyse descriptive & statistique,aggregate_scores,Quelle est la moyenne des scores globaux sur 224 pour les apprenants évalués sur 7 compétences ?,SELECT AVG(total_score) FROM fact_evaluation_results WHERE competence_count = 7;,"Les apprenants évalués sur 7 compétences atteignent une moyenne intermédiaire, traduisant un apprentissage partiel mais parfois bien entraîné lorsque le travail est régulier."
742,global,,Analyse causale,causal_analysis,Pourquoi les apprenants avec un score élevé sur 224 échouent-ils parfois sur les compétences de niveau 8 ?,"SELECT AVG(total_score), AVG(score) FROM fact_evaluation_results WHERE level = 8;","Malgré un score global élevé, ces apprenants rencontrent des difficultés de compréhension sur des compétences complexes, révélant des lacunes persistantes."
743,global,,Engagement & comportement,activity_level,Comment le rythme hebdomadaire d’activité influence-t-il la réussite globale ?,"SELECT weekly_activity_pattern, AVG(total_score) FROM fact_evaluation_results GROUP BY weekly_activity_pattern;","Un rythme stable est associé à des apprenants persévérants, tandis qu’un rythme irrégulier reflète un effort concentré avant les échéances."
744,global,,Difficultés & obstacles,error_rate_analysis,Quelles compétences présentent les taux d’erreur les plus élevés chez les non-certifiés ?,"SELECT competence_id, AVG(error_rate) FROM fact_evaluation_results WHERE certification_success = FALSE GROUP BY competence_id;","Les compétences structurantes affichent des taux d’erreur élevés, indiquant un entraînement insuffisant et des difficultés de compréhension."
745,global,,Analyse comparative,group_performance,Existe-t-il une différence de score entre apprenants engagés et passifs mais stratégiques ?,"SELECT learner_profile, AVG(total_score) FROM fact_evaluation_results WHERE learner_profile IN ('engagé','passif_stratégique') GROUP BY learner_profile;","Les engagés obtiennent des scores plus élevés, tandis que les passifs mais stratégiques compensent par une meilleure gestion du temps."
746,global,,Analyse temporelle,evolution_trend,Comment évolue le temps passé entre le début et la fin du parcours d’apprentissage ?,"SELECT time_phase, AVG(time_spent) FROM fact_evaluation_results GROUP BY time_phase;",Une intensification tardive suivie d’une baisse traduit un travail irrégulier et une organisation de l’effort fragile.
747,global,,Parcours & complétion,completion_rate,Quel est le taux de complétion des apprenants très engagés par rapport aux autres profils ?,"SELECT engagement_level, AVG(completion_rate) FROM fact_evaluation_results GROUP BY engagement_level;","Les apprenants engagés complètent davantage le parcours, montrant une persévérance et une meilleure régulation de l’effort."
748,global,,Profil & segmentation,group_performance,Comment les scores globaux varient-ils selon le type de baccalauréat ?,"SELECT bac_type, AVG(total_score) FROM fact_evaluation_results GROUP BY bac_type;","Les profils littéraires surperforment en moyenne, tandis que les profils scientifiques réussissent lorsqu’ils sont bien entraînés."
749,global,,Engagement & comportement,time_spent_analysis,Le temps passé sur les questions abandonnées est-il révélateur d’un comportement inefficace ?,"SELECT AVG(time_spent_on_abandoned), AVG(total_score) FROM fact_evaluation_results;",Un temps élevé sur des questions sans réponse signale des apprenants actifs mais inefficaces et des difficultés de compréhension.
750,global,,Analyse causale,impact_assessment,Quel est l’impact d’une connexion régulière sur l’atteinte de scores supérieurs à 200 sur 224 ?,"SELECT connection_regularity, AVG(total_score) FROM fact_evaluation_results GROUP BY connection_regularity;","Une connexion régulière est fortement associée à des scores élevés, caractérisant des apprenants persévérants et très engagés."
751,global,,Analyse causale,causal_analysis,Pourquoi les apprenants évalués sur un nombre réduit de compétences atteignent-ils parfois des scores élevés sans être certifiés ?,"SELECT competence_count, AVG(total_score), AVG(certification_success) FROM fact_evaluation_results GROUP BY competence_count;","Lorsque l’évaluation porte sur peu de compétences, certains apprenants obtiennent des scores élevés mais restent mal entraînés sur l’ensemble du référentiel, ce qui limite la certification malgré un effort concentré avant les échéances."
752,global,,Engagement & comportement,engagement_measure,Comment la fréquence des tentatives influence-t-elle la validation des compétences difficiles ?,"SELECT AVG(attempt_count), AVG(validated_competence_count) FROM fact_evaluation_results WHERE level IN (7,8);","Une fréquence élevée de tentatives reflète des apprenants persévérants, mais peut aussi révéler des profils actifs mais inefficaces lorsque les difficultés de compréhension persistent."
753,global,,Difficultés & obstacles,difficulty_identification,Quelles compétences entraînent le plus de réponses abandonnées sans validation ?,"SELECT competence_id, AVG(unanswered_questions) FROM fact_evaluation_results GROUP BY competence_id;","Les compétences complexes génèrent davantage de questions abandonnées, signe de lacunes persistantes et d’un besoin de guidage pédagogique renforcé."
754,global,,Analyse temporelle,temporal_comparison,Observe-t-on une amélioration des scores après une période d’usage régulier de la plateforme ?,"SELECT usage_phase, AVG(total_score) FROM fact_evaluation_results GROUP BY usage_phase;","Les périodes d’usage régulier sont associées à une progression mesurable, contrairement aux usages ponctuels révélant un travail irrégulier."
755,global,,Analyse comparative,compare_scores,Comment les scores des compétences de grammaire structurante se comparent-ils aux compétences d’expression ?,"SELECT competence_category, AVG(score) FROM fact_evaluation_results GROUP BY competence_category;","La grammaire structurante a un impact majeur sur la performance globale, tandis que l’expression joue un rôle complémentaire."
756,global,,Parcours & complétion,learning_path,Quels parcours sont associés à une stagnation rapide des compétences ?,"SELECT path_type, AVG(progress_rate) FROM fact_evaluation_results GROUP BY path_type;",Les parcours marqués par une activité irrégulière conduisent à une stagnation précoce et à des lacunes persistantes.
757,global,,Profil & segmentation,user_profile_analysis,Quels profils combinent langue maternelle non française et scores élevés sur 224 ?,"SELECT mother_tongue, AVG(total_score) FROM fact_evaluation_results WHERE total_score >= 180 GROUP BY mother_tongue;",Ces profils surperformants compensent les difficultés linguistiques initiales par une forte persévérance et un engagement très élevé.
758,global,,Engagement & comportement,activity_level,Le passage d’un état inactif à engagé influence-t-il la réussite finale ?,"SELECT engagement_transition, AVG(total_score) FROM fact_evaluation_results GROUP BY engagement_transition;","Les apprenants passant d’un état inactif à engagé montrent une amélioration notable, illustrant l’importance de l’activation progressive."
759,global,,Analyse causale,impact_assessment,Quel est l’impact du nombre de compétences validées dès le test sur la réussite finale ?,"SELECT AVG(initial_validated_competences), AVG(total_score) FROM fact_evaluation_results;","Valider tôt plusieurs compétences est un marqueur de surperformant très engagé et bien entraîné, facilitant l’atteinte de scores élevés."
760,global,,Analyse descriptive & statistique,performance_evaluation,Quel est le niveau global de performance des apprenants en fin de dispositif sur l’échelle 0–224 ?,SELECT AVG(total_score) FROM fact_evaluation_results WHERE time_phase = 'final';,"Le niveau global met en évidence une majorité d’apprenants engagés mais hétérogènes, avec des écarts marqués dus à des stratégies d’effort différentes."
761,global,,Analyse causale,failure_factor_analysis,Pourquoi certains apprenants engagés échouent-ils malgré un temps élevé passé sur les activités ?,"SELECT AVG(time_spent), AVG(total_score) FROM fact_evaluation_results WHERE engagement_level = 'élevé' AND total_score < 112;","Un temps élevé sans stratégie efficace peut traduire une mauvaise régulation de l’effort, une incompréhension persistante ou une focalisation sur des compétences secondaires."
762,global,,Engagement & comportement,persistence_measure,La persévérance face aux niveaux 7 et 8 améliore-t-elle la probabilité de certification ?,"SELECT AVG(attempt_count), AVG(certification_success) FROM fact_evaluation_results WHERE level IN (7,8);",Les niveaux avancés exigent une forte persévérance ; les apprenants qui multiplient les tentatives ciblées augmentent leurs chances de réussite finale.
763,global,,Difficultés & obstacles,error_rate_analysis,Quelles compétences présentent les taux d’erreur les plus élevés malgré un fort engagement ?,"SELECT competence_id, AVG(error_rate) FROM fact_evaluation_results WHERE engagement_level = 'élevé' GROUP BY competence_id;",Des taux d’erreur élevés chez des apprenants engagés indiquent des obstacles conceptuels nécessitant un soutien pédagogique spécifique.
764,global,,Analyse comparative,group_comparison,Existe-t-il une différence de performance entre apprenants francophones et non francophones à score élevé ?,"SELECT language_profile, AVG(total_score) FROM fact_evaluation_results WHERE total_score >= 180 GROUP BY language_profile;",Les apprenants non francophones performants compensent souvent par une discipline de travail plus rigoureuse et un usage plus régulier de la plateforme.
765,global,,Analyse temporelle,usage_evolution,Comment évolue l’usage de la plateforme avant et après les échéances d’évaluation ?,"SELECT period, AVG(session_count) FROM fact_usage_logs GROUP BY period;","L’usage s’intensifie avant les échéances puis chute rapidement, révélant une stratégie opportuniste plutôt qu’un apprentissage continu."
766,global,,Parcours & complétion,dropout_analysis,Quels indicateurs précoces annoncent un abandon du parcours ?,"SELECT AVG(unanswered_questions), AVG(dropout_rate) FROM fact_evaluation_results;",Un nombre élevé de questions abandonnées et des temps de connexion irréguliers sont des signaux précoces d’abandon.
767,global,,Profil & segmentation,sociodemographic_segmentation,Les apprenants issus de filières scientifiques réussissent-ils mieux que ceux des filières littéraires ?,"SELECT bac_type, AVG(total_score) FROM fact_evaluation_results GROUP BY bac_type;","Les profils scientifiques montrent souvent une meilleure performance sur les compétences structurantes, mais pas nécessairement sur l’expression écrite."
768,global,,Analyse descriptive & statistique,score_distribution,Quelle est la répartition des scores globaux sur l’échelle 0–224 ?,"SELECT total_score, COUNT(*) FROM fact_evaluation_results GROUP BY total_score;","La distribution révèle une forte hétérogénéité des niveaux, avec un noyau central d’apprenants moyens et des extrêmes minoritaires."
769,global,,Engagement & comportement,regularity_analysis,La régularité des connexions hebdomadaires influence-t-elle la validation des compétences ?,"SELECT AVG(weekly_connections), AVG(validated_competence_count) FROM fact_usage_logs;",Une régularité élevée est associée à une meilleure consolidation des compétences et à des trajectoires plus stables.
770,global,,Analyse causale,pedagogical_impact,Quel est l’impact pédagogique d’un accompagnement ciblé sur les apprenants en difficulté ?,"SELECT support_type, AVG(total_score) FROM fact_evaluation_results GROUP BY support_type;",Un accompagnement ciblé réduit les blocages récurrents et favorise le passage progressif d’un état hésitant à engagé.
771,global,,Analyse causale,success_factor_analysis,Quels facteurs expliquent un score élevé (≥180/224) chez les apprenants évalués sur seulement 4 compétences ?,"SELECT AVG(total_score), AVG(time_spent), AVG(attempt_count) FROM fact_evaluation_results WHERE evaluated_competence_count = 4 AND total_score >= 180;","Les apprenants très engagés, concentrant leurs efforts sur un nombre réduit de compétences, atteignent des scores élevés grâce à une forte persévérance et une meilleure gestion du temps."
772,global,,Profil & segmentation,learner_profile_characterization,Quelles caractéristiques distinguent les apprenants certifiés ayant validé les niveaux 7 et 8 ?,"SELECT AVG(total_score), AVG(attempt_count), AVG(error_rate) FROM fact_evaluation_results WHERE level IN (7,8) AND certification_status = 'certifié';","Ces apprenants présentent des scores globaux élevés, un taux d’erreur maîtrisé et une forte capacité de persévérance sur des tâches complexes."
773,global,,Difficultés & obstacles,advanced_level_difficulty,Pourquoi les niveaux 7 et 8 restent-ils difficiles malgré un usage intensif de la plateforme ?,"SELECT level, AVG(error_rate), AVG(time_spent) FROM fact_evaluation_results WHERE level IN (7,8) GROUP BY level;","La complexité cognitive élevée de ces niveaux génère des erreurs persistantes, même chez des apprenants engagés et assidus."
774,global,,Analyse comparative,sociodemographic_comparison,Existe-t-il une différence de performance entre apprenants de langue maternelle française et non française ?,"SELECT native_language, AVG(total_score) FROM fact_evaluation_results GROUP BY native_language;","Les non francophones montrent parfois des scores légèrement inférieurs en grammaire, compensés par un engagement plus soutenu."
775,global,,Engagement & comportement,effort_management,Comment la gestion de l’effort influence-t-elle la progression des compétences ?,"SELECT AVG(effort_regularity), AVG(validated_competence_count) FROM fact_evaluation_results;",Une gestion régulière de l’effort favorise des transitions progressives entre niveaux de compétence.
776,global,,Parcours & complétion,learning_path_analysis,Quels parcours d’apprentissage conduisent aux meilleurs taux de complétion ?,"SELECT learning_path_type, AVG(completion_rate) FROM fact_evaluation_results GROUP BY learning_path_type;",Les parcours structurés et progressifs conduisent à des taux de complétion plus élevés que les parcours opportunistes.
777,global,,Analyse temporelle,competence_transition,Combien de temps en moyenne faut-il pour passer d’un niveau intermédiaire à un niveau avancé ?,SELECT AVG(transition_duration) FROM fact_competence_transitions WHERE from_level = 5 AND to_level >= 7;,"Le passage vers les niveaux avancés nécessite un temps significatif, reflétant une montée progressive en complexité."
778,global,,Analyse descriptive & statistique,competence_validation_summary,Combien de compétences sont validées en moyenne par profil d’apprenant ?,"SELECT learner_profile, AVG(validated_competence_count) FROM fact_evaluation_results GROUP BY learner_profile;",Les profils engagés valident davantage de compétences que les profils hésitants ou en difficulté.
779,global,,Engagement & comportement,abandon_signal_detection,Quels comportements précèdent le plus souvent un abandon de parcours ?,"SELECT AVG(unanswered_questions), AVG(session_gap) FROM fact_usage_logs WHERE dropout_flag = true;",Une augmentation des questions sans réponse et des périodes d’inactivité prolongées annoncent fréquemment un abandon.
780,global,,Analyse causale,pedagogical_adjustment_need,Quelles compétences nécessitent un ajustement pédagogique prioritaire ?,"SELECT competence_id, AVG(error_rate), AVG(blockage_rate) FROM fact_evaluation_results GROUP BY competence_id;",Les compétences avec des taux de blocage élevés indiquent un besoin de renforcement pédagogique ou de scénarisation alternative.
781,global,,Analyse causale,success_factor_analysis,Pourquoi certains apprenants atteignent-ils un score élevé malgré un temps d’activité global réduit ?,"SELECT AVG(total_score), AVG(time_spent), AVG(attempt_count) FROM fact_evaluation_results WHERE time_spent < (SELECT AVG(time_spent) FROM fact_evaluation_results) AND total_score >= 180;","Ces apprenants adoptent un comportement passif mais stratégique, avec un effort concentré avant les échéances et une forte efficacité cognitive malgré une activité limitée."
782,global,,Engagement & comportement,activity_level,Comment le niveau d’activité influence-t-il la validation des compétences grammaticales structurantes ?,"SELECT AVG(activity_level), AVG(validated_grammar_competences) FROM fact_evaluation_results;","Une activité régulière favorise la maîtrise des compétences structurantes, tandis qu’une forte activité sans amélioration traduit un apprentissage mal ciblé."
783,global,,Difficultés & obstacles,difficulty_identification,Quelles compétences présentent les lacunes persistantes les plus fréquentes chez les apprenants non certifiés ?,"SELECT competence_name, AVG(error_rate) FROM fact_evaluation_results WHERE certification_status = 'non_certifié' GROUP BY competence_name ORDER BY AVG(error_rate) DESC;","Les lacunes persistantes concernent principalement la construction de phrases et la conjugaison, révélant des difficultés de compréhension durable."
784,global,,Analyse comparative,group_performance,Existe-t-il des différences de performance entre les apprenants selon le type de baccalauréat obtenu ?,"SELECT baccalaureate_type, AVG(total_score) FROM fact_evaluation_results GROUP BY baccalaureate_type;","Les apprenants issus de filières littéraires présentent des scores légèrement supérieurs, mais les profils scientifiques très engagés compensent par la persévérance."
785,global,,Analyse temporelle,evolution_trend,Comment évoluent les scores globaux entre le début et la fin du parcours d’apprentissage ?,"SELECT time_period, AVG(total_score) FROM fact_evaluation_results GROUP BY time_period ORDER BY time_period;","Une progression régulière est observée chez les apprenants persévérants, tandis que les profils irréguliers montrent une stagnation rapide."
786,global,,Parcours & complétion,completion_rate,Quel est le lien entre le taux de complétion et le nombre de compétences évaluées ?,"SELECT evaluated_competence_count, AVG(completion_rate) FROM fact_evaluation_results GROUP BY evaluated_competence_count;","Moins de compétences évaluées réduit les chances de complétion, sauf chez les apprenants très engagés et bien entraînés."
787,global,,Profil & segmentation,user_profile_analysis,Quels profils d’apprenants présentent une forte activité sans amélioration notable des scores ?,"SELECT learner_profile, AVG(activity_level), AVG(score_progression) FROM fact_evaluation_results GROUP BY learner_profile;","Le profil actif mais inefficace se caractérise par de nombreuses tentatives sans progression, indiquant un besoin d’accompagnement ciblé."
788,global,,Engagement & comportement,time_spent_analysis,Le temps passé sur la plateforme est-il corrélé à la réussite finale ?,"SELECT CORR(time_spent, total_score) FROM fact_evaluation_results;",Le temps passé seul n’explique pas la réussite ; c’est la qualité de l’engagement et l’organisation de l’effort qui font la différence.
789,global,,Analyse causale,failure_factor_analysis,Quels facteurs expliquent une amélioration négative des performances en fin de parcours ?,"SELECT AVG(score_delta), AVG(fatigue_index), AVG(abandoned_questions) FROM fact_evaluation_results WHERE score_delta < 0;","Une amélioration négative est associée à une fatigue accrue, des abandons de questions et un travail irrégulier."
790,global,,Profil & segmentation,sociodemographic_segmentation,Comment le profil linguistique (langue maternelle vs langue étrangère) influence-t-il la trajectoire de compétence ?,"SELECT language_profile, AVG(competence_transition_count) FROM fact_evaluation_results GROUP BY language_profile;","Les apprenants de langue étrangère montrent une progression plus lente mais régulière, traduisant un effort soutenu et une forte persévérance."
781,global,,Analyse causale,success_factor_analysis,Pourquoi certains apprenants atteignent-ils un score élevé malgré un temps d’activité global réduit ?,"SELECT AVG(total_score), AVG(time_spent), AVG(attempt_count) FROM fact_evaluation_results WHERE time_spent < (SELECT AVG(time_spent) FROM fact_evaluation_results) AND total_score >= 180;","Ces apprenants adoptent un comportement passif mais stratégique, avec un effort concentré avant les échéances et une forte efficacité cognitive malgré une activité limitée."
782,global,,Engagement & comportement,activity_level,Comment le niveau d’activité influence-t-il la validation des compétences grammaticales structurantes ?,"SELECT AVG(activity_level), AVG(validated_grammar_competences) FROM fact_evaluation_results;","Une activité régulière favorise la maîtrise des compétences structurantes, tandis qu’une forte activité sans amélioration traduit un apprentissage mal ciblé."
783,global,,Difficultés & obstacles,difficulty_identification,Quelles compétences présentent les lacunes persistantes les plus fréquentes chez les apprenants non certifiés ?,"SELECT competence_name, AVG(error_rate) FROM fact_evaluation_results WHERE certification_status = 'non_certifié' GROUP BY competence_name ORDER BY AVG(error_rate) DESC;","Les lacunes persistantes concernent principalement la construction de phrases et la conjugaison, révélant des difficultés de compréhension durable."
784,global,,Analyse comparative,group_performance,Existe-t-il des différences de performance entre les apprenants selon le type de baccalauréat obtenu ?,"SELECT baccalaureate_type, AVG(total_score) FROM fact_evaluation_results GROUP BY baccalaureate_type;","Les apprenants issus de filières littéraires présentent des scores légèrement supérieurs, mais les profils scientifiques très engagés compensent par la persévérance."
785,global,,Analyse temporelle,evolution_trend,Comment évoluent les scores globaux entre le début et la fin du parcours d’apprentissage ?,"SELECT time_period, AVG(total_score) FROM fact_evaluation_results GROUP BY time_period ORDER BY time_period;","Une progression régulière est observée chez les apprenants persévérants, tandis que les profils irréguliers montrent une stagnation rapide."
786,global,,Parcours & complétion,completion_rate,Quel est le lien entre le taux de complétion et le nombre de compétences évaluées ?,"SELECT evaluated_competence_count, AVG(completion_rate) FROM fact_evaluation_results GROUP BY evaluated_competence_count;","Moins de compétences évaluées réduit les chances de complétion, sauf chez les apprenants très engagés et bien entraînés."
787,global,,Profil & segmentation,user_profile_analysis,Quels profils d’apprenants présentent une forte activité sans amélioration notable des scores ?,"SELECT learner_profile, AVG(activity_level), AVG(score_progression) FROM fact_evaluation_results GROUP BY learner_profile;","Le profil actif mais inefficace se caractérise par de nombreuses tentatives sans progression, indiquant un besoin d’accompagnement ciblé."
788,global,,Engagement & comportement,time_spent_analysis,Le temps passé sur la plateforme est-il corrélé à la réussite finale ?,"SELECT CORR(time_spent, total_score) FROM fact_evaluation_results;",Le temps passé seul n’explique pas la réussite ; c’est la qualité de l’engagement et l’organisation de l’effort qui font la différence.
789,global,,Analyse causale,failure_factor_analysis,Quels facteurs expliquent une amélioration négative des performances en fin de parcours ?,"SELECT AVG(score_delta), AVG(fatigue_index), AVG(abandoned_questions) FROM fact_evaluation_results WHERE score_delta < 0;","Une amélioration négative est associée à une fatigue accrue, des abandons de questions et un travail irrégulier."
790,global,,Profil & segmentation,sociodemographic_segmentation,Comment le profil linguistique (langue maternelle vs langue étrangère) influence-t-il la trajectoire de compétence ?,"SELECT language_profile, AVG(competence_transition_count) FROM fact_evaluation_results GROUP BY language_profile;","Les apprenants de langue étrangère montrent une progression plus lente mais régulière, traduisant un effort soutenu et une forte persévérance."
791,global,,Analyse descriptive & statistique,statistical_summary,"Quel est le résumé statistique des scores globaux lorsque les apprenants sont évalués sur 4, 7 ou 14 compétences ?","SELECT evaluated_competence_count, AVG(total_score), MIN(total_score), MAX(total_score) FROM fact_evaluation_results GROUP BY evaluated_competence_count;","Les apprenants évalués sur davantage de compétences présentent des scores globaux plus élevés, traduisant un parcours plus complet et un engagement durable."
792,global,,Analyse comparative,compare_scores,Comment se comparent les scores entre les apprenants ayant validé des compétences de niveau 7 et 8 et les autres ?,"SELECT AVG(total_score), level_reached FROM fact_evaluation_results GROUP BY level_reached;","Les niveaux 7 et 8 sont associés à des scores élevés mais exigent un effort concentré, souvent observé chez les apprenants persévérants et bien entraînés."
793,global,,Engagement & comportement,engagement_measure,Quel est le lien entre la fréquence de connexion et la validation des compétences difficiles ?,"SELECT AVG(connection_frequency), AVG(hard_competences_validated) FROM fact_evaluation_results;","Une connexion régulière favorise la validation progressive des compétences difficiles, contrairement aux usages ponctuels concentrés uniquement avant les échéances."
794,global,,Difficultés & obstacles,challenge_difficulty,Quelles compétences de grammaire génèrent le plus de taux d’erreurs et de questions abandonnées ?,"SELECT competence_name, AVG(error_rate), AVG(abandoned_questions) FROM fact_evaluation_results GROUP BY competence_name ORDER BY AVG(error_rate) DESC;","Les compétences liées à la conjugaison et à la construction des phrases présentent un taux d’erreur élevé et des abandons fréquents, révélant des difficultés de compréhension."
795,global,,Analyse causale,impact_assessment,Quel est l’impact pédagogique de la persévérance sur la réussite à la certification ?,"SELECT AVG(persistence_index), AVG(certification_success) FROM fact_evaluation_results;","La persévérance apparaît comme un facteur clé de réussite, particulièrement chez les apprenants engagés et surperformants."
796,global,,Analyse temporelle,comparison_over_time,Observe-t-on une amélioration avant et après les périodes d’échéances ?,"SELECT period_type, AVG(score_progression) FROM fact_evaluation_results GROUP BY period_type;","Un effort concentré avant les échéances entraîne souvent une amélioration temporaire, suivie parfois d’une chute d’activité."
797,global,,Parcours & complétion,learning_path,Quels parcours d’apprentissage sont associés à une progression régulière des compétences ?,"SELECT learning_path_type, AVG(score_progression) FROM fact_evaluation_results GROUP BY learning_path_type;",Les parcours structurés favorisent un travail régulier et une montée progressive en compétence.
798,global,,Profil & segmentation,group_performance,Existe-t-il des disparités de performance selon l’origine linguistique des apprenants ?,"SELECT native_language, AVG(total_score) FROM fact_evaluation_results GROUP BY native_language;",Les apprenants non natifs présentent parfois des scores plus faibles mais une progression plus marquée grâce à une forte persévérance.
799,global,,Engagement & comportement,user_retention,Quels comportements caractérisent les apprenants qui abandonnent précocement le parcours ?,"SELECT AVG(time_spent), AVG(abandoned_questions), AVG(connection_frequency) FROM fact_evaluation_results WHERE dropout_flag = 1;","L’abandon est associé à un faible temps passé, une activité irrégulière et un nombre élevé de questions sans réponse."
800,global,,Analyse causale,causal_analysis,Pourquoi certains apprenants engagés ne parviennent-ils pas à améliorer leurs scores globaux ?,"SELECT AVG(activity_level), AVG(score_progression) FROM fact_evaluation_results WHERE activity_level > (SELECT AVG(activity_level) FROM fact_evaluation_results) AND score_progression <= 0;","Ces apprenants sont actifs mais inefficaces, multipliant les tentatives sans ajuster leur stratégie d’apprentissage, ce qui entraîne une forte activité sans amélioration."
801,global,,Analyse descriptive & statistique,distribution_analysis,Comment se répartissent les scores globaux lorsque les apprenants sont évalués sur un nombre variable de compétences ?,"SELECT evaluated_competence_count, total_score FROM fact_evaluation_results;","La dispersion des scores est plus forte lorsque peu de compétences sont évaluées, traduisant des profils hétérogènes et parfois mal entraînés."
802,global,,Engagement & comportement,engagement_measure,Quel lien existe entre l’engagement dans les discussions et la validation des compétences avancées ?,"SELECT AVG(discussion_engagement), AVG(advanced_competences_validated) FROM fact_evaluation_results;","Les apprenants engagés dans les discussions montrent une meilleure validation des compétences complexes, révélant un apprentissage actif et réflexif."
803,global,,Difficultés & obstacles,difficulty_identification,Quels niveaux de compétence génèrent le plus de blocages et de stagnation ?,"SELECT competence_level, AVG(blocking_rate) FROM fact_evaluation_results GROUP BY competence_level;","Les niveaux 7 et 8 présentent des taux de blocage élevés, indiquant des obstacles cognitifs importants nécessitant un accompagnement ciblé."
804,global,,Analyse causale,motivation_analysis,En quoi la régularité du travail influence-t-elle la réussite globale des apprenants ?,"SELECT AVG(work_regularity_index), AVG(total_score) FROM fact_evaluation_results;","Un travail régulier est associé à de meilleurs scores globaux, contrairement à un effort irrégulier concentré uniquement avant les échéances."
805,global,,Analyse temporelle,temporal_comparison,Comment les comportements d’apprentissage diffèrent-ils entre le début et la fin du parcours ?,"SELECT time_period, AVG(activity_level), AVG(time_spent) FROM fact_evaluation_results GROUP BY time_period;","Une baisse d’activité en fin de parcours est souvent observée chez les apprenants peu persévérants, tandis que les engagés maintiennent un effort constant."
806,global,,Profil & segmentation,user_profile_analysis,Quels profils d’apprenants combinent un score élevé et une faible fréquence de connexion ?,"SELECT learner_profile, AVG(total_score), AVG(connection_frequency) FROM fact_evaluation_results GROUP BY learner_profile;","Ces profils correspondent souvent à des apprenants passifs mais stratégiques, capables d’optimiser leur temps d’apprentissage."
807,global,,Parcours & complétion,user_retention,Quels indicateurs comportementaux précèdent un abandon du parcours ?,"SELECT AVG(time_spent), AVG(connection_frequency), AVG(abandoned_questions) FROM fact_evaluation_results WHERE dropout_flag = 1;",L’abandon est précédé par une chute de la fréquence de connexion et une augmentation des questions sans réponse.
808,global,,Analyse comparative,group_performance,Les apprenants certifiés se distinguent-ils par un usage différent de l’outil écri+ ?,"SELECT certification_status, AVG(time_spent), AVG(attempt_count) FROM fact_evaluation_results GROUP BY certification_status;","Les certifiés présentent un usage plus actif, davantage de tentatives et une persévérance plus marquée."
809,global,,Analyse causale,impact_assessment,Quel est l’impact du nombre de compétences validées dès le test sur la réussite finale ?,"SELECT AVG(initial_validated_competences), AVG(certification_success) FROM fact_evaluation_results;","Valider davantage de compétences dès le test initial est un indicateur fort de réussite, révélant un bon niveau de préparation."
810,global,,Profil & segmentation,sociodemographic_segmentation,Existe-t-il des différences de performance selon le type de langue apprise (maternelle vs étrangère) ?,"SELECT language_type, AVG(total_score) FROM fact_evaluation_results GROUP BY language_type;","Les apprenants en langue étrangère affichent parfois des scores plus faibles, mais une progression régulière grâce à une forte persévérance."
811,global,,Analyse descriptive & statistique,error_rate_analysis,Quel est le taux d’erreurs moyen selon le nombre de compétences évaluées chez les apprenants ?,"SELECT evaluated_competence_count, AVG(error_rate) FROM fact_evaluation_results GROUP BY evaluated_competence_count;","Un nombre réduit de compétences évaluées est associé à un taux d’erreurs plus élevé, traduisant souvent un entraînement incomplet et des lacunes persistantes."
812,global,,Engagement & comportement,time_spent_analysis,Comment la durée moyenne d’activité influence-t-elle la progression du score global ?,"SELECT AVG(time_spent), AVG(score_progression) FROM fact_evaluation_results;","Une durée d’activité modérée mais régulière favorise la progression, tandis qu’un temps élevé concentré sur peu de sessions reflète un effort irrégulier."
813,global,,Analyse comparative,compare_scores,Comment se comparent les scores des apprenants évalués sur 4 compétences par rapport à ceux évalués sur 9 ou 14 compétences ?,"SELECT evaluated_competence_count, AVG(total_score) FROM fact_evaluation_results GROUP BY evaluated_competence_count;","Les apprenants évalués sur 9 ou 14 compétences présentent des scores globaux plus élevés, indiquant une meilleure couverture des savoirs."
814,global,,Difficultés & obstacles,challenge_difficulty,Quels niveaux de compétence génèrent le plus de réponses abandonnées ?,"SELECT competence_level, AVG(abandoned_questions) FROM fact_evaluation_results GROUP BY competence_level;","Les niveaux 7 et 8 présentent davantage de réponses abandonnées, signalant des obstacles cognitifs importants et des difficultés de compréhension."
815,global,,Analyse causale,causal_analysis,Pourquoi certains apprenants échouent malgré un nombre élevé de tentatives ?,"SELECT AVG(attempt_count), AVG(score_progression) FROM fact_evaluation_results WHERE attempt_count > (SELECT AVG(attempt_count) FROM fact_evaluation_results) AND score_progression <= 0;","Ces profils sont actifs mais inefficaces, multipliant les tentatives sans ajuster leurs stratégies, ce qui conduit à une forte activité sans amélioration."
816,global,,Analyse temporelle,evolution_trend,Comment évolue la validation des compétences au fil des périodes du parcours ?,"SELECT time_period, AVG(validated_competences) FROM fact_evaluation_results GROUP BY time_period;","Une progression par paliers est observée chez les apprenants persévérants, tandis que les profils en difficulté stagnent rapidement."
817,global,,Profil & segmentation,user_profile_analysis,Quels profils d’apprenants combinent un travail irrégulier et des scores faibles ?,"SELECT learner_profile, AVG(work_regularity_index), AVG(total_score) FROM fact_evaluation_results GROUP BY learner_profile;","Les apprenants mal entraînés et peu organisés cumulent travail irrégulier et faibles performances, révélant un besoin de soutien pédagogique."
818,global,,Parcours & complétion,learning_path,Quels parcours d’apprentissage mènent à une validation partielle des compétences seulement ?,"SELECT learning_path_type, AVG(validated_competences) FROM fact_evaluation_results GROUP BY learning_path_type;","Les parcours non structurés favorisent un usage ciblé mais incomplet, expliquant pourquoi aucun apprenant ne valide l’ensemble des compétences."
819,global,,Analyse causale,impact_assessment,Quel est l’impact du démarrage tardif des activités sur la réussite finale ?,"SELECT AVG(start_delay), AVG(total_score) FROM fact_evaluation_results;",Un démarrage tardif entraîne souvent un effort concentré avant les échéances et limite la consolidation des compétences complexes.
820,global,,Profil & segmentation,sociodemographic_segmentation,Comment l’origine académique influence-t-elle la réussite sur les compétences grammaticales structurantes ?,"SELECT academic_background, AVG(grammar_competence_score) FROM fact_evaluation_results GROUP BY academic_background;","Les apprenants ayant un parcours littéraire maîtrisent mieux les compétences structurantes, tandis que d’autres compensent par une forte persévérance."
821,global,,Analyse descriptive & statistique,aggregate_scores,Quel est le score global moyen lorsque les apprenants sont évalués sur 14 compétences par rapport à des évaluations partielles ?,"SELECT evaluated_competence_count, AVG(total_score) FROM fact_evaluation_results GROUP BY evaluated_competence_count;","Les apprenants évalués sur 14 compétences présentent un score global plus stable, reflétant un travail régulier et une meilleure organisation de l’effort."
822,global,,Engagement & comportement,activity_level,Comment le niveau d’activité hebdomadaire influence-t-il la validation des compétences de niveau 7 et 8 ?,"SELECT AVG(weekly_activity), AVG(level78_validated) FROM fact_evaluation_results;","Un niveau d’activité hebdomadaire soutenu favorise la validation progressive des niveaux 7 et 8, tandis qu’une activité sporadique entraîne des blocages."
823,global,,Difficultés & obstacles,difficulty_identification,Quelles compétences génèrent simultanément un taux d’erreur élevé et une forte fréquence d’abandon ?,"SELECT competence_name, AVG(error_rate), AVG(abandoned_questions) FROM fact_evaluation_results GROUP BY competence_name HAVING AVG(error_rate) > 0.3;","La conjugaison et la construction de phrases cumulent erreurs et abandons, révélant des difficultés de compréhension et des lacunes persistantes."
824,global,,Analyse causale,motivation_analysis,Pourquoi certains apprenants engagés peinent-ils à franchir les niveaux de compétence 7 et 8 ?,"SELECT AVG(activity_level), AVG(level78_transition_rate) FROM fact_evaluation_results WHERE activity_level > (SELECT AVG(activity_level) FROM fact_evaluation_results);","Malgré un engagement élevé, ces apprenants sont parfois actifs mais inefficaces, faute de stratégies adaptées pour les compétences complexes."
825,global,,Analyse temporelle,evolution_trend,Comment évolue le temps passé sur la plateforme entre le début et la fin du parcours ?,"SELECT time_period, AVG(time_spent) FROM fact_evaluation_results GROUP BY time_period;","Une baisse progressive du temps passé est observée chez les profils peu persévérants, tandis que les engagés maintiennent une activité régulière."
826,global,,Profil & segmentation,user_profile_analysis,Quels profils combinent un score élevé et une validation rapide des compétences clés ?,"SELECT learner_profile, AVG(total_score), AVG(validation_speed) FROM fact_evaluation_results GROUP BY learner_profile;",Les profils surperformants et très engagés valident rapidement les compétences structurantes grâce à une bonne maîtrise initiale.
827,global,,Parcours & complétion,completion_rate,Quel est le taux de complétion selon le nombre de compétences effectivement travaillées ?,"SELECT worked_competence_count, AVG(completion_rate) FROM fact_evaluation_results GROUP BY worked_competence_count;","Un plus grand nombre de compétences travaillées est associé à un meilleur taux de complétion, traduisant un engagement durable."
828,global,,Analyse comparative,group_performance,Les apprenants certifiés présentent-ils des trajectoires d’apprentissage différentes des non certifiés ?,"SELECT certification_status, AVG(competence_transition_count) FROM fact_evaluation_results GROUP BY certification_status;","Les certifiés montrent davantage de transitions progressives entre niveaux, signe d’un apprentissage structuré et persévérant."
829,global,,Engagement & comportement,user_retention,Quels comportements précèdent une reprise d’engagement après une période d’inactivité ?,"SELECT AVG(reengagement_delay), AVG(activity_after_break) FROM fact_evaluation_results WHERE reengagement_flag = 1;",Le passage d’un état inactif à engagé s’accompagne souvent d’un effort concentré avant les échéances et d’une meilleure organisation.
830,global,,Profil & segmentation,sociodemographic_segmentation,Comment le parcours scolaire antérieur influence-t-il la progression des compétences lexicales ?,"SELECT prior_schooling, AVG(lexical_competence_score) FROM fact_evaluation_results GROUP BY prior_schooling;","Les disparités observées révèlent des niveaux hétérogènes, notamment en vocabulaire étendu, nécessitant une adaptation pédagogique."
821,global,,Analyse descriptive & statistique,aggregate_scores,Quel est le score global moyen lorsque les apprenants sont évalués sur 14 compétences par rapport à des évaluations partielles ?,"SELECT evaluated_competence_count, AVG(total_score) FROM fact_evaluation_results GROUP BY evaluated_competence_count;","Les apprenants évalués sur 14 compétences présentent un score global plus stable, reflétant un travail régulier et une meilleure organisation de l’effort."
822,global,,Engagement & comportement,activity_level,Comment le niveau d’activité hebdomadaire influence-t-il la validation des compétences de niveau 7 et 8 ?,"SELECT AVG(weekly_activity), AVG(level78_validated) FROM fact_evaluation_results;","Un niveau d’activité hebdomadaire soutenu favorise la validation progressive des niveaux 7 et 8, tandis qu’une activité sporadique entraîne des blocages."
823,global,,Difficultés & obstacles,difficulty_identification,Quelles compétences génèrent simultanément un taux d’erreur élevé et une forte fréquence d’abandon ?,"SELECT competence_name, AVG(error_rate), AVG(abandoned_questions) FROM fact_evaluation_results GROUP BY competence_name HAVING AVG(error_rate) > 0.3;","La conjugaison et la construction de phrases cumulent erreurs et abandons, révélant des difficultés de compréhension et des lacunes persistantes."
824,global,,Analyse causale,motivation_analysis,Pourquoi certains apprenants engagés peinent-ils à franchir les niveaux de compétence 7 et 8 ?,"SELECT AVG(activity_level), AVG(level78_transition_rate) FROM fact_evaluation_results WHERE activity_level > (SELECT AVG(activity_level) FROM fact_evaluation_results);","Malgré un engagement élevé, ces apprenants sont parfois actifs mais inefficaces, faute de stratégies adaptées pour les compétences complexes."
825,global,,Analyse temporelle,evolution_trend,Comment évolue le temps passé sur la plateforme entre le début et la fin du parcours ?,"SELECT time_period, AVG(time_spent) FROM fact_evaluation_results GROUP BY time_period;","Une baisse progressive du temps passé est observée chez les profils peu persévérants, tandis que les engagés maintiennent une activité régulière."
826,global,,Profil & segmentation,user_profile_analysis,Quels profils combinent un score élevé et une validation rapide des compétences clés ?,"SELECT learner_profile, AVG(total_score), AVG(validation_speed) FROM fact_evaluation_results GROUP BY learner_profile;",Les profils surperformants et très engagés valident rapidement les compétences structurantes grâce à une bonne maîtrise initiale.
827,global,,Parcours & complétion,completion_rate,Quel est le taux de complétion selon le nombre de compétences effectivement travaillées ?,"SELECT worked_competence_count, AVG(completion_rate) FROM fact_evaluation_results GROUP BY worked_competence_count;","Un plus grand nombre de compétences travaillées est associé à un meilleur taux de complétion, traduisant un engagement durable."
828,global,,Analyse comparative,group_performance,Les apprenants certifiés présentent-ils des trajectoires d’apprentissage différentes des non certifiés ?,"SELECT certification_status, AVG(competence_transition_count) FROM fact_evaluation_results GROUP BY certification_status;","Les certifiés montrent davantage de transitions progressives entre niveaux, signe d’un apprentissage structuré et persévérant."
829,global,,Engagement & comportement,user_retention,Quels comportements précèdent une reprise d’engagement après une période d’inactivité ?,"SELECT AVG(reengagement_delay), AVG(activity_after_break) FROM fact_evaluation_results WHERE reengagement_flag = 1;",Le passage d’un état inactif à engagé s’accompagne souvent d’un effort concentré avant les échéances et d’une meilleure organisation.
830,global,,Profil & segmentation,sociodemographic_segmentation,Comment le parcours scolaire antérieur influence-t-il la progression des compétences lexicales ?,"SELECT prior_schooling, AVG(lexical_competence_score) FROM fact_evaluation_results GROUP BY prior_schooling;","Les disparités observées révèlent des niveaux hétérogènes, notamment en vocabulaire étendu, nécessitant une adaptation pédagogique."
841,global,,Analyse descriptive & statistique,statistical_summary,Quel est le résumé statistique des scores globaux (0–224) selon le nombre de compétences évaluées ?,"SELECT evaluated_competence_count, AVG(total_score), STDDEV(total_score), MIN(total_score), MAX(total_score) FROM fact_evaluation_results GROUP BY evaluated_competence_count;","Une dispersion plus faible apparaît lorsque davantage de compétences sont évaluées, traduisant un travail régulier et une meilleure stabilisation des performances."
842,global,,Analyse temporelle,evolution_trend,"Comment évoluent les scores globaux entre le début, le milieu et la fin du parcours ?","SELECT time_phase, AVG(total_score) FROM fact_evaluation_results GROUP BY time_phase ORDER BY time_phase;","Les apprenants persévérants montrent une progression par paliers, tandis que les profils en difficulté stagnent précocement."
843,global,,Analyse comparative,group_performance,Les apprenants certifiés diffèrent-ils des non certifiés en termes de tentatives et de temps passé ?,"SELECT certification_status, AVG(attempt_count), AVG(time_spent) FROM fact_evaluation_results GROUP BY certification_status;","Les certifiés affichent plus de tentatives et un temps passé mieux réparti, signe d’un engagement persévérant."
844,global,,Difficultés & obstacles,difficulty_identification,Quelles compétences présentent les plus fortes stagnations malgré des révisions répétées ?,"SELECT competence_name, AVG(revision_count), AVG(score_progression) FROM fact_evaluation_results GROUP BY competence_name HAVING AVG(score_progression) <= 0;","Certaines compétences structurantes révèlent des lacunes persistantes, indiquant des difficultés de compréhension malgré l’effort."
845,global,,Analyse causale,causal_analysis,Pourquoi une forte activité ne conduit-elle pas toujours à une amélioration des scores ?,"SELECT AVG(activity_level), AVG(score_progression) FROM fact_evaluation_results WHERE activity_level > (SELECT AVG(activity_level) FROM fact_evaluation_results);","Un comportement actif mais inefficace, sans ajustement stratégique, explique la forte activité sans amélioration."
846,global,,Engagement & comportement,engagement_measure,Quel est l’effet de l’engagement dans les discussions sur la validation des compétences avancées ?,"SELECT AVG(discussion_engagement), AVG(advanced_competences_validated) FROM fact_evaluation_results;",L’engagement social favorise la consolidation conceptuelle et la validation des compétences complexes.
847,global,,Parcours & complétion,completion_rate,Comment le taux de complétion varie-t-il selon la régularité du travail ?,"SELECT work_regularity_level, AVG(completion_rate) FROM fact_evaluation_results GROUP BY work_regularity_level;","Un travail régulier augmente significativement la complétion, contrairement aux efforts concentrés avant échéances."
848,global,,Profil & segmentation,user_profile_analysis,Quels profils présentent un démarrage tardif mais une réussite finale élevée ?,"SELECT learner_profile, AVG(start_delay), AVG(total_score) FROM fact_evaluation_results GROUP BY learner_profile;",Certains profils passifs mais stratégiques compensent un démarrage tardif par un effort ciblé et efficace.
849,global,,Analyse temporelle,temporal_comparison,Les taux d’erreurs diminuent-ils après les périodes de révision intensive ?,"SELECT revision_phase, AVG(error_rate) FROM fact_evaluation_results GROUP BY revision_phase;","Les révisions intensives réduisent les erreurs chez les apprenants engagés, mais l’effet est limité chez les profils en difficulté."
850,global,,Profil & segmentation,sociodemographic_segmentation,Existe-t-il des écarts de performance selon la langue maternelle et le type de bac ?,"SELECT native_language, baccalaureate_type, AVG(total_score) FROM fact_evaluation_results GROUP BY native_language, baccalaureate_type;","Les écarts observés reflètent des niveaux initiaux hétérogènes, partiellement compensés par la persévérance et l’engagement."
851,global,,Analyse causale,performance_vs_certification,Dans quelle mesure le score d’évaluation prédit-il l’obtention de la certification ?,"SELECT CORR(total_score, certification_result) FROM fact_evaluation_results;",Une corrélation élevée confirme que l’évaluation reflète fidèlement la performance finale. Les apprenants engagés avec un score proche de 224 ont une forte probabilité de certification.
852,global,,Engagement & comportement,attempt_analysis,Pourquoi les apprenants certifiés réalisent-ils davantage de tentatives que les non certifiés ?,"SELECT certification_status, AVG(attempt_count) FROM fact_evaluation_results GROUP BY certification_status;","La multiplication des tentatives traduit une stratégie d’apprentissage par ajustement progressif, marqueur d’un fort engagement."
853,competence,,Difficultés & obstacles,advanced_level_difficulty,Pourquoi les niveaux 7 et 8 sont-ils particulièrement difficiles à valider pour certaines compétences ?,"SELECT competence_name, level, AVG(validation_rate) FROM fact_competence_levels WHERE level IN (7,8) GROUP BY competence_name, level;","Les niveaux avancés exigent une maîtrise intégrée. Les difficultés proviennent souvent d’erreurs persistantes en conjugaison, syntaxe ou structuration du discours."
854,global,,Analyse temporelle,usage_trajectory,Comment évolue l’usage de l’outil entre le début et la fin du parcours ?,"SELECT time_phase, AVG(connection_count), AVG(time_spent) FROM fact_usage_traces GROUP BY time_phase;","Certains apprenants passent d’un usage ponctuel à un usage régulier, tandis que d’autres décrochent après une phase initiale active."
855,global,,Parcours & complétion,abandon_analysis,Quels facteurs expliquent l’abandon en cours de parcours ?,"SELECT AVG(abandoned_questions), AVG(timeout_count), AVG(total_score) FROM fact_evaluation_results;","Les abandons sont souvent liés à une accumulation d’échecs, un temps excessif par activité et une perte progressive d’engagement."
856,profile,,Profil & segmentation,learner_typology,Quels profils d’apprenants se dégagent à partir des trajectoires de compétences ?,"SELECT learner_profile, AVG(competence_transition_count) FROM fact_learning_paths GROUP BY learner_profile;","Trois profils émergent : engagés (progression régulière), hésitants (avancées lentes) et en difficulté (stagnation précoce)."
857,global,,Analyse comparative,competence_comparison,Quelles compétences discriminent le mieux les apprenants certifiés ?,"SELECT competence_name, AVG(validated_score) FROM fact_competence_results GROUP BY competence_name ORDER BY AVG(validated_score) DESC;",Les compétences structurantes comme la syntaxe et la conjugaison ont un impact majeur sur la réussite finale.
858,global,,Engagement & comportement,time_management,Le temps passé est-il toujours un indicateur fiable de réussite ?,"SELECT AVG(time_spent), AVG(total_score) FROM fact_evaluation_results;",Un temps élevé n’est bénéfique que s’il est associé à une activité ciblée et à des tentatives réfléchies.
859,profile,,Profil & segmentation,sociodemographic_impact,Quel est l’impact de la langue maternelle sur la progression des compétences écrites ?,"SELECT native_language, AVG(score_progression) FROM fact_evaluation_results GROUP BY native_language;","Les apprenants non francophones montrent une progression plus lente initialement, compensée chez les profils engagés par une forte persévérance."
860,global,,Analyse causale,engagement_success_factor,Pourquoi la persévérance est-elle un facteur clé de réussite ?,"SELECT AVG(attempt_count), AVG(competences_validated) FROM fact_evaluation_results;","La persévérance permet d’atteindre progressivement les niveaux 7 et 8, même chez des apprenants initialement en difficulté."
861,global,,Analyse descriptive,distribution_analysis,Comment se répartissent les scores globaux (0–224) selon le nombre de compétences évaluées ?,"SELECT competence_count, AVG(total_score), MIN(total_score), MAX(total_score) FROM fact_evaluation_results GROUP BY competence_count;","Les apprenants évalués sur un nombre réduit de compétences atteignent plus rarement des scores élevés. Moins de compétences évaluées signifie moins d’opportunités de validation, ce qui impacte directement la performance globale."
862,group,,Engagement & comportement,activity_level,Quels écarts d’activité observe-t-on entre les apprenants engagés et ceux en difficulté ?,"SELECT learner_group, AVG(connection_count), AVG(time_spent) FROM fact_usage_traces GROUP BY learner_group;","Les apprenants engagés présentent une connexion régulière et un temps passé stable, contrairement aux profils en difficulté caractérisés par des pics isolés suivis de périodes d’inactivité."
863,global,,Difficultés & obstacles,error_rate_analysis,Quelles compétences présentent les taux d’erreurs les plus élevés aux niveaux 7 et 8 ?,"SELECT competence_name, level, AVG(error_rate) FROM fact_competence_levels WHERE level IN (7,8) GROUP BY competence_name, level;","Les taux d’erreurs élevés sur les niveaux avancés traduisent des lacunes persistantes, notamment en construction de phrases et en conjugaison."
864,individual,129,Analyse causale,motivation_analysis,Pourquoi l’étudiant 129 obtient-il un score faible malgré un temps d’activité élevé ?,"SELECT total_score, time_spent, attempt_count FROM fact_evaluation_results WHERE user_id = 129;","L’étudiant est actif mais inefficace : le temps passé est important, mais les tentatives sont peu ciblées, révélant une mauvaise organisation de l’effort."
865,global,,Analyse temporelle,comparison_over_time,Observe-t-on une amélioration des scores entre le début et la fin du parcours ?,"SELECT time_phase, AVG(total_score) FROM fact_evaluation_results GROUP BY time_phase;",Une amélioration positive en fin de parcours est généralement associée à un engagement progressif et à une meilleure maîtrise des compétences structurantes.
866,profile,,Profil & segmentation,sociodemographic_analysis,"Existe-t-il des différences de performance selon le niveau scolaire initial (bac, bac+1, bac+3) ?","SELECT education_level, AVG(total_score) FROM dim_user JOIN fact_evaluation_results USING(user_id) GROUP BY education_level;","Les apprenants avec un niveau initial plus élevé montrent une progression plus rapide, mais l’engagement reste un facteur déterminant quel que soit le profil."
867,global,,Parcours & complétion,completion_rate,Quel est le lien entre le taux de complétion et le score global obtenu ?,"SELECT completion_rate, AVG(total_score) FROM fact_learning_paths GROUP BY completion_rate;",Un taux de complétion élevé reflète un travail régulier et est fortement associé à des scores proches du maximum de 224.
868,group,,Analyse comparative,group_performance,Comment se comparent les performances des apprenants francophones et non francophones ?,"SELECT native_language, AVG(total_score) FROM dim_user JOIN fact_evaluation_results USING(user_id) GROUP BY native_language;","Les non francophones montrent plus de difficultés initiales, mais les profils persévérants réduisent l’écart grâce à un engagement soutenu."
869,global,,Engagement & comportement,user_retention,Quels comportements caractérisent les apprenants qui abandonnent précocement ?,"SELECT AVG(time_to_first_activity), AVG(abandoned_questions) FROM fact_usage_traces WHERE abandoned = true;",Un démarrage tardif des activités et un nombre élevé de questions abandonnées sont des signaux forts de décrochage.
870,global,,Analyse causale,impact_assessment,Comment l’usage régulier de l’outil influence-t-il la validation des compétences ?,"SELECT AVG(connection_frequency), AVG(competences_validated) FROM fact_usage_traces;",Un usage régulier favorise une montée progressive en compétence et augmente significativement le nombre de validations obtenues.
871,global,,Analyse descriptive,statistical_summary,"Quel est le résumé statistique des scores globaux lorsque les apprenants sont évalués sur 4, 7 et 14 compétences ?","SELECT competence_count, AVG(total_score), STDDEV(total_score) FROM fact_evaluation_results GROUP BY competence_count;","Les scores augmentent mécaniquement avec le nombre de compétences évaluées, mais les écarts-types révèlent une forte hétérogénéité des profils. Les apprenants évalués sur 14 compétences montrent un travail plus régulier."
872,global,,Analyse comparative,compare_scores,Quelles compétences contribuent le plus au score total chez les apprenants à haut niveau de réussite ?,"SELECT competence_name, AVG(score) FROM fact_competence_scores WHERE total_score > 180 GROUP BY competence_name;",Les compétences structurantes comme la conjugaison et l’orthographe grammaticale ont un impact majeur sur les scores élevés.
873,group,,Difficultés & obstacles,challenge_difficulty,Quelles compétences de niveau 7 et 8 posent le plus de difficultés aux apprenants en échec ?,"SELECT competence_name, level, AVG(error_rate) FROM fact_competence_levels WHERE learner_group='en_echec' AND level IN (7,8) GROUP BY competence_name, level;","Les niveaux avancés révèlent des lacunes persistantes, notamment chez les apprenants mal entraînés, malgré une forte activité."
874,individual,129,Engagement & comportement,time_spent_analysis,Comment le temps passé par l’étudiant 129 influence-t-il sa progression en compétences ?,"SELECT time_spent, competences_validated FROM fact_usage_traces WHERE user_id=129;","L’étudiant est persévérant mais présente une forte activité sans amélioration notable, indiquant une organisation inefficace de l’effort."
875,global,,Parcours & complétion,learning_path,Quels parcours d’apprentissage typiques observe-t-on chez les apprenants certifiables ?,"SELECT path_type, AVG(total_score) FROM fact_learning_paths WHERE certified=true GROUP BY path_type;",Les certifiables suivent majoritairement des parcours progressifs avec un effort concentré avant les échéances.
876,group,,Profil & segmentation,group_performance,Existe-t-il des différences de performance selon la langue maternelle des apprenants ?,"SELECT mother_tongue, AVG(total_score) FROM dim_user JOIN fact_evaluation_results USING(user_id) GROUP BY mother_tongue;","Les apprenants non natifs montrent plus de difficultés de compréhension, mais certains profils engagés compensent par un travail régulier."
877,global,,Analyse temporelle,evolution_trend,Comment évolue la validation des compétences au fil du temps sur la plateforme ?,"SELECT time_period, AVG(competences_validated) FROM fact_evaluation_results GROUP BY time_period;","Une progression par étapes est observée, avec des phases de stagnation traduisant des points de blocage pédagogiques."
878,group,,Engagement & comportement,engagement_measure,Comment l’engagement diffère-t-il entre apprenants certifiés et non certifiés ?,"SELECT certified, AVG(attempt_count), AVG(time_spent) FROM fact_usage_traces GROUP BY certified;","Les certifiés réalisent davantage de tentatives et montrent une connexion plus régulière, signe d’un engagement durable."
879,global,,Analyse causale,causal_analysis,Quels facteurs expliquent la réussite des apprenants ayant validé plus de 10 compétences ?,"SELECT AVG(time_spent), AVG(connection_frequency) FROM fact_usage_traces WHERE competences_validated > 10;",La persévérance et l’usage régulier de l’outil expliquent en grande partie la surperformance observée.
880,global,,Difficultés & obstacles,difficulty_identification,Quels signaux précoces permettent d’identifier un risque d’abandon ?,"SELECT AVG(time_to_first_activity), AVG(abandoned_questions) FROM fact_usage_traces WHERE dropout=true;",Un démarrage tardif et un nombre élevé de questions abandonnées sont des indicateurs forts de décrochage.
881,global,,Analyse descriptive,performance_evaluation,Quel est le niveau global de performance des apprenants évalués sur l’ensemble des 14 compétences ?,SELECT AVG(total_score) FROM fact_evaluation_results WHERE competence_count = 14;,Les apprenants évalués sur 14 compétences présentent une vision complète de leur maîtrise. Les scores élevés traduisent un travail régulier et une bonne organisation de l’effort.
882,group,,Analyse comparative,group_performance,Comment se comparent les scores des apprenants engagés et passifs mais stratégiques ?,"SELECT engagement_profile, AVG(total_score) FROM fact_evaluation_results GROUP BY engagement_profile;","Les profils passifs mais stratégiques obtiennent parfois des scores comparables aux engagés, grâce à un effort concentré avant les échéances."
883,global,,Analyse temporelle,temporal_comparison,Existe-t-il une différence de performance entre les premières et dernières sessions d’évaluation ?,"SELECT session_order, AVG(total_score) FROM fact_evaluation_results GROUP BY session_order;","Une amélioration progressive est observée chez les apprenants persévérants, tandis que les profils irréguliers stagnent."
884,individual,142,Difficultés & obstacles,difficulty_identification,Quelles compétences bloquent la progression de l’étudiant 142 ?,"SELECT competence_name, error_rate FROM fact_competence_scores WHERE user_id = 142;","L’étudiant présente des lacunes persistantes en conjugaison et construction de phrases, malgré une forte activité sans amélioration."
885,global,,Engagement & comportement,activity_level,Quel est l’impact de la régularité de connexion sur le score total ?,"SELECT connection_regular, AVG(total_score) FROM fact_usage_traces GROUP BY connection_regular;","Une connexion régulière est associée à de meilleurs scores, traduisant un apprentissage progressif et bien entraîné."
886,group,,Profil & segmentation,user_profile_analysis,Quels profils d’apprenants atteignent les scores les plus élevés malgré un temps d’activité réduit ?,"SELECT engagement_profile, AVG(total_score) FROM fact_evaluation_results WHERE time_spent < threshold GROUP BY engagement_profile;",Les profils passifs mais stratégiques optimisent leur effort en ciblant les compétences clés.
887,global,,Parcours & complétion,user_retention,Comment la persévérance influence-t-elle la réussite globale des apprenants ?,"SELECT persistence_level, AVG(total_score) FROM fact_usage_traces GROUP BY persistence_level;","La persévérance apparaît comme un facteur clé de réussite, indépendamment du profil initial."
888,group,,Analyse causale,impact_assessment,Quel est l’impact pédagogique de la validation précoce des compétences sur la réussite finale ?,"SELECT early_validation, AVG(total_score) FROM fact_evaluation_results GROUP BY early_validation;","Une validation précoce favorise la confiance et renforce l’engagement, menant à des scores plus élevés."
889,global,,Difficultés & obstacles,challenge_difficulty,Quelles compétences présentent des points de blocage récurrents dans les trajectoires d’apprentissage ?,"SELECT competence_name, AVG(blocking_rate) FROM fact_learning_paths GROUP BY competence_name;",Les blocages fréquents indiquent des besoins d’ajustement pédagogique ciblé.
890,global,,Engagement & comportement,time_spent_analysis,Comment le temps passé sur la plateforme se traduit-il en progression de score ?,"SELECT time_spent_category, AVG(total_score) FROM fact_usage_traces GROUP BY time_spent_category;","Un temps passé modéré mais régulier est plus efficace qu’un usage intensif et ponctuel, révélant une meilleure gestion de l’effort."
891,global,,Analyse descriptive,statistical_summary,"Quel est le score moyen global lorsque les apprenants sont évalués sur 4, 7 et 14 compétences ?","SELECT competence_count, AVG(total_score) AS avg_score FROM fact_evaluation_results GROUP BY competence_count;","Les apprenants évalués sur 4 compétences atteignent en moyenne 112/224, contre 158/224 pour 7 compétences et 186/224 pour 14 compétences. Ce ratio montre que l’exposition à un plus grand nombre de compétences augmente la probabilité de réussite globale."
892,group,,Engagement & comportement,engagement_measure,Quel est le lien entre le nombre moyen de tentatives et la validation des compétences ?,"SELECT AVG(attempt_count), AVG(competences_validated) FROM fact_usage_traces GROUP BY engagement_profile;","Les apprenants engagés réalisent en moyenne 5,8 tentatives par compétence et valident 72 % des compétences évaluées, contre 3,2 tentatives et 41 % pour les profils passifs mais stratégiques."
893,global,,Difficultés & obstacles,error_rate_analysis,Quels sont les taux d’erreurs moyens par niveau de compétence (niveaux 1 à 8) ?,"SELECT level, AVG(error_rate) FROM fact_competence_levels GROUP BY level;","Le taux d’erreur passe de 18 % aux niveaux 1–2 à 46 % aux niveaux 7–8, indiquant une complexité croissante et des lacunes persistantes chez les apprenants mal entraînés."
894,individual,187,Analyse causale,causal_analysis,Pourquoi l’étudiant 187 n’atteint-il pas un score élevé malgré une forte activité ?,"SELECT total_score, time_spent, abandoned_questions FROM fact_usage_traces WHERE user_id = 187;","Bien que l’étudiant consacre 14 heures à la plateforme (contre une moyenne de 9 h), 28 % de ses questions sont abandonnées. Il est actif mais inefficace, avec une forte activité sans amélioration proportionnelle."
895,global,,Parcours & complétion,completion_rate,Quel est l’impact du taux de complétion sur le score final ?,"SELECT completion_rate, AVG(total_score) FROM fact_learning_paths GROUP BY completion_rate;","Les apprenants ayant un taux de complétion supérieur à 80 % atteignent en moyenne 192/224, contre 124/224 pour ceux en dessous de 50 %, confirmant que le travail régulier favorise la réussite."
896,group,,Profil & segmentation,group_performance,Comment les scores varient-ils selon la langue maternelle des apprenants ?,"SELECT mother_tongue, AVG(total_score) FROM dim_user JOIN fact_evaluation_results USING(user_id) GROUP BY mother_tongue;","Les francophones atteignent un score moyen de 178/224, contre 149/224 pour les non francophones. Cependant, 32 % des non francophones engagés réduisent cet écart grâce à une persévérance accrue."
897,global,,Analyse temporelle,evolution_trend,Comment évolue le score moyen entre le début et la fin du parcours ?,"SELECT time_phase, AVG(total_score) FROM fact_evaluation_results GROUP BY time_phase;","Le score moyen progresse de 121/224 en début de parcours à 174/224 en fin, soit une amélioration de 44 %, principalement chez les apprenants persévérants."
898,group,,Engagement & comportement,time_spent_analysis,Quelle durée d’activité est associée aux meilleurs niveaux de performance ?,"SELECT time_spent_category, AVG(total_score) FROM fact_usage_traces GROUP BY time_spent_category;","Les apprenants actifs entre 6 et 10 heures obtiennent en moyenne 185/224, contre 162/224 pour ceux dépassant 15 heures, révélant qu’un effort concentré est plus efficace qu’un surinvestissement."
899,global,,Difficultés & obstacles,difficulty_identification,Quel est le poids des questions abandonnées dans l’échec global ?,"SELECT AVG(abandoned_questions), AVG(total_score) FROM fact_usage_traces GROUP BY dropout;","Les apprenants en échec abandonnent en moyenne 22 % des questions, contre 7 % chez les certifiables, ce qui réduit mécaniquement leurs chances de validation des compétences."
900,global,,Analyse causale,impact_assessment,Quel est l’impact de la validation précoce des compétences sur la réussite finale ?,"SELECT early_validation_rate, AVG(total_score) FROM fact_evaluation_results GROUP BY early_validation_rate;","Lorsque plus de 50 % des compétences sont validées dès les premières évaluations, le score final moyen atteint 198/224, contre 136/224 lorsque la validation est tardive, soulignant l’effet levier de l’engagement initial."
901,global,,Analyse descriptive,distribution_analysis,Quelle est la répartition des scores globaux (0–224) selon les profils d’engagement des apprenants ?,"SELECT engagement_profile, AVG(total_score), MIN(total_score), MAX(total_score) FROM fact_evaluation_results GROUP BY engagement_profile;","Les apprenants engagés atteignent en moyenne 182/224 (min 145, max 214), tandis que les profils passifs mais stratégiques se situent autour de 168/224. Les profils actifs mais inefficaces plafonnent à 142/224, malgré une forte activité."
902,group,,Engagement & comportement,activity_level,Comment le nombre moyen de connexions influence-t-il la validation des compétences ?,"SELECT connection_frequency, AVG(competences_validated) FROM fact_usage_traces GROUP BY connection_frequency;","Les apprenants se connectant au moins 3 fois par semaine valident en moyenne 9,6 compétences sur 14 (soit 69 %), contre 4,1 compétences (29 %) pour ceux se connectant moins d’une fois par semaine."
903,global,,Analyse temporelle,evolution_trend,Comment évolue le taux d’erreurs moyen au cours du parcours d’apprentissage ?,"SELECT time_phase, AVG(error_rate) FROM fact_competence_levels GROUP BY time_phase;","Le taux d’erreurs moyen passe de 38 % en début de parcours à 24 % en fin, soit une réduction de 14 points, principalement chez les apprenants persévérants et bien entraînés."
904,individual,214,Engagement & comportement,time_spent_analysis,Le temps passé par l’étudiant 214 est-il proportionnel à ses résultats ?,"SELECT time_spent, total_score, abandoned_questions FROM fact_usage_traces WHERE user_id = 214;","Avec 16,5 heures d’activité pour un score de 138/224 et 31 % de questions abandonnées, l’étudiant illustre un profil actif mais inefficace, marqué par une mauvaise gestion de l’effort."
905,global,,Parcours & complétion,learning_path,Quels types de trajectoires d’apprentissage mènent aux scores supérieurs à 180/224 ?,"SELECT path_type, AVG(total_score) FROM fact_learning_paths WHERE total_score > 180 GROUP BY path_type;","Les trajectoires progressives et régulières représentent 62 % des parcours menant à des scores élevés, contre seulement 18 % pour les parcours irréguliers avec effort concentré tardif."
906,group,,Difficultés & obstacles,challenge_difficulty,Quelles compétences de niveaux 7 et 8 génèrent le plus de blocages persistants ?,"SELECT competence_name, AVG(blocking_rate) FROM fact_competence_levels WHERE level IN (7,8) GROUP BY competence_name;","La construction de phrases et la conjugaison présentent des taux de blocage de 48 % et 44 %, révélant des obstacles structurels dans la montée en compétence."
907,global,,Analyse causale,causal_analysis,Quels facteurs expliquent une amélioration négative entre l’évaluation et la certification ?,"SELECT AVG(time_spent), AVG(connection_regular), AVG(competences_validated) FROM fact_evaluation_results WHERE score_trend = 'negative';","Les apprenants en amélioration négative présentent en moyenne 27 % de connexions irrégulières et valident seulement 5 compétences sur 14, indiquant un travail irrégulier et un désengagement progressif."
908,group,,Profil & segmentation,user_profile_analysis,Quels profils socio-démographiques concentrent les scores supérieurs à 190/224 ?,"SELECT education_level, mother_tongue, AVG(total_score) FROM dim_user JOIN fact_evaluation_results USING(user_id) WHERE total_score > 190 GROUP BY education_level, mother_tongue;","Les apprenants bac+3 francophones représentent 54 % des scores >190/224, mais 21 % des non francophones engagés atteignent également ce niveau grâce à une forte persévérance."
909,global,,Engagement & comportement,user_retention,Quel est le lien entre persévérance et score global final ?,"SELECT persistence_level, AVG(total_score) FROM fact_usage_traces GROUP BY persistence_level;","Les apprenants très persévérants obtiennent un score moyen de 191/224, contre 129/224 pour les apprenants faiblement persévérants, soit un écart de 62 points."
910,global,,Analyse causale,impact_assessment,Quel est l’impact pédagogique de la réduction des abandons de questions sur la réussite ?,"SELECT abandoned_rate, AVG(total_score) FROM fact_usage_traces GROUP BY abandoned_rate;","Lorsque le taux d’abandon descend sous 10 %, le score moyen atteint 196/224. À l’inverse, au-delà de 25 % d’abandon, le score chute à 134/224, soulignant l’importance de la persévérance et du guidage pédagogique."
911,global,,Analyse descriptive,aggregate_scores,Quelle est la moyenne des scores globaux selon le nombre de compétences effectivement évaluées ?,"SELECT competence_count, AVG(total_score) FROM fact_evaluation_results GROUP BY competence_count;","Les apprenants évalués sur 4 compétences obtiennent en moyenne 104/224 (46 %), ceux évalués sur 7 compétences atteignent 149/224 (66 %), tandis que l’évaluation sur 14 compétences conduit à une moyenne de 182/224 (81 %), traduisant un apprentissage plus complet et structuré."
912,group,,Analyse comparative,group_performance,Quels écarts de performance observe-t-on entre les apprenants certifiés et non certifiés ?,"SELECT certified, AVG(total_score), AVG(competences_validated) FROM fact_evaluation_results GROUP BY certified;","Les certifiés obtiennent en moyenne 191/224 avec 10,8 compétences validées sur 14 (77 %), contre 137/224 et 5,2 compétences (37 %) pour les non certifiés, confirmant la corrélation forte entre validation et certification."
913,global,,Analyse causale,causal_analysis,Pourquoi certains apprenants présentent-ils un score faible malgré une validation partielle des compétences ?,"SELECT AVG(competences_validated), AVG(total_score), AVG(abandoned_questions) FROM fact_evaluation_results WHERE competences_validated BETWEEN 4 AND 6;","Ces apprenants valident en moyenne 5 compétences sur 14 mais n’atteignent que 132/224, en raison d’un taux d’abandon de 24 % et d’un effort concentré tardif, signe d’un travail irrégulier."
914,global,,Difficultés & obstacles,difficulty_identification,Quelles compétences présentent les taux de stagnation les plus élevés ?,"SELECT competence_name, AVG(stagnation_rate) FROM fact_competence_levels GROUP BY competence_name;","La construction de phrases (41 %) et la maîtrise de la conjugaison (38 %) concentrent les plus fortes stagnations, révélant des lacunes persistantes même chez les apprenants actifs."
915,group,,Engagement & comportement,engagement_measure,Comment l’intensité des tentatives influence-t-elle la réussite finale ?,"SELECT attempt_category, AVG(total_score) FROM fact_usage_traces GROUP BY attempt_category;","Les apprenants réalisant entre 5 et 8 tentatives par compétence obtiennent 186/224 en moyenne, contre 142/224 pour ceux dépassant 12 tentatives, traduisant une forte activité sans amélioration."
916,global,,Analyse temporelle,comparison_over_time,Comment évolue le comportement des apprenants avant et après les échéances clés ?,"SELECT period, AVG(time_spent), AVG(connection_frequency) FROM fact_usage_traces GROUP BY period;","Le temps passé augmente de 63 % avant les échéances, suivi d’une chute de 48 % après, illustrant un effort concentré avant les échéances plutôt qu’un travail régulier."
917,group,,Profil & segmentation,user_profile_analysis,Quels profils d’apprenants combinent engagement élevé et forte réussite ?,"SELECT engagement_profile, AVG(total_score), AVG(time_spent) FROM fact_evaluation_results GROUP BY engagement_profile;","Les profils engagés et persévérants consacrent en moyenne 9,4 heures à la plateforme et atteignent 194/224, contre 15,2 heures et 151/224 pour les actifs mais inefficaces."
918,global,,Parcours & complétion,learning_path,Quels parcours d’apprentissage sont associés à une validation rapide des compétences ?,"SELECT path_type, AVG(time_to_validation) FROM fact_learning_paths GROUP BY path_type;","Les parcours progressifs réduisent le temps moyen de validation à 12 jours par compétence, contre 21 jours pour les parcours irréguliers."
919,global,,Engagement & comportement,activity_level,Quel est l’impact des connexions régulières sur la réduction du taux d’erreurs ?,"SELECT connection_regular, AVG(error_rate) FROM fact_usage_traces GROUP BY connection_regular;","Les apprenants à connexions régulières affichent un taux d’erreurs moyen de 22 %, contre 39 % pour ceux aux connexions irrégulières, indiquant un apprentissage mieux consolidé."
920,global,,Analyse causale,impact_assessment,Comment la diversité des compétences évaluées influence-t-elle la réussite globale ?,"SELECT competence_count, AVG(total_score) FROM fact_evaluation_results GROUP BY competence_count;","Chaque compétence supplémentaire évaluée augmente le score moyen d’environ 6 à 8 points, confirmant que la diversité des compétences renforce la performance globale."
921,global,,Analyse descriptive,distribution_analysis,Comment se répartissent les scores globaux selon le nombre de compétences validées ?,"SELECT competences_validated, AVG(total_score), COUNT(*) FROM fact_evaluation_results GROUP BY competences_validated;","Les apprenants validant moins de 5 compétences obtiennent en moyenne 118/224, contre 176/224 pour ceux validant entre 8 et 10 compétences. Au-delà de 11 compétences validées, le score moyen dépasse 195/224, traduisant une surperformance liée à un engagement soutenu."
922,group,,Engagement & comportement,activity_level,Quel est le lien entre la fréquence hebdomadaire de connexion et la réussite globale ?,"SELECT weekly_connections, AVG(total_score) FROM fact_usage_traces GROUP BY weekly_connections;","Les apprenants se connectant 3 à 4 fois par semaine atteignent en moyenne 188/224, contre 133/224 pour ceux se connectant moins d’une fois par semaine, confirmant l’importance d’un travail régulier."
923,global,,Analyse causale,causal_analysis,Pourquoi certains apprenants très actifs ne parviennent-ils pas à améliorer leurs scores ?,"SELECT AVG(time_spent), AVG(total_score), AVG(abandoned_questions) FROM fact_usage_traces WHERE time_spent > 15;","Malgré un temps moyen supérieur à 15 heures, ces apprenants plafonnent à 146/224 avec un taux d’abandon de 27 %, illustrant un profil actif mais inefficace et une mauvaise gestion de l’effort."
924,global,,Difficultés & obstacles,challenge_difficulty,Quelles compétences de niveau 8 présentent les taux d’échec les plus élevés ?,"SELECT competence_name, AVG(error_rate) FROM fact_competence_levels WHERE level = 8 GROUP BY competence_name;","Aux niveaux 8, la conjugaison et la construction de phrases dépassent 50 % de taux d’erreurs, indiquant des obstacles structurels nécessitant un accompagnement ciblé."
925,group,,Profil & segmentation,user_profile_analysis,Quels profils socio-démographiques combinent faibles scores et fort risque d’abandon ?,"SELECT education_level, mother_tongue, AVG(total_score), AVG(abandoned_questions) FROM dim_user JOIN fact_usage_traces USING(user_id) WHERE dropout = true GROUP BY education_level, mother_tongue;","Les apprenants bac ou bac+1 non francophones présentent un score moyen de 121/224 et abandonnent en moyenne 29 % des questions, révélant des difficultés de compréhension et un désengagement progressif."
926,global,,Analyse temporelle,evolution_trend,"Comment évolue la validation des compétences entre le début, le milieu et la fin du parcours ?","SELECT time_phase, AVG(competences_validated) FROM fact_evaluation_results GROUP BY time_phase;","Les apprenants valident en moyenne 3,1 compétences en début de parcours, 6,4 au milieu et 9,8 en fin, montrant une progression par étapes avec des phases de stagnation intermédiaires."
927,group,,Analyse comparative,compare_scores,Quelles compétences différencient le plus les apprenants à score élevé et faible ?,"SELECT competence_name, AVG(score) FROM fact_competence_scores WHERE total_score > 180 GROUP BY competence_name;","Les compétences structurantes (orthographe grammaticale, conjugaison, enchaînement des phrases) expliquent près de 60 % de l’écart de score entre les profils faibles et forts."
928,global,,Parcours & complétion,user_retention,À quel moment du parcours les abandons sont-ils les plus fréquents ?,"SELECT time_phase, COUNT(*) FROM fact_usage_traces WHERE abandoned = true GROUP BY time_phase;","Près de 52 % des abandons surviennent en milieu de parcours, souvent après une stagnation prolongée des compétences, révélant un décrochage progressif."
929,global,,Engagement & comportement,engagement_measure,Comment l’engagement initial influence-t-il la réussite finale ?,"SELECT early_engagement_level, AVG(total_score) FROM fact_usage_traces GROUP BY early_engagement_level;","Les apprenants fortement engagés dès les premières semaines atteignent 193/224 en moyenne, contre 135/224 pour ceux démarrant tardivement, soit un écart de 58 points."
930,global,,Analyse causale,impact_assessment,Quel est l’impact pédagogique d’un accompagnement ciblé sur les compétences faibles ?,"SELECT supported, AVG(total_score), AVG(competences_validated) FROM fact_evaluation_results GROUP BY supported;","Les apprenants bénéficiant d’un soutien ciblé améliorent leur score moyen de 24 points (+11 %) et valident 2,3 compétences supplémentaires, confirmant l’efficacité des ajustements pédagogiques."
931,global,,Analyse causale,error_rate_analysis,Pourquoi les compétences de niveau 7 présentent-elles un taux d’erreur plus élevé que les niveaux intermédiaires ?,"SELECT competence_level, AVG(error_rate) FROM fact_competence_scores GROUP BY competence_level;","Les compétences de niveau 7 affichent un taux d’erreur moyen de 42 %, contre 27 % pour les niveaux 4–5. Cette rupture s’explique par une complexité cognitive accrue et une mobilisation simultanée de plusieurs règles linguistiques."
932,group,,Profil & segmentation,sociodemographic_comparison,Comment la langue maternelle influence-t-elle les scores élevés (≥180/224) ?,"SELECT mother_tongue, AVG(total_score) FROM dim_user JOIN fact_evaluation_results USING(user_id) GROUP BY mother_tongue;","Les apprenants francophones natifs atteignent en moyenne 187/224, tandis que les non natifs plafonnent à 162/224, malgré un temps d’activité similaire, indiquant un frein linguistique structurel."
933,global,,Engagement & comportement,persistence_metric,En quoi la persévérance influence-t-elle la certification finale ?,"SELECT AVG(attempts), AVG(total_score), certified FROM fact_usage_traces GROUP BY certified;","Les certifiés réalisent en moyenne 1,8 fois plus de tentatives et obtiennent 191/224, contre 139/224 pour les non certifiés, confirmant la persévérance comme facteur clé de réussite."
934,global,,Analyse temporelle,before_after_analysis,Quel est l’impact du passage du niveau 6 au niveau 7 sur la durée des activités ?,"SELECT competence_level, AVG(activity_duration) FROM fact_usage_traces GROUP BY competence_level;","La durée moyenne passe de 14 minutes (niveau 6) à 23 minutes (niveau 7), traduisant une charge cognitive plus élevée et un besoin d’effort soutenu."
935,group,,Difficultés & obstacles,abandon_pattern,Quels types de questions sont les plus souvent abandonnées sans réponse ?,"SELECT question_type, AVG(abandon_rate) FROM fact_question_results GROUP BY question_type;","Les questions ouvertes de justification présentent un taux d’abandon de 31 %, contre 12 % pour les QCM, indiquant une difficulté à expliciter le raisonnement."
936,global,,Parcours & complétion,completion_rate,Comment le nombre de compétences évaluées influence-t-il le taux de complétion du parcours ?,"SELECT competences_evaluated, AVG(completion_rate) FROM fact_evaluation_results GROUP BY competences_evaluated;","Les parcours évaluant moins de 5 compétences affichent un taux de complétion de 84 %, contre 61 % lorsque plus de 10 compétences sont évaluées, suggérant un effet de surcharge."
937,group,,Analyse comparative,high_low_comparison,Quelles différences de comportement distinguent les apprenants très performants des apprenants faibles ?,"SELECT performance_group, AVG(time_spent), AVG(attempts) FROM fact_usage_traces GROUP BY performance_group;","Les apprenants à score élevé (>190/224) passent 22 % plus de temps actif et effectuent 35 % de tentatives supplémentaires, traduisant un engagement qualitatif."
938,global,,Analyse causale,inverse_score_analysis,Pourquoi certains apprenants obtiennent-ils un score faible malgré un temps élevé passé sur la plateforme ?,"SELECT AVG(time_spent), AVG(error_rate), AVG(total_score) FROM fact_usage_traces WHERE time_spent > 20;","Un temps élevé (>20 h) combiné à un taux d’erreur de 48 % conduit à un score moyen de 142/224, révélant une stratégie d’essais-erreurs inefficace."
939,group,,Profil & segmentation,education_level_analysis,Quel est l’effet du niveau d’études sur la maîtrise des compétences de niveau 8 ?,"SELECT education_level, AVG(score_level_8) FROM fact_competence_scores JOIN dim_user USING(user_id) GROUP BY education_level;","Les apprenants bac+3 et plus obtiennent 12,4/16 en moyenne au niveau 8, contre 8,1/16 pour les niveaux bac ou inférieur."
940,global,,Analyse descriptive & statistique,statistical_summary,Quel est le profil statistique moyen des apprenants à score élevé ?,"SELECT AVG(total_score), AVG(competences_validated), AVG(error_rate) FROM fact_evaluation_results WHERE total_score >= 180;","Les apprenants à score élevé présentent en moyenne 186/224, valident 10,6 compétences sur 14 et maintiennent un taux d’erreur inférieur à 18 %."
941,global,,Comparaison ciblée évaluation / certification,impact_assessment,Dans quelle mesure les résultats des évaluations reflètent-ils les résultats finaux de certification ?,"SELECT CORR(f.score_total, cert.certification_score) AS correlation_eval_cert FROM fact_evaluation_results f JOIN dim_certification_candidate cert ON f.user_id = cert.user_id","La corrélation observée est élevée (r ≈ 0,93), indiquant que l’évaluation reflète fidèlement la performance finale. Les apprenants engagés et persévérants valident en moyenne 10 à 12 compétences sur 14, avec des scores compris entre 160 et 190/224. À l’inverse, les profils passifs mais stratégiques montrent parfois une amélioration négative, suggérant une gestion de l’effort insuffisante malgré un temps de connexion acceptable."
942,global,,Évolution du comportement,evolution_trend,Comment l’usage de la plateforme évolue-t-il entre le début et la fin du parcours d’apprentissage ?,"SELECT t.period, AVG(f.time_spent) AS temps_moyen FROM fact_evaluation_results f JOIN dim_time t ON f.time_id = t.id GROUP BY t.period","L’analyse révèle une hausse progressive du temps d’activité jusqu’au milieu du parcours, suivie d’une chute pour 28 % des apprenants. Les profils engagés maintiennent un travail régulier, tandis que d’autres concentrent leur effort avant les échéances, traduisant un comportement actif mais inefficace sur la durée."
943,global,,Analyse des causes,causal_analysis,Pourquoi certains apprenants présentent-ils des scores faibles malgré une forte activité sur la plateforme ?,"SELECT AVG(f.nb_connexions), AVG(f.score_total) FROM fact_evaluation_results f GROUP BY f.profile_type","Les données montrent qu’un sous-groupe affiche une forte activité sans amélioration notable, avec plus de 25 connexions mais un score moyen inférieur à 110/224. Ce profil actif mais inefficace est souvent mal entraîné, avec des difficultés de compréhension et une mauvaise organisation de l’effort."
944,global,,Compétences faibles,challenge_difficulty,Quelles compétences de niveau 7 et 8 posent le plus de difficultés aux apprenants ?,"SELECT c.competence_name, AVG(f.score_competence) AS score_moyen FROM fact_evaluation_results f JOIN dim_competence c ON f.competence_id = c.id WHERE c.level IN (7,8) GROUP BY c.competence_name","Les compétences de conjugaison avancée et de point de vue obtiennent des scores moyens inférieurs à 8/16. Ces niveaux élevés nécessitent une forte capacité d’abstraction, expliquant un taux d’erreurs supérieur à 45 % et un nombre important de réponses abandonnées."
945,global,,Analyse par profil socio-démographique,group_performance,Existe-t-il des différences de performance selon le profil linguistique et scolaire des apprenants ?,"SELECT u.language_background, AVG(f.score_total) AS score_moyen FROM fact_evaluation_results f JOIN dim_user u ON f.user_id = u.id GROUP BY u.language_background","Les apprenants de langue maternelle française atteignent en moyenne 155/224, contre 128/224 pour les non natifs. Ces écarts s’expliquent par des difficultés de compréhension lexicale et grammaticale, malgré un engagement parfois élevé et une persévérance marquée."
946,global,,Persévérance,user_retention,Quel rôle joue la persévérance dans la réussite globale des apprenants ?,"SELECT AVG(f.nb_attempts) AS tentatives_moyennes, AVG(f.score_total) AS score_moyen FROM fact_evaluation_results f","Les apprenants persévérants réalisent en moyenne 1,7 fois plus de tentatives et obtiennent des scores supérieurs de 35 points. La persévérance apparaît comme un facteur clé de réussite, traduisant un engagement durable et une meilleure gestion du temps."
947,global,,Parcours d’apprentissage,learning_path,Quels parcours typiques de montée en compétence peut-on identifier chez les apprenants ?,"SELECT COUNT(DISTINCT f.user_id) AS nb_apprenants, f.transition_type FROM fact_evaluation_results f GROUP BY f.transition_type","Trois parcours dominent : progression régulière (42 %), progression irrégulière (37 %) et stagnation précoce (21 %). Les parcours réguliers correspondent à des apprenants bien entraînés, tandis que la stagnation est associée à des lacunes persistantes et à un usage partiel de la plateforme."
948,global,,Niveau d’activité,activity_level,Comment le niveau d’activité influence-t-il la validation des compétences ?,"SELECT AVG(f.nb_connexions), AVG(f.validated_competences) FROM fact_evaluation_results f","Un niveau d’activité élevé est généralement associé à un plus grand nombre de compétences validées. Toutefois, une forte activité sans amélioration reste observée chez certains profils, révélant un manque de stratégie d’apprentissage malgré un engagement apparent."
949,global,,Taux de complétion,completion_rate,Quel est le taux de complétion global des évaluations proposées ?,SELECT AVG(f.completion_rate) AS taux_completion FROM fact_evaluation_results f,"Le taux de complétion moyen atteint 78 %. Les abandons surviennent principalement au milieu du parcours, souvent liés à des difficultés de compréhension et à une baisse d’engagement après un effort concentré initial."
950,global,,Capacité d’adaptation du dispositif,impact_assessment,Dans quelle mesure le dispositif s’adapte-t-il à la diversité des profils d’apprenants ?,SELECT COUNT(DISTINCT f.profile_type) AS nb_profils_identifies FROM fact_evaluation_results f,"Le dispositif permet d’identifier plusieurs profils distincts et d’adapter les parcours. Les apprenants engagés bénéficient de défis avancés, tandis que ceux en difficulté sont détectés précocement grâce aux traces comportementales, limitant les biais algorithmiques et favorisant un accompagnement ciblé."
951,global,,Résumé statistique,statistical_summary,Quel résumé statistique global peut-on établir à partir des scores des apprenants ?,"SELECT AVG(score_total) AS moyenne, MIN(score_total) AS minimum, MAX(score_total) AS maximum, STDDEV(score_total) AS ecart_type FROM fact_evaluation_results","La moyenne globale atteint 148/224 avec un écart-type élevé, révélant une forte hétérogénéité. Cette dispersion traduit des profils très motivés et surperformants, mais aussi des apprenants en difficulté présentant des lacunes persistantes et un travail irrégulier."
952,global,,Comparaison temporelle,temporal_comparison,Existe-t-il une différence de performance entre le début et la fin du parcours d’apprentissage ?,"SELECT t.period, AVG(f.score_total) AS score_moyen FROM fact_evaluation_results f JOIN dim_time t ON f.time_id = t.id GROUP BY t.period","Les scores progressent de 118/224 en début de parcours à 162/224 en fin. Cette amélioration est portée par des apprenants persévérants, tandis que d’autres montrent une stagnation liée à une baisse d’engagement après les premières activités."
953,global,,Avant / Après,comparison_over_time,Comment évoluent les scores avant et après une phase intensive d’entraînement ?,"SELECT phase, AVG(score_total) FROM fact_evaluation_results GROUP BY phase","Une hausse moyenne de 27 points est observée après l’entraînement. Les apprenants bien entraînés montrent un gain significatif, tandis que les profils actifs mais inefficaces investissent du temps sans amélioration proportionnelle."
954,global,,Classement utilisateurs,get_top_performers,Quels sont les profils d’apprenants affichant les scores globaux les plus élevés ?,"SELECT user_id, score_total FROM fact_evaluation_results ORDER BY score_total DESC LIMIT 10","Les meilleurs scores dépassent 190/224 et concernent des apprenants surperformants, très engagés, avec une connexion régulière et un effort réparti dans le temps, traduisant une excellente gestion de l’apprentissage."
955,global,,Comparaison groupes,group_performance,Comment se comparent les performances des apprenants engagés et peu engagés ?,"SELECT engagement_level, AVG(score_total) FROM fact_evaluation_results GROUP BY engagement_level",Les apprenants engagés atteignent en moyenne 170/224 contre 115/224 pour les peu engagés. L’écart s’explique par une persévérance accrue et une meilleure organisation de l’effort.
956,global,,Facteurs d’échec / réussite,motivation_analysis,Quels facteurs expliquent la réussite ou l’échec des apprenants ?,"SELECT AVG(time_spent), AVG(abandoned_questions), AVG(score_total) FROM fact_evaluation_results",La réussite est associée à un temps passé régulier et à un faible taux d’abandon. Les échecs sont souvent liés à des réponses abandonnées et à un effort concentré uniquement avant les échéances.
957,global,,Temps passé,time_spent_analysis,Le temps passé sur la plateforme influence-t-il la validation des compétences ?,"SELECT AVG(time_spent), AVG(validated_competences) FROM fact_evaluation_results","Un temps passé élevé favorise la validation des compétences, mais uniquement lorsqu’il est associé à un travail régulier. Une forte activité sans amélioration reste observée chez certains apprenants mal entraînés."
958,global,,Persévérance,user_retention,Comment la persévérance se manifeste-t-elle dans les parcours d’apprentissage ?,"SELECT AVG(nb_attempts), AVG(score_total) FROM fact_evaluation_results",Les apprenants persévérants effectuent davantage de tentatives et obtiennent des scores supérieurs. La persévérance apparaît comme un levier central pour dépasser les difficultés de compréhension.
959,global,,Segmentation socio-démographique,group_performance,Les performances varient-elles selon le parcours scolaire et linguistique des apprenants ?,"SELECT u.education_level, AVG(f.score_total) FROM fact_evaluation_results f JOIN dim_user u ON f.user_id = u.id GROUP BY u.education_level",Les apprenants issus d’un parcours francophone obtiennent de meilleurs scores globaux. Les autres profils montrent une forte implication mais des lacunes persistantes liées à la maîtrise linguistique.
960,global,,Impact pédagogique,impact_assessment,Quel est l’impact pédagogique global du dispositif sur la progression des compétences ?,SELECT AVG(validated_competences) FROM fact_evaluation_results,"En moyenne, 8 compétences sur 14 sont validées. Le dispositif favorise une progression graduelle, mais aucun apprenant ne valide l’ensemble des compétences, révélant des limites nécessitant des ajustements pédagogiques."
961,global,,Analyse des causes,causal_analysis,Pourquoi certains apprenants engagés obtiennent-ils des scores globaux inférieurs malgré une forte activité ?,"SELECT AVG(f.time_spent), AVG(f.nb_connexions), AVG(f.score_total) FROM fact_evaluation_results f WHERE f.engagement_level = 'élevé'","Malgré une forte activité (temps moyen > 5h et connexions fréquentes), une partie des apprenants reste sous les 130/224. Ce profil actif mais inefficace traduit un manque de stratégie et des difficultés de compréhension, avec une forte activité sans amélioration et une organisation de l’effort inadéquate."
962,global,,Compétences faibles,challenge_difficulty,Quelles compétences présentent les taux de blocage les plus élevés lors du parcours ?,"SELECT c.competence_name, AVG(f.blocking_rate) FROM fact_evaluation_results f JOIN dim_competence c ON f.competence_id = c.id GROUP BY c.competence_name",Les compétences de conjugaison et de construction des phrases présentent des taux de blocage supérieurs à 40 %. Ces lacunes persistantes freinent la progression et expliquent une stagnation rapide chez les apprenants mal entraînés.
963,global,,Évolution dans le temps,evolution_trend,Comment évolue la validation des compétences tout au long du parcours d’apprentissage ?,"SELECT t.period, AVG(f.validated_competences) FROM fact_evaluation_results f JOIN dim_time t ON f.time_id = t.id GROUP BY t.period","La validation progresse lentement au début, s’accélère en milieu de parcours puis stagne. Ce schéma correspond à un effort concentré avant les échéances, suivi d’une baisse d’engagement pour certains profils."
964,global,,Niveau d’activité,activity_level,Quel lien existe entre le niveau d’activité et le score total obtenu ?,"SELECT activity_level, AVG(score_total) FROM fact_evaluation_results GROUP BY activity_level","Un niveau d’activité élevé est corrélé à de meilleurs scores, mais uniquement lorsque l’activité est régulière. Les profils à activité intense mais désorganisée montrent des scores plus faibles et un taux d’erreurs élevé."
965,global,,Abandon,user_retention,À quel moment du parcours les abandons sont-ils les plus fréquents ?,"SELECT t.period, COUNT(*) FROM fact_evaluation_results f JOIN dim_time t ON f.time_id = t.id WHERE f.abandoned_questions > 0 GROUP BY t.period","Les abandons culminent en milieu de parcours. Ils concernent majoritairement des apprenants passifs mais stratégiques, qui interrompent l’effort face à des compétences de niveau 7 et 8 jugées trop exigeantes."
966,global,,Analyse par profil,user_profile_analysis,Quels profils d’apprenants réussissent le mieux la certification finale ?,"SELECT profile_type, AVG(cert.certification_score) FROM dim_certification_candidate cert GROUP BY profile_type","Les profils engagés obtiennent les scores de certification les plus élevés. Ils valident plus de compétences dès l’évaluation et font preuve d’une persévérance constante, contrairement aux profils hésitants ou en difficulté."
967,global,,Segmentation socio-démographique,group_performance,Comment le niveau de langue maternelle influence-t-il la progression des compétences ?,"SELECT u.native_language, AVG(f.validated_competences) FROM fact_evaluation_results f JOIN dim_user u ON f.user_id = u.id GROUP BY u.native_language","Les apprenants de langue maternelle française valident davantage de compétences. Les non natifs montrent un fort engagement mais rencontrent plus de difficultés de compréhension, notamment sur les compétences grammaticales."
968,global,,Impact pédagogique,impact_assessment,Quel est l’impact du dispositif sur la progression des apprenants en difficulté ?,SELECT AVG(score_total) FROM fact_evaluation_results WHERE profile_type = 'en_difficulté',"Les apprenants en difficulté progressent en moyenne de 18 points, indiquant un impact pédagogique positif mais limité. Leur progression reste entravée par des lacunes persistantes et un travail irrégulier."
969,global,,Comparer compétences,compare_scores,Quelles compétences contribuent le plus au score global final ?,"SELECT c.competence_name, AVG(f.score_competence) FROM fact_evaluation_results f JOIN dim_competence c ON f.competence_id = c.id GROUP BY c.competence_name","Les compétences structurantes (orthographe, conjugaison, syntaxe) expliquent une grande partie du score global. Leur maîtrise différencie clairement les apprenants surperformants des autres."
970,global,,Parcours d’apprentissage,learning_path,Quels types de trajectoires d’apprentissage sont associés aux meilleurs résultats globaux ?,"SELECT trajectory_type, AVG(score_total) FROM fact_evaluation_results GROUP BY trajectory_type",Les trajectoires régulières sont associées aux scores les plus élevés (≈175/224). Les parcours marqués par des ruptures ou des abandons partiels traduisent un engagement instable et une gestion inefficace de l’effort.
971,global,,Niveau global de performance,performance_evaluation,"Quel est le niveau global de performance des apprenants évalués sur un sous-ensemble de compétences (4, 7 ou 9 compétences) ?","SELECT AVG(f.score_total) AS score_moyen FROM fact_evaluation_results f WHERE f.nb_competences_evaluees IN (4,7,9)","Les apprenants évalués sur 4 compétences présentent un score moyen de 118/224, contre 152/224 pour ceux évalués sur 9 compétences. Moins de compétences évaluées réduit les chances de certification, traduisant un engagement partiel et un travail irrégulier, souvent lié à des abandons précoces."
972,global,,Analyse des causes,causal_analysis,Pourquoi certains apprenants évalués sur 14 compétences n’atteignent-ils pas un score élevé ?,"SELECT AVG(f.error_rate), AVG(f.abandoned_questions), AVG(f.score_total) FROM fact_evaluation_results f WHERE f.nb_competences_evaluees = 14","Malgré une couverture complète des compétences, un taux d’erreurs supérieur à 40 % et des réponses abandonnées expliquent des scores inférieurs à 140/224. Ces profils sont actifs mais inefficaces, souvent mal entraînés sur les compétences de niveau 7 et 8."
973,global,,Temps passé,time_spent_analysis,Comment la durée d’activité influence-t-elle les scores globaux des apprenants ?,"SELECT CASE WHEN time_spent < 2 THEN 'faible' WHEN time_spent BETWEEN 2 AND 5 THEN 'moyenne' ELSE 'élevée' END AS duree, AVG(score_total) FROM fact_evaluation_results GROUP BY duree","Une durée élevée d’activité (>5h) est associée à un score moyen de 170/224, mais uniquement lorsque le travail est régulier. Les longues durées concentrées avant les échéances traduisent une forte activité sans amélioration durable."
974,global,,Identification des difficultés,difficulty_identification,Quelles compétences génèrent le plus de réponses abandonnées sans soumission ?,"SELECT c.competence_name, SUM(f.abandoned_questions) FROM fact_evaluation_results f JOIN dim_competence c ON f.competence_id = c.id GROUP BY c.competence_name","Les abandons se concentrent sur la conjugaison avancée et le point de vue, avec un ratio d’abandon supérieur à 30 %. Ces compétences complexes déclenchent des difficultés de compréhension et une baisse de persévérance."
975,global,,Analyse comparative,group_performance,Comment se comparent les scores des apprenants certifiés et non certifiés ?,"SELECT cert.is_certified, AVG(f.score_total) FROM fact_evaluation_results f JOIN dim_certification_candidate cert ON f.user_id = cert.user_id GROUP BY cert.is_certified","Les apprenants certifiés atteignent en moyenne 182/224 contre 124/224 pour les non certifiés. Les certifiés montrent une persévérance élevée, plus de tentatives et un engagement régulier tout au long du parcours."
976,global,,Mesure engagement,engagement_measure,Quel lien existe entre le nombre de tentatives et la réussite globale ?,"SELECT AVG(nb_attempts), AVG(score_total) FROM fact_evaluation_results",Les apprenants réalisant plus de tentatives obtiennent des scores supérieurs de 30 points en moyenne. Cette persévérance reflète un engagement durable et une meilleure appropriation des compétences.
977,global,,Profil & segmentation,user_profile_analysis,Quels profils d’apprenants présentent une amélioration négative entre évaluation et certification ?,"SELECT profile_type, COUNT(*) FROM dim_certification_candidate WHERE certification_score < evaluation_score GROUP BY profile_type","Les profils hésitants sont majoritaires parmi les améliorations négatives. Ils montrent un engagement irrégulier et un effort concentré tardivement, conduisant à une baisse de performance finale."
978,global,,Évolution dans le temps,evolution_trend,Comment évolue la fréquence de connexion des apprenants au fil du temps ?,"SELECT t.period, AVG(f.nb_connexions) FROM fact_evaluation_results f JOIN dim_time t ON f.time_id = t.id GROUP BY t.period","La fréquence de connexion augmente jusqu’au milieu du parcours puis décroît. Les apprenants engagés maintiennent une présence stable, contrairement aux profils en difficulté qui décrochent progressivement."
979,global,,Impact pédagogique,impact_assessment,Dans quelle mesure la validation progressive des compétences améliore-t-elle le score global ?,"SELECT AVG(validated_competences), AVG(score_total) FROM fact_evaluation_results",Chaque compétence validée supplémentaire augmente le score global d’environ 12 points. La validation continue reflète un apprentissage bien entraîné et une organisation efficace de l’effort.
980,global,,Segmentation socio-démographique,group_performance,Les performances varient-elles selon le type de baccalauréat suivi par les apprenants ?,"SELECT u.baccalaureate_type, AVG(f.score_total) FROM fact_evaluation_results f JOIN dim_user u ON f.user_id = u.id GROUP BY u.baccalaureate_type",Les apprenants issus d’un bac général obtiennent des scores plus élevés. Ceux issus de filières techniques montrent un engagement fort mais rencontrent davantage de difficultés de compréhension sur les compétences linguistiques avancées.
981,global,,Analyse causale,causal_analysis,Pourquoi les apprenants atteignant les niveaux 7 et 8 de compétence rencontrent-ils davantage de difficultés malgré un engagement élevé ?,"SELECT AVG(f.score_competence), AVG(f.time_spent), AVG(f.error_rate) FROM fact_evaluation_results f JOIN dim_competence c ON f.competence_id = c.id WHERE c.level IN (7,8)","Les niveaux 7 et 8 affichent un score moyen inférieur à 9/16 avec un taux d’erreurs dépassant 48 %. Bien que le temps passé soit élevé, ces apprenants sont souvent actifs mais inefficaces, car les compétences mobilisent des processus cognitifs complexes mal maîtrisés, générant des lacunes persistantes."
982,global,,Engagement & comportement,engagement_measure,Comment le moment de démarrage des activités influence-t-il la réussite globale des apprenants ?,"SELECT f.start_timing, AVG(f.score_total) FROM fact_evaluation_results f GROUP BY f.start_timing","Les apprenants démarrant tôt obtiennent en moyenne 168/224, contre 122/224 pour ceux commençant tardivement. Un démarrage précoce reflète un travail régulier et une meilleure gestion de l’effort, contrairement à l’effort concentré avant les échéances."
983,global,,Parcours & complétion,completion_rate,Quel lien existe entre le taux de complétion des activités et la validation des compétences ?,"SELECT AVG(f.completion_rate), AVG(f.validated_competences) FROM fact_evaluation_results f","Un taux de complétion supérieur à 85 % est associé à la validation de plus de 9 compétences sur 14. Les apprenants persévérants complètent davantage d’activités, tandis que les profils en difficulté abandonnent plus fréquemment en milieu de parcours."
984,global,,Profil & segmentation,user_profile_analysis,Quels profils d’apprenants combinent un score élevé et un faible temps de connexion ?,"SELECT profile_type, AVG(score_total), AVG(nb_connexions) FROM fact_evaluation_results GROUP BY profile_type","Un sous-groupe passif mais stratégique obtient des scores élevés (>165/224) avec peu de connexions. Ces apprenants ciblent efficacement les compétences clés et montrent une forte autonomie, malgré une activité apparente réduite."
985,global,,Analyse comparative,group_performance,Comment se comparent les performances des apprenants selon leur langue d’enseignement au secondaire ?,"SELECT u.secondary_language, AVG(f.score_total) FROM fact_evaluation_results f JOIN dim_user u ON f.user_id = u.id GROUP BY u.secondary_language","Les apprenants ayant suivi un enseignement majoritairement en français obtiennent de meilleurs scores. Les autres profils restent engagés mais rencontrent davantage de difficultés de compréhension, notamment sur les compétences grammaticales avancées."
986,global,,Difficultés & obstacles,difficulty_identification,Quelles compétences provoquent le plus de stagnation sans progression au fil du temps ?,"SELECT c.competence_name, AVG(f.progression_rate) FROM fact_evaluation_results f JOIN dim_competence c ON f.competence_id = c.id GROUP BY c.competence_name","La stagnation est particulièrement marquée sur la construction des phrases et la conjugaison. Ces compétences montrent peu de transitions de niveau, traduisant des blocages durables et un besoin d’ajustement pédagogique."
987,global,,Analyse temporelle,evolution_trend,Comment évolue la durée moyenne des sessions d’apprentissage au cours du parcours ?,"SELECT t.period, AVG(f.session_duration) FROM fact_evaluation_results f JOIN dim_time t ON f.time_id = t.id GROUP BY t.period","Les sessions s’allongent en milieu de parcours puis raccourcissent en fin. Les profils engagés maintiennent une durée stable, tandis que les profils en difficulté réduisent progressivement leur temps de travail."
988,global,,Impact pédagogique,impact_assessment,Quel est l’impact de l’entraînement ciblé sur les compétences structurantes ?,SELECT AVG(f.score_competence) FROM fact_evaluation_results f JOIN dim_competence c ON f.competence_id = c.id WHERE c.category = 'structurante',"Les compétences structurantes bénéficient le plus de l’entraînement ciblé, avec un gain moyen de 3 points par compétence. Les apprenants bien entraînés montrent une amélioration progressive et durable."
989,global,,Profil & segmentation,group_performance,Les performances diffèrent-elles selon l’âge des apprenants ?,"SELECT u.age_group, AVG(f.score_total) FROM fact_evaluation_results f JOIN dim_user u ON f.user_id = u.id GROUP BY u.age_group",Les apprenants plus âgés présentent une meilleure persévérance mais un rythme plus lent. Les plus jeunes affichent une forte activité mais parfois une organisation inefficace de l’effort.
990,global,,Analyse causale,causal_analysis,Comment les réponses abandonnées influencent-elles le score global final ?,"SELECT AVG(abandoned_questions), AVG(score_total) FROM fact_evaluation_results","Chaque question abandonnée réduit le score global d’environ 6 points. Les abandons répétés traduisent une baisse de persévérance et des difficultés de compréhension non résolues, impactant fortement la réussite finale."
991,global,,Analyse descriptive & statistique,stat_summary,"Quelle est la répartition des scores globaux (0–224) selon le nombre de compétences évaluées (4, 7, 9, 14) ?","SELECT nb_competences_evaluees, AVG(score_total), STDDEV(score_total) FROM fact_evaluation_results GROUP BY nb_competences_evaluees","Les apprenants évalués sur 14 compétences présentent une moyenne plus stable, tandis que ceux évalués sur 4 compétences affichent une variance élevée. Le score maximal théorique (224) n’est approché que lorsque l’évaluation couvre un spectre large de compétences."
992,global,,Analyse comparative,group_comparison,Les apprenants évalués sur 4 compétences obtiennent-ils proportionnellement de meilleurs scores que ceux évalués sur 14 ?,"SELECT nb_competences_evaluees, AVG(score_total/ (nb_competences_evaluees*16.0)) FROM fact_evaluation_results GROUP BY nb_competences_evaluees","Rapporté au score maximal possible, les apprenants évalués sur moins de compétences semblent mieux performer. Cela traduit souvent une évaluation ciblée plutôt qu’une maîtrise globale."
993,global,,Engagement & comportement,behavior_analysis,Quel lien existe entre la régularité des connexions et le score global final ?,"SELECT connection_regularity, AVG(score_total) FROM fact_evaluation_results GROUP BY connection_regularity",Une connexion régulière (hebdomadaire ou plus) est associée à un score moyen supérieur à 160/224. Les connexions irrégulières traduisent souvent un engagement fluctuant et des performances plus faibles.
994,global,,Parcours & complétion,dropout_analysis,À quel moment du parcours les abandons sont-ils les plus fréquents ?,"SELECT parcours_phase, COUNT(*) FROM fact_evaluation_results WHERE abandoned = true GROUP BY parcours_phase","Les abandons culminent en milieu de parcours, souvent après les premières difficultés. Cela suggère un besoin d’accompagnement renforcé à cette étape critique."
995,global,,Difficultés & obstacles,error_analysis,Quels niveaux de compétence (1 à 8) génèrent le plus fort taux d’erreurs ?,"SELECT competence_level, AVG(error_rate) FROM fact_evaluation_results GROUP BY competence_level","Les niveaux 7 et 8 affichent un taux d’erreurs supérieur à 50 %, confirmant leur caractère exigeant. Ces niveaux nécessitent un raisonnement complexe et une forte maîtrise linguistique."
996,global,,Analyse temporelle,before_after,Observe-t-on une amélioration significative des scores après un entraînement ciblé ?,SELECT AVG(score_after - score_before) FROM fact_training_results,L’amélioration moyenne est de +28 points sur 224 après entraînement ciblé. Les gains sont plus marqués chez les apprenants initialement engagés.
997,global,,Profil & segmentation,sociodemographic_segmentation,Les performances varient-elles selon la langue maternelle déclarée ?,"SELECT mother_tongue, AVG(score_total) FROM fact_evaluation_results JOIN dim_user USING(user_id) GROUP BY mother_tongue",Les apprenants francophones natifs obtiennent en moyenne des scores plus élevés. Les non-natifs restent engagés mais rencontrent davantage de difficultés sur les compétences grammaticales avancées.
998,global,,Analyse causale,causal_analysis,Le temps passé excessif est-il un indicateur d’efficacité ou de difficulté ?,"SELECT CASE WHEN time_spent > threshold THEN 'élevé' ELSE 'modéré' END, AVG(score_total) FROM fact_evaluation_results GROUP BY 1",Un temps passé très élevé n’implique pas nécessairement un meilleur score. Il reflète souvent des stratégies inefficaces ou des difficultés persistantes.
999,global,,Impact pédagogique,pedagogical_impact,Quels types de feedback favorisent le mieux la progression des compétences ?,"SELECT feedback_type, AVG(score_progression) FROM fact_feedback_results GROUP BY feedback_type",Les feedbacks explicatifs et contextualisés génèrent les progressions les plus élevées. Les feedbacks purement correctifs ont un impact plus limité.
1000,global,,Profil & segmentation,success_profile,Quelles caractéristiques communes définissent les apprenants à score élevé (>180/224) ?,"SELECT AVG(nb_connexions), AVG(completion_rate), AVG(validated_competences) FROM fact_evaluation_results WHERE score_total > 180","Les apprenants à score élevé combinent régularité, persévérance et ciblage des compétences structurantes. Leur comportement est engagé, organisé et orienté vers l’efficacité."
1000,individual,1252,analyse descriptive & statistique,moyenne_des_scores,Quel est le score moyen de l'étudiant 1252 sur les évaluations de la compétence 'Choisir ses mots et ses expressions' ?,"SELECT ROUND(AVG(score), 2) AS score_moyen FROM fact_evaluation_results WHERE user_id = 1252 AND competence_id = (SELECT id FROM dim_competence WHERE nom = 'Choisir ses mots et ses expressions');","L'étudiant 1252 présente un score moyen de 72,5% sur 8 évaluations pour cette compétence. Ce score légèrement au-dessus du seuil de validation (70%) indique une maîtrise correcte mais perfectible."
1001,group,,difficultés & obstacles,identification_des_difficultes,Quel est le score moyen du groupe 'Débutant' pour la compétence 'Comprendre les mots' ?,"SELECT ROUND(AVG(f.score), 2) AS score_moyen_groupe FROM fact_evaluation_results f JOIN dim_user u ON f.user_id = u.id WHERE u.profil = 'Débutant' AND f.competence_id = (SELECT id FROM dim_competence WHERE nom = 'Comprendre les mots');","Le score moyen du groupe est de 65,3%, sous le seuil de validation. Cela révèle des difficultés de compréhension lexicale chez les débutants."
1002,global,,parcours & complétion,taux_de_completion,Combien d'apprenants ont complété au moins une évaluation pour la compétence 'Maîtriser l'orthographe des mots' ce mois-ci ?,"SELECT COUNT(DISTINCT user_id) AS apprenants_actifs FROM fact_evaluation_results WHERE competence_id = (SELECT id FROM dim_competence WHERE nom = 'Maîtriser l''orthographe des mots') AND date >= DATE_TRUNC('month', CURRENT_DATE);","345 apprenants sur 1250 (27,6%) ont été actifs sur cette compétence ce mois. Ce taux d'engagement modéré suggère un besoin de relance pédagogique."
1003,individual,1252,engagement & comportement,mesure_engagement,Combien de tentatives l'étudiant 1252 a-t-il effectuées pour valider la compétence 'Développer un vocabulaire étendu' ?,SELECT COUNT(*) AS nombre_tentatives FROM fact_evaluation_results WHERE user_id = 1252 AND competence_id = (SELECT id FROM dim_competence WHERE nom = 'Développer un vocabulaire étendu');,"L'étudiant a réalisé 6 tentatives, démontrant une persévérance notable pour atteindre le seuil de validation fixé à 70%."
1004,group,,analyse comparative,comparer_competences,Quelle est la compétence ayant le score moyen le plus bas parmi le groupe 'Avancé' ?,"SELECT c.nom, ROUND(AVG(f.score), 2) AS score_moyen FROM fact_evaluation_results f JOIN dim_competence c ON f.competence_id = c.id JOIN dim_user u ON f.user_id = u.id WHERE u.profil = 'Avancé' GROUP BY c.id, c.nom ORDER BY score_moyen ASC LIMIT 1;","La compétence 'Organiser ses textes' obtient le score moyen le plus bas (58,9%) chez les avancés. Cette faiblesse structurelle impacte la qualité globale de leurs productions écrites."
1005,global,,analyse descriptive & statistique,repartition_des_scores,Comment se répartissent les scores (par tranches de 10%) pour l'ensemble des évaluations de la compétence 'Articuler les termes entre eux' ?,"SELECT CASE WHEN score >= 90 THEN '90-100%' WHEN score >= 80 THEN '80-89%' WHEN score >= 70 THEN '70-79%' WHEN score >= 60 THEN '60-69%' WHEN score >= 50 THEN '50-59%' ELSE 'Moins de 50%' END AS tranche, COUNT(*) AS nombre FROM fact_evaluation_results WHERE competence_id = (SELECT id FROM dim_competence WHERE nom = 'Articuler les termes entre eux') GROUP BY tranche ORDER BY tranche DESC;","La répartition est polarisée : 28% des scores sont supérieurs à 80%, mais 35% sont inférieurs à 60%. Cette dispersion importante signale des besoins pédagogiques très différenciés."
1006,individual,1252,analyse causale,facteurs_d_echec_reussite,Pourquoi l'étudiant 1252 a-t-il échoué à sa première tentative sur la compétence 'Maîtriser l'orthographe grammaticale' ?,"SELECT score, tentative, temps_passe_minutes FROM fact_evaluation_results WHERE user_id = 1252 AND competence_id = (SELECT id FROM dim_competence WHERE nom = 'Maîtriser l''orthographe grammaticale') ORDER BY tentative ASC LIMIT 1;","Lors de sa première tentative, l'étudiant a obtenu 45% avec un temps de passation très court (18 min). Ce résultat suggère un manque de préparation ou une sous-estimation de la difficulté."
1007,group,,analyse temporelle,evolution_dans_le_temps,Comment a évolué le score moyen mensuel du groupe 'Intermédiaire' sur la compétence 'Construire ses phrases' au dernier trimestre ?,"SELECT t.mois, ROUND(AVG(f.score), 2) AS score_moyen FROM fact_evaluation_results f JOIN dim_time t ON f.time_id = t.id JOIN dim_user u ON f.user_id = u.id WHERE u.profil = 'Intermédiaire' AND f.competence_id = (SELECT id FROM dim_competence WHERE nom = 'Construire ses phrases') AND t.trimestre = EXTRACT('quarter' FROM CURRENT_DATE - INTERVAL '3 months') GROUP BY t.mois ORDER BY t.mois;",Le score moyen est passé de 62% à 69% sur le trimestre. Cette progression régulière de 7 points montre l'efficacité du parcours pédagogique pour ce groupe.
1008,global,,profil & segmentation,segmentation_socio_demographique,Quel est le score moyen par tranche d'âge sur la compétence 'Utiliser des reprises' ?,"SELECT CASE WHEN u.demographie_age < 25 THEN 'Moins de 25 ans' WHEN u.demographie_age BETWEEN 25 AND 40 THEN '25-40 ans' ELSE 'Plus de 40 ans' END AS tranche_age, ROUND(AVG(f.score), 2) AS score_moyen FROM fact_evaluation_results f JOIN dim_user u ON f.user_id = u.id WHERE f.competence_id = (SELECT id FROM dim_competence WHERE nom = 'Utiliser des reprises') GROUP BY tranche_age ORDER BY tranche_age;","Les scores moyens sont respectivement de 68%, 71% et 65% pour les tranches <25 ans, 25-40 ans, et >40 ans. La tranche 25-40 ans semble mieux maîtriser cette compétence de cohésion textuelle."
1009,individual,1252,parcours & complétion,abandon,Combien d'évaluations l'étudiant 1252 a-t-il abandonnées (non soumises) pour la compétence 'Enchaîner les phrases' ?,SELECT COUNT(*) AS evaluations_abandonnees FROM fact_evaluation_results WHERE user_id = 1252 AND competence_id = (SELECT id FROM dim_competence WHERE nom = 'Enchaîner les phrases') AND abandonne = TRUE;,L'étudiant a abandonné 2 évaluations sur 8 tentatives (taux d'abandon de 25%). Ce comportement peut indiquer des difficultés de persévérance face à des exercices perçus comme complexes.
1010,group,,engagement & comportement,niveau_d_activite,Quel est le temps total moyen passé par les membres du groupe 'Projet' sur les activités de la compétence 'Organiser ses textes' ?,"SELECT ROUND(AVG(temps_passe_minutes), 2) AS temps_moyen_minutes FROM fact_evaluation_results f JOIN dim_user u ON f.user_id = u.id WHERE u.profil LIKE '%Projet%' AND f.competence_id = (SELECT id FROM dim_competence WHERE nom = 'Organiser ses textes');","Le temps moyen est de 45 minutes par activité, supérieur de 50% à la moyenne générale. Cela reflète l'effort important consenti par ce groupe sur des tâches de structuration textuelle."
1011,global,,difficultés & obstacles,compétences_faibles,Quelles sont les 3 compétences ayant le plus faible taux de réussite (score ≥70%) parmi tous les apprenants ?,"SELECT c.nom, ROUND((COUNT(CASE WHEN f.score >= 70 THEN 1 END) * 100.0 / COUNT(*)), 2) AS taux_reussite FROM fact_evaluation_results f JOIN dim_competence c ON f.competence_id = c.id GROUP BY c.id, c.nom ORDER BY taux_reussite ASC LIMIT 3;","Les compétences 'Maîtriser l'orthographe grammaticale' (45%), 'Organiser ses textes' (48%) et 'Enchaîner les phrases' (52%) présentent les taux de réussite les plus bas. Elles constituent des axes prioritaires de remédiation."
1012,individual,1252,analyse comparative,classement_utilisateurs,Quel est le classement (rang) de l'étudiant 1252 selon son score moyen pour la compétence 'Jouer avec les effets de style' parmi les apprenants de son groupe ?,"SELECT position FROM (SELECT user_id, ROUND(AVG(score), 2) AS score_moyen, ROW_NUMBER() OVER (ORDER BY AVG(score) DESC) AS position FROM fact_evaluation_results WHERE competence_id = (SELECT id FROM dim_competence WHERE nom = 'Jouer avec les effets de style') AND user_id IN (SELECT id FROM dim_user WHERE profil = (SELECT profil FROM dim_user WHERE id = 1252)) GROUP BY user_id) AS classement WHERE user_id = 1252;",L'étudiant se classe 12ème sur 45 dans son groupe avec un score moyen de 78%. Cette position dans le premier quartile témoigne d'une bonne maîtrise des aspects stylistiques.
1013,group,,analyse causale,impact_pedagogique,Le taux d'erreur sur la compétence 'Déterminer les points de vue adoptés' est-il corrélé au nombre de tentatives chez les apprenants du groupe 'Débutant' ?,"SELECT ROUND(AVG(CASE WHEN score < 70 THEN 1 ELSE 0 END) * 100, 2) AS taux_erreur_moyen, ROUND(AVG(tentative), 2) AS nombre_moyen_tentatives FROM fact_evaluation_results f JOIN dim_user u ON f.user_id = u.id WHERE u.profil = 'Débutant' AND f.competence_id = (SELECT id FROM dim_competence WHERE nom = 'Déterminer les points de vue adoptés');","Le taux d'erreur moyen est de 55% pour une moyenne de 3,2 tentatives. La corrélation positive entre tentatives et erreurs suggère que les débutants butent de manière répétée sur les mêmes difficultés conceptuelles."
1014,global,,analyse temporelle,comparaison_temporelle,Le score global moyen a-t-il augmenté entre le premier et le second semestre de l'année en cours ?,"SELECT t.semestre, ROUND(AVG(f.score), 2) AS score_moyen_global FROM fact_evaluation_results f JOIN dim_time t ON f.time_id = t.id WHERE t.annee = EXTRACT('year' FROM CURRENT_DATE) AND t.semestre IN (1, 2) GROUP BY t.semestre ORDER BY t.semestre;","Le score moyen est passé de 66,5% au S1 à 69,8% au S2. Cette progression de 3,3 points indique une amélioration globale des apprentissages, probablement liée aux ajustements pédagogiques mis en œuvre."
1015,individual,1252,profil & segmentation,analyse_par_profil,Comment le score de l'étudiant 1252 sur 'Maîtriser les marques de la conjugaison' se compare-t-il à la moyenne de son profil 'Avancé' ?,"SELECT ROUND((SELECT AVG(score) FROM fact_evaluation_results WHERE user_id = 1252 AND competence_id = (SELECT id FROM dim_competence WHERE nom = 'Maîtriser les marques de la conjugaison')), 2) AS score_individuel, ROUND(AVG(f.score), 2) AS score_moyen_profil FROM fact_evaluation_results f JOIN dim_user u ON f.user_id = u.id WHERE u.profil = 'Avancé' AND f.competence_id = (SELECT id FROM dim_competence WHERE nom = 'Maîtriser les marques de la conjugaison');","Avec un score de 81%, l'étudiant surpasse la moyenne de son profil (74%). Cette performance le classe parmi les apprenants bien entraînés sur les aspects morphosyntaxiques de la conjugaison."
1016,group,,parcours & complétion,parcours_d_apprentissage,Combien d'apprenants du groupe 'Certification' ont validé l'ensemble des 14 compétences requises ?,SELECT COUNT(*) AS apprenants_complets FROM (SELECT user_id FROM fact_evaluation_results f JOIN dim_user u ON f.user_id = u.id WHERE u.profil = 'Certification' AND score >= 70 GROUP BY user_id HAVING COUNT(DISTINCT competence_id) = 14) AS complet;,Seulement 28 apprenants sur 210 (13%) ont validé les 14 compétences. Ce faible taux de complétion totale souligne l'exigence du parcours certification et la nécessité d'un accompagnement renforcé.
1017,global,,engagement & comportement,perseverance,Quel est le nombre moyen de tentatives par apprenant pour valider la compétence 'Articuler les termes entre eux' ?,"SELECT ROUND(AVG(nb_tentatives), 2) AS moyenne_tentatives FROM (SELECT user_id, COUNT(*) AS nb_tentatives FROM fact_evaluation_results WHERE competence_id = (SELECT id FROM dim_competence WHERE nom = 'Articuler les termes entre eux') GROUP BY user_id) AS stats;","La moyenne est de 4,3 tentatives par apprenant. Cette persévérance nécessaire pour valider une compétence complexe de syntaxe et de logique textuelle."
1018,individual,1252,difficultés & obstacles,identification_des_difficultes,"Sur quels types d'évaluation (quiz, rédaction, exercice interactif) l'étudiant 1252 obtient-il ses scores les plus faibles pour la compétence 'Utiliser des reprises' ?","SELECT a.type, ROUND(AVG(f.score), 2) AS score_moyen FROM fact_evaluation_results f JOIN dim_assessment a ON f.assessment_id = a.id WHERE f.user_id = 1252 AND f.competence_id = (SELECT id FROM dim_competence WHERE nom = 'Utiliser des reprises') GROUP BY a.type ORDER BY score_moyen ASC;","Les scores moyens sont de 65% en rédaction, 70% en exercice interactif et 75% en quiz. L'écart important en rédaction (-10 points) révèle une difficulté à appliquer la compétence en contexte de production libre et complexe."
1019,group,,analyse descriptive & statistique,taux_d_erreurs,Quel est le taux d'erreur global (score < 50%) pour le groupe 'Intermédiaire' sur la compétence 'Maîtriser l'orthographe grammaticale' ?,"SELECT ROUND((COUNT(CASE WHEN score < 50 THEN 1 END) * 100.0 / COUNT(*)), 2) AS taux_erreur_global FROM fact_evaluation_results f JOIN dim_user u ON f.user_id = u.id WHERE u.profil = 'Intermédiaire' AND f.competence_id = (SELECT id FROM dim_competence WHERE nom = 'Maîtriser l''orthographe grammaticale');","Le taux d'erreur global est de 42%. Ce chiffre élevé confirme que l'orthographe grammaticale constitue un obstacle majeur, même pour des apprenants de niveau intermédiaire."
1020,global,,analyse comparative,comparaison_groupes,Le score moyen sur 'Comprendre les mots' diffère-t-il significativement entre les profils 'Débutant' et 'Avancé' ?,"SELECT u.profil, ROUND(AVG(f.score), 2) AS score_moyen, COUNT(DISTINCT f.user_id) AS effectif FROM fact_evaluation_results f JOIN dim_user u ON f.user_id = u.id WHERE f.competence_id = (SELECT id FROM dim_competence WHERE nom = 'Comprendre les mots') AND u.profil IN ('Débutant', 'Avancé') GROUP BY u.profil ORDER BY u.profil;",Les scores moyens sont de 61% pour les Débutants et de 83% pour les Avancés. Cet écart de 22 points illustre la progression attendue sur cette compétence lexicale fondamentale au fil du parcours.
1021,individual,1252,analyse temporelle,avant_apres,L'étudiant 1252 a-t-il amélioré son score entre sa première et sa dernière tentative sur la compétence 'Organiser ses textes' ?,"SELECT (SELECT score FROM fact_evaluation_results WHERE user_id = 1252 AND competence_id = (SELECT id FROM dim_competence WHERE nom = 'Organiser ses textes') ORDER BY date ASC LIMIT 1) AS premiere_tentative, (SELECT score FROM fact_evaluation_results WHERE user_id = 1252 AND competence_id = (SELECT id FROM dim_competence WHERE nom = 'Organiser ses textes') ORDER BY date DESC LIMIT 1) AS derniere_tentative;","Le score est passé de 48% à 71%. Cette progression de 23 points démontre une amélioration significative, caractéristique d'un apprenant persévérant qui surmonte progressivement des difficultés initiales importantes."
1022,group,,profil & segmentation,segmentation_socio_demographique,Existe-t-il un écart de performance entre les hommes et les femmes du groupe 'Intermédiaire' sur la compétence 'Construire ses phrases' ?,"SELECT u.demographie_genre, ROUND(AVG(f.score), 2) AS score_moyen FROM fact_evaluation_results f JOIN dim_user u ON f.user_id = u.id WHERE u.profil = 'Intermédiaire' AND f.competence_id = (SELECT id FROM dim_competence WHERE nom = 'Construire ses phrases') GROUP BY u.demographie_genre;",Les scores moyens sont de 67% pour les femmes et 65% pour les hommes. L'écart minime de 2 points ne suggère pas de différence significative liée au genre pour cette compétence syntaxique.
1023,global,,parcours & complétion,taux_de_completion,Quel pourcentage des apprenants inscrits a commencé mais n'a pas terminé (abandon) le parcours de la compétence 'Enchaîner les phrases' ?,"SELECT ROUND((COUNT(DISTINCT CASE WHEN f.score IS NULL THEN f.user_id END) * 100.0 / COUNT(DISTINCT f.user_id)), 2) AS taux_abandon FROM fact_evaluation_results f WHERE f.competence_id = (SELECT id FROM dim_competence WHERE nom = 'Enchaîner les phrases');","Le taux d'abandon est de 18%. Ce chiffre, bien qu'inquiétant, est en dessous de la moyenne des compétences complexes (25%), peut-être en raison de ressources pédagogiques plus engageantes spécifiques à cette compétence."
1024,individual,1252,engagement & comportement,temps_passe,Quel est le temps total que l'étudiant 1252 a consacré aux activités de la compétence 'Développer un vocabulaire étendu' ?,"SELECT ROUND(SUM(temps_passe_minutes)/60.0, 2) AS temps_total_heures FROM fact_evaluation_results WHERE user_id = 1252 AND competence_id = (SELECT id FROM dim_competence WHERE nom = 'Développer un vocabulaire étendu');","L'étudiant a investi 12,5 heures sur cette compétence. Cet investissement temporel important est cohérent avec la nature cumulative de l'acquisition lexicale."
1025,group,,analyse causale,facteurs_d_echec_reussite,Le nombre de vidéos visionnées est-il corrélé à un meilleur score sur la compétence 'Comprendre les mots' chez les débutants ?,"SELECT ROUND(AVG(f.score), 2) AS score_moyen, ROUND(AVG(e.nb_videos_vues), 2) AS videos_moyennes FROM fact_evaluation_results f JOIN fact_engagement e ON f.user_id = e.user_id JOIN dim_user u ON f.user_id = u.id WHERE u.profil = 'Débutant' AND f.competence_id = (SELECT id FROM dim_competence WHERE nom = 'Comprendre les mots');","Les apprenants ayant visionné en moyenne plus de 70% des vidéos ont un score de 68%, contre 52% pour ceux en ayant visionné moins de 30%. Cette corrélation positive souligne l'importance des ressources multimédias pour la compréhension lexicale."
1026,global,,difficultés & obstacles,compétences_faibles,"Quelle compétence présente le plus grand écart-type (dispersion) des scores, indiquant des niveaux de maîtrise très hétérogènes ?","SELECT c.nom, ROUND(STDDEV(f.score), 2) AS ecart_type FROM fact_evaluation_results f JOIN dim_competence c ON f.competence_id = c.id GROUP BY c.id, c.nom ORDER BY ecart_type DESC LIMIT 1;","La compétence 'Jouer avec les effets de style' présente l'écart-type le plus élevé (24,5 points). Cette forte dispersion reflète la variabilité des sensibilités stylistiques et créatives parmi les apprenants."
1027,individual,1252,analyse descriptive & statistique,resume_statistique,"Quels sont les scores minimum, maximum et moyen de l'étudiant 1252 sur l'ensemble de ses évaluations pour 'Maîtriser les modalités et types de phrases' ?","SELECT MIN(score) AS score_min, ROUND(AVG(score), 2) AS score_moy, MAX(score) AS score_max FROM fact_evaluation_results WHERE user_id = 1252 AND competence_id = (SELECT id FROM dim_competence WHERE nom = 'Maîtriser les modalités et types de phrases');","Ses scores vont de 55% à 92%, avec une moyenne de 76,5%. Cette amplitude importante (37 points) témoigne d'une performance irrégulière, peut-être liée à la diversité des types d'exercices ou à des variations de concentration."
1028,group,,analyse temporelle,evolution_dans_le_temps,Comment a évolué le taux de réussite (score≥70) hebdomadaire pour le groupe 'Projet' sur la compétence 'Organiser ses textes' durant les 4 dernières semaines ?,"SELECT t.semaine, ROUND((COUNT(CASE WHEN f.score >= 70 THEN 1 END) * 100.0 / COUNT(*)), 2) AS taux_reussite FROM fact_evaluation_results f JOIN dim_time t ON f.time_id = t.id JOIN dim_user u ON f.user_id = u.id WHERE u.profil LIKE '%Projet%' AND f.competence_id = (SELECT id FROM dim_competence WHERE nom = 'Organiser ses textes') AND t.semaine BETWEEN EXTRACT('week' FROM CURRENT_DATE) - 4 AND EXTRACT('week' FROM CURRENT_DATE) GROUP BY t.semaine ORDER BY t.semaine;","Le taux de réussite est passé de 40% à 65% sur la période. Cette nette amélioration coïncide avec l'introduction d'un module de tutorat dédié, suggérant son efficacité."
1029,global,,engagement & comportement,frequence,Quelle est la fréquence moyenne des tentatives d'évaluation (par semaine) pour la compétence 'Articuler les termes entre eux' parmi les apprenants actifs ?,"SELECT ROUND(AVG(tentatives_par_semaine), 2) AS frequence_moyenne FROM (SELECT user_id, COUNT(*) / COUNT(DISTINCT time_id) AS tentatives_par_semaine FROM fact_evaluation_results WHERE competence_id = (SELECT id FROM dim_competence WHERE nom = 'Articuler les termes entre eux') GROUP BY user_id) AS freq;","La fréquence moyenne est de 1,8 tentative par semaine. Ce rythme soutenu indique un engagement régulier des apprenants sur cette compétence perçue comme centrale et exigeante."
1030,individual,1252,parcours & complétion,progression_ou_stagnation,L'étudiant 1252 a-t-il stagné (score constant à ±5%) ou progressé sur ses 3 dernières tentatives pour 'Utiliser des reprises' ?,"SELECT score, date FROM fact_evaluation_results WHERE user_id = 1252 AND competence_id = (SELECT id FROM dim_competence WHERE nom = 'Utiliser des reprises') ORDER BY date DESC LIMIT 3;","Les scores sont de 68%, 70%, et 72%. Cette légère progression ascendante (+4 points sur 3 tentatives) indique une amélioration lente mais constante, sans stagnation notable."
1031,group,,analyse comparative,comparer_competences,Quelle est la compétence la plus validée (score≥70) et la moins validée parmi les apprenants du groupe 'Certification' ?,"SELECT c.nom, ROUND((COUNT(CASE WHEN f.score >= 70 THEN 1 END) * 100.0 / COUNT(*)), 2) AS taux_validation FROM fact_evaluation_results f JOIN dim_competence c ON f.competence_id = c.id JOIN dim_user u ON f.user_id = u.id WHERE u.profil = 'Certification' GROUP BY c.id, c.nom ORDER BY taux_validation DESC;","La compétence 'Comprendre les mots' est la plus validée (88%), tandis que 'Maîtriser l'orthographe grammaticale' est la moins validée (42%). Cet écart de 46 points souligne le défi persistant de l'orthographe chez des apprenants pourtant avancés."
1032,global,,profil & segmentation,analyse_par_profil,"Le temps passé sur les activités diffère-t-il significativement entre les profils 'Débutant', 'Intermédiaire' et 'Avancé' ?","SELECT u.profil, ROUND(AVG(f.temps_passe_minutes), 2) AS temps_moyen_activite FROM fact_evaluation_results f JOIN dim_user u ON f.user_id = u.id GROUP BY u.profil ORDER BY u.profil;","Les temps moyens sont de 38 min (Débutant), 32 min (Intermédiaire) et 28 min (Avancé). La diminution progressive avec le niveau suggère une automatisation des compétences et une plus grande efficacité cognitive."
1033,individual,1252,difficultés & obstacles,identification_des_difficultes,Pour quelle sous-compétence (élément de connaissance) l'étudiant 1252 a-t-il le score le plus faible dans le cadre de 'Maîtriser l'orthographe des mots' ?,"SELECT ke.nom, ROUND(AVG(f.score), 2) AS score_moyen FROM fact_evaluation_results f JOIN dim_knowledge_element ke ON f.knowledge_element_id = ke.id WHERE f.user_id = 1252 AND f.competence_id = (SELECT id FROM dim_competence WHERE nom = 'Maîtriser l''orthographe des mots') GROUP BY ke.id, ke.nom ORDER BY score_moyen ASC LIMIT 1;",La sous-compétence 'Accord des adjectifs de couleur' présente son score le plus bas (55%). Cette difficulté ciblée justifie un entraînement spécifique sur cette règle orthographique précise.
1034,group,,engagement & comportement,timing_de_demarrage,Combien de jours en avance en moyenne les apprenants du groupe 'Projet' commencent-ils leurs révisions avant une évaluation sommative sur 'Organiser ses textes' ?,"SELECT ROUND(AVG(DATEDIFF(day, e.date_debut_revision, a.date_evaluation)), 2) AS jours_moyen_avance FROM fact_engagement e JOIN dim_assessment a ON e.assessment_id = a.id JOIN dim_user u ON e.user_id = u.id WHERE u.profil LIKE '%Projet%' AND a.type = 'evaluation_sommative' AND e.competence_id = (SELECT id FROM dim_competence WHERE nom = 'Organiser ses textes');","La moyenne est de 2,1 jours. Ce délai court caractérise un comportement 'Effort concentré avant les échéances', potentiellement moins efficace qu'un travail régulier espacé."
1035,global,,analyse causale,facteurs_d_echec_reussite,Le score à l'évaluation initiale (diagnostique) est-il un bon prédicteur du score final pour la compétence 'Construire ses phrases' ?,"SELECT ROUND(CORR(score_initial, score_final), 3) AS correlation FROM (SELECT user_id, (SELECT score FROM fact_evaluation_results WHERE user_id = r.user_id AND competence_id = r.competence_id ORDER BY date ASC LIMIT 1) AS score_initial, (SELECT score FROM fact_evaluation_results WHERE user_id = r.user_id AND competence_id = r.competence_id ORDER BY date DESC LIMIT 1) AS score_final FROM fact_evaluation_results r WHERE competence_id = (SELECT id FROM dim_competence WHERE nom = 'Construire ses phrases') GROUP BY user_id, competence_id) AS scores;","La corrélation est de 0,65, indiquant une relation modérément forte. Un score diagnostique faible n'implique donc pas systématiquement un échec final, grâce à l'effet potentiel de l'apprentissage."
1036,individual,1252,analyse temporelle,evolution_dans_le_temps,"Sur les 6 derniers mois, comment a évolué le score mensuel de l'étudiant 1252 pour la compétence 'Déterminer les points de vue adoptés' ?","SELECT t.mois, ROUND(AVG(f.score), 2) AS score_moyen FROM fact_evaluation_results f JOIN dim_time t ON f.time_id = t.id WHERE f.user_id = 1252 AND f.competence_id = (SELECT id FROM dim_competence WHERE nom = 'Déterminer les points de vue adoptés') AND t.date >= DATEADD('month', -6, CURRENT_DATE) GROUP BY t.mois ORDER BY t.mois;","Les scores mensuels sont stables autour de 75-78%, sans tendance marquée à la hausse ou à la baisse. Cela suggère une maîtrise consolidée mais un plafonnement possible."
1037,group,,parcours & complétion,taux_de_completion,Quel pourcentage des apprenants du groupe 'Intermédiaire' ont terminé le module vidéo associé à la compétence 'Utiliser des reprises' ?,"SELECT ROUND((COUNT(DISTINCT e.user_id) * 100.0 / COUNT(DISTINCT u.id)), 2) AS taux_completion_video FROM dim_user u LEFT JOIN fact_engagement e ON u.id = e.user_id AND e.activity_type = 'video' AND e.competence_id = (SELECT id FROM dim_competence WHERE nom = 'Utiliser des reprises') WHERE u.profil = 'Intermédiaire' AND e.completed = TRUE;",Seuls 55% des intermédiaires ont terminé le module vidéo. Ce taux relativement bas pour une ressource clé peut expliquer en partie les difficultés rencontrées sur cette compétence.
1038,global,,analyse descriptive & statistique,niveau_global_de_performance,Quel est le score médian (et non moyen) pour l'ensemble des évaluations de la compétence 'Enchaîner les phrases' ?,SELECT PERCENTILE_CONT(0.5) WITHIN GROUP (ORDER BY score) AS score_median FROM fact_evaluation_results WHERE competence_id = (SELECT id FROM dim_competence WHERE nom = 'Enchaîner les phrases');,"Le score médian est de 60%, inférieur à la moyenne (65%). Cela indique que la distribution des scores est asymétrique, avec une majorité d'apprenants en dessous de la moyenne, tirée vers le haut par une minorité performante."
1039,individual,1252,analyse comparative,classement_utilisateurs,Quel est le rang centile de l'étudiant 1252 pour la compétence 'Jouer avec les effets de style' parmi tous les apprenants actifs ?,"SELECT ROUND((RANK() OVER (ORDER BY score_moyen DESC) - 1) * 100.0 / COUNT(*) OVER (), 2) AS rang_centile FROM (SELECT user_id, AVG(score) AS score_moyen FROM fact_evaluation_results WHERE competence_id = (SELECT id FROM dim_competence WHERE nom = 'Jouer avec les effets de style') GROUP BY user_id) AS classement WHERE user_id = 1252;","L'étudiant se situe au 85e centile. Cela signifie qu'il surpasse 85% des apprenants, confirmant son aisance particulière dans les aspects créatifs et stylistiques de l'écriture."
1040,group,,difficultés & obstacles,identification_des_difficultes,"Pour la compétence 'Maîtriser l'orthographe grammaticale', quelle est la règle (élément de connaissance) avec le taux d'erreur le plus élevé chez les débutants ?","SELECT ke.nom, ROUND((COUNT(CASE WHEN f.score < 50 THEN 1 END) * 100.0 / COUNT(*)), 2) AS taux_erreur FROM fact_evaluation_results f JOIN dim_knowledge_element ke ON f.knowledge_element_id = ke.id JOIN dim_user u ON f.user_id = u.id WHERE u.profil = 'Débutant' AND f.competence_id = (SELECT id FROM dim_competence WHERE nom = 'Maîtriser l''orthographe grammaticale') GROUP BY ke.id, ke.nom ORDER BY taux_erreur DESC LIMIT 1;",La règle 'Accord du participe passé avec auxiliaire avoir' présente un taux d'erreur de 78%. Cette difficulté massive justifie une refonte pédagogique de son enseignement pour les débutants.
1041,global,,engagement & comportement,productivite,Combien d'activités en moyenne un apprenant complète-t-il par semaine sur l'ensemble de la plateforme ?,"SELECT ROUND(AVG(nb_activites), 2) AS activites_moyennes_semaine FROM (SELECT user_id, COUNT(*) / COUNT(DISTINCT time_id) AS nb_activites FROM fact_evaluation_results GROUP BY user_id) AS stats;","La moyenne est de 5,2 activités par semaine. Ce chiffre, combiné à un temps moyen de 25 min par activité, suggère un investissement global d'environ 2 heures par semaine, conforme aux recommandations du parcours."
1042,individual,1252,profil & segmentation,analyse_par_profil,Comment le temps passé par l'étudiant 1252 sur les quiz se compare-t-il à la moyenne de son groupe 'Avancé' ?,"SELECT ROUND((SELECT AVG(temps_passe_minutes) FROM fact_evaluation_results WHERE user_id = 1252 AND assessment_id IN (SELECT id FROM dim_assessment WHERE type = 'quiz')), 2) AS temps_individuel, ROUND(AVG(f.temps_passe_minutes), 2) AS temps_moyen_groupe FROM fact_evaluation_results f JOIN dim_user u ON f.user_id = u.id WHERE u.profil = 'Avancé' AND f.assessment_id IN (SELECT id FROM dim_assessment WHERE type = 'quiz');","L'étudiant utilise 22 min/quiz contre 18 min pour la moyenne de son groupe. Ce temps supérieur de 22% peut indiquer une plus grande minutie ou, au contraire, des difficultés de rapidité."
1043,group,,analyse causale,impact_pedagogique,L'introduction d'un forum de discussion dédié a-t-elle amélioré les scores sur la compétence 'Déterminer les points de vue adoptés' pour le groupe 'Intermédiaire' ?,"SELECT 'Avant forum' AS periode, ROUND(AVG(score), 2) AS score_moyen FROM fact_evaluation_results f JOIN dim_time t ON f.time_id = t.id JOIN dim_user u ON f.user_id = u.id WHERE u.profil = 'Intermédiaire' AND f.competence_id = (SELECT id FROM dim_competence WHERE nom = 'Déterminer les points de vue adoptés') AND t.date < '2023-09-01' UNION ALL SELECT 'Après forum' AS periode, ROUND(AVG(score), 2) AS score_moyen FROM fact_evaluation_results f JOIN dim_time t ON f.time_id = t.id JOIN dim_user u ON f.user_id = u.id WHERE u.profil = 'Intermédiaire' AND f.competence_id = (SELECT id FROM dim_competence WHERE nom = 'Déterminer les points de vue adoptés') AND t.date >= '2023-09-01';",Le score moyen est passé de 66% à 73% après l'introduction du forum. Cette hausse de 7 points suggère un impact positif des interactions sociales sur la compréhension des notions abstraites de point de vue.
1044,global,,analyse temporelle,comparaison_temporelle,Comment le taux de validation global (score≥70) a-t-il évolué d'une année sur l'autre ?,"SELECT t.annee, ROUND((COUNT(CASE WHEN f.score >= 70 THEN 1 END) * 100.0 / COUNT(*)), 2) AS taux_validation_global FROM fact_evaluation_results f JOIN dim_time t ON f.time_id = t.id GROUP BY t.annee ORDER BY t.annee DESC LIMIT 2;",Le taux est passé de 58% l'an dernier à 63% cette année. Cette amélioration de 5 points peut être attribuée aux optimisations continues de la plateforme et des ressources pédagogiques.
1045,individual,1252,parcours & complétion,abandon,"L'étudiant 1252 a-t-il abandonné des parcours certifiants, et si oui, à quel stade (en % de complétion) ?","SELECT cc.nom, ROUND((cc.progression * 100.0), 2) AS pourcentage_completion_abandon FROM dim_certification_candidate cc WHERE cc.user_id = 1252 AND cc.statut = 'abandonné';","L'étudiant a abandonné le parcours 'Rédaction Expert' à 65% de complétion. Cet abandon tardif, après un investissement important, peut signaler un découragement face à la difficulté des dernières évaluations ou des contraintes externes."
1046,group,,engagement & comportement,online_presence,Quelle est la durée moyenne de connexion quotidienne des apprenants du groupe 'Projet' pendant la période de rendu final ?,"SELECT ROUND(AVG(duree_minutes)/60.0, 2) AS heures_moyennes_connexion FROM fact_engagement WHERE activity_type = 'connexion' AND user_id IN (SELECT id FROM dim_user WHERE profil LIKE '%Projet%') AND date BETWEEN '2023-11-01' AND '2023-11-15';","La durée moyenne est de 3,2 heures par jour, soit le double de la moyenne habituelle. Cette intensification reflète un pic d'activité caractéristique des deadlines de projet, avec un comportement de 'travail concentré'."
1047,global,,analyse comparative,comparaison_groupes,Les apprenants qui participent aux discussions de forum ont-ils de meilleurs scores que les non-participants ?,"SELECT 'Participants forum' AS groupe, ROUND(AVG(f.score), 2) AS score_moyen FROM fact_evaluation_results f WHERE f.user_id IN (SELECT DISTINCT user_id FROM fact_engagement WHERE activity_type = 'forum') UNION ALL SELECT 'Non-participants' AS groupe, ROUND(AVG(f.score), 2) AS score_moyen FROM fact_evaluation_results f WHERE f.user_id NOT IN (SELECT DISTINCT user_id FROM fact_engagement WHERE activity_type = 'forum');",Les participants ont un score moyen de 71% contre 64% pour les non-participants. Cet écart de 7 points soutient l'hypothèse selon laquelle l'apprentissage collaboratif améliore les résultats individuels.
1048,individual,1252,difficultés & obstacles,identification_des_difficultes,Sur quel type d'erreur (TEC ou TEG) l'étudiant 1252 a-t-il le taux le plus élevé en orthographe ?,"SELECT ROUND((SUM(CASE WHEN type_erreur = 'TEC' THEN 1 ELSE 0 END) * 100.0 / COUNT(*)), 2) AS taux_TEC, ROUND((SUM(CASE WHEN type_erreur = 'TEG' THEN 1 ELSE 0 END) * 100.0 / COUNT(*)), 2) AS taux_TEG FROM fact_evaluation_details WHERE user_id = 1252 AND competence_id IN (SELECT id FROM dim_competence WHERE nom LIKE '%orthographe%');","Le taux d'erreur grammaticale (TEG) est de 40%, contre 15% pour le lexical (TEC). Cette dominance des erreurs grammaticales est typique des apprenants de niveau intermédiaire à avancé, pour lesquels l'orthographe d'usage est mieux maîtrisée que les accords."
1049,group,,profil & segmentation,segmentation_socio_demographique,Y a-t-il une différence de taux de complétion entre les apprenants de moins de 25 ans et ceux de plus de 40 ans pour les parcours certifiants ?,"SELECT CASE WHEN u.demographie_age < 25 THEN 'Moins de 25 ans' WHEN u.demographie_age > 40 THEN 'Plus de 40 ans' END AS tranche_age, ROUND((COUNT(CASE WHEN cc.statut = 'certifié' THEN 1 END) * 100.0 / COUNT(*)), 2) AS taux_certification FROM dim_certification_candidate cc JOIN dim_user u ON cc.user_id = u.id WHERE u.demographie_age < 25 OR u.demographie_age > 40 GROUP BY tranche_age;",Le taux de certification est de 35% pour les moins de 25 ans contre 45% pour les plus de 40 ans. Cette différence inattendue (les plus âgés réussissent mieux) pourrait s'expliquer par une plus grande motivation intrinsèque ou une meilleure gestion du temps chez ces derniers.
